time,loaded,inserted,running,waiting,ended,arrived,collisions,teleports,halting,stopped,meanWaitingTime,meanTravelTime,meanSpeed,meanSpeedRelative,discarded,duration
0.0,9,7,7,2,0,0,0,0,0,0,0.00,-1.00,13.22,0.95,0,0
1.0,9,8,8,1,0,0,0,0,0,0,0.12,-1.00,12.54,0.90,0,0
2.0,9,8,8,1,0,0,0,0,0,0,0.12,-1.00,12.46,0.90,0,0
3.0,9,9,9,0,0,0,0,0,0,0,0.44,-1.00,11.91,0.86,0,0
4.0,9,9,9,0,0,0,0,0,0,0,0.44,-1.00,12.2,0.88,0,0
5.0,9,9,9,0,0,0,0,0,0,0,0.44,-1.00,12.29,0.88,0,0
6.0,9,9,9,0,0,0,0,0,0,0,0.44,-1.00,12.33,0.89,0,0
7.0,9,9,9,0,0,0,0,0,0,0,0.44,-1.00,12.34,0.89,0,0
8.0,9,9,9,0,0,0,0,0,0,0,0.44,-1.00,12.75,0.92,0,0
9.0,9,9,9,0,0,0,0,0,0,0,0.44,-1.00,12.57,0.90,0,0
10.0,9,9,9,0,0,0,0,0,0,0,0.44,-1.00,12.82,0.92,0,0
11.0,9,9,9,0,0,0,0,0,0,0,0.44,-1.00,12.68,0.91,0,0
12.0,11,11,11,0,0,0,0,0,0,0,0.36,-1.00,12.61,0.91,0,0
13.0,11,11,11,0,0,0,0,0,0,0,0.36,-1.00,12.46,0.90,0,0
14.0,11,11,11,0,0,0,0,0,0,0,0.36,-1.00,12.69,0.91,0,0
15.0,13,13,13,0,0,0,0,0,0,0,0.31,-1.00,12.74,0.92,0,0
16.0,13,13,13,0,0,0,0,0,0,0,0.31,-1.00,12.7,0.91,0,0
17.0,13,13,13,0,0,0,0,0,0,0,0.31,-1.00,12.75,0.92,0,0
18.0,13,13,13,0,0,0,0,0,0,0,0.31,-1.00,12.71,0.91,0,0
19.0,13,13,13,0,0,0,0,0,0,0,0.31,-1.00,12.76,0.92,0,0
20.0,13,13,13,0,0,0,0,0,0,0,0.31,-1.00,12.5,0.90,0,0
21.0,13,13,13,0,0,0,0,0,0,0,0.31,-1.00,11.78,0.85,0,0
22.0,13,13,13,0,0,0,0,0,0,0,0.31,-1.00,10.32,0.74,0,0
23.0,13,13,13,0,0,0,0,0,0,0,0.31,-1.00,8.14,0.59,0,0
24.0,15,15,15,0,0,0,0,0,3,0,0.27,-1.00,7.55,0.54,0,1
25.0,15,15,15,0,0,0,0,0,3,0,0.27,-1.00,6.52,0.47,0,0
26.0,15,15,15,0,0,0,0,0,3,0,0.27,-1.00,5.93,0.43,0,0
27.0,15,15,15,0,0,0,0,0,2,0,0.27,-1.00,6.25,0.45,0,0
28.0,15,15,15,0,0,0,0,0,3,0,0.27,-1.00,6.62,0.48,0,0
29.0,15,15,15,0,0,0,0,0,3,0,0.27,-1.00,7.13,0.51,0,0
30.0,17,17,17,0,0,0,0,0,3,0,0.24,-1.00,8.27,0.59,0,0
31.0,17,17,17,0,0,0,0,0,4,0,0.24,-1.00,8.52,0.61,0,0
32.0,17,17,17,0,0,0,0,0,4,0,0.24,-1.00,8.77,0.63,0,0
33.0,17,17,17,0,0,0,0,0,4,0,0.24,-1.00,9.26,0.67,0,0
34.0,17,17,17,0,0,0,0,0,4,0,0.24,-1.00,9.14,0.66,0,0
35.0,17,17,17,0,0,0,0,0,4,0,0.24,-1.00,8.89,0.64,0,0
36.0,19,19,19,0,0,0,0,0,4,0,0.21,-1.00,9.02,0.65,0,0
37.0,19,19,19,0,0,0,0,0,4,0,0.21,-1.00,8.87,0.64,0,0
38.0,19,19,19,0,0,0,0,0,5,0,0.21,-1.00,8.74,0.63,0,0
39.0,19,19,19,0,0,0,0,0,5,0,0.21,-1.00,8.45,0.61,0,0
40.0,19,19,19,0,0,0,0,0,5,0,0.21,-1.00,8.67,0.62,0,0
41.0,19,19,19,0,0,0,0,0,4,0,0.21,-1.00,8.75,0.63,0,0
42.0,19,19,19,0,0,0,0,0,5,0,0.21,-1.00,9.1,0.65,0,0
43.0,19,19,19,0,0,0,0,0,5,0,0.21,-1.00,9.13,0.66,0,0
44.0,19,19,19,0,0,0,0,0,5,0,0.21,-1.00,9.13,0.66,0,0
45.0,21,21,21,0,0,0,0,0,5,0,0.19,-1.00,9.28,0.67,0,0
46.0,21,21,21,0,0,0,0,0,5,0,0.19,-1.00,8.89,0.64,0,1
47.0,21,21,21,0,0,0,0,0,5,0,0.19,-1.00,8.7,0.63,0,0
48.0,23,23,23,0,0,0,0,0,5,0,0.17,-1.00,9.03,0.65,0,0
49.0,23,23,22,0,1,1,0,0,6,0,0.17,49.00,8.72,0.63,0,0
50.0,23,23,22,0,1,1,0,0,7,0,0.17,49.00,8.93,0.64,0,0
51.0,23,23,22,0,1,1,0,0,7,0,0.17,49.00,8.75,0.63,0,0
52.0,23,23,21,0,2,2,0,0,7,0,0.17,50.50,8.26,0.59,0,0
53.0,23,23,20,0,3,3,0,0,7,0,0.17,51.33,7.59,0.55,0,0
54.0,23,23,20,0,3,3,0,0,7,0,0.17,51.33,7.41,0.53,0,0
55.0,23,23,19,0,4,4,0,0,8,0,0.17,52.00,6.69,0.48,0,0
56.0,23,23,19,0,4,4,0,0,9,0,0.17,52.00,6.77,0.49,0,1
57.0,23,23,19,0,4,4,0,0,9,0,0.17,52.00,6.62,0.48,0,0
58.0,23,23,19,0,4,4,0,0,9,0,0.17,52.00,6.37,0.46,0,0
59.0,23,23,19,0,4,4,0,0,9,0,0.17,52.00,6.03,0.43,0,0
60.0,29,28,22,1,6,6,0,0,9,0,0.14,51.67,6.52,0.47,0,0
61.0,29,29,23,0,6,6,0,0,9,0,0.17,51.67,6.37,0.46,0,0
62.0,29,29,22,0,7,7,0,0,11,0,0.17,51.00,5.99,0.43,0,0
63.0,29,29,22,0,7,7,0,0,8,0,0.17,51.00,6.19,0.45,0,1
64.0,29,29,22,0,7,7,0,0,6,0,0.17,51.00,6.61,0.48,0,0
65.0,29,29,22,0,7,7,0,0,4,0,0.17,51.00,6.91,0.50,0,0
66.0,29,29,22,0,7,7,0,0,3,0,0.17,51.00,7.2,0.52,0,0
67.0,29,29,22,0,7,7,0,0,3,0,0.17,51.00,7.05,0.51,0,0
68.0,29,29,21,0,8,8,0,0,3,0,0.17,53.12,6.63,0.48,0,0
69.0,29,29,21,0,8,8,0,0,4,0,0.17,53.12,6.59,0.47,0,0
70.0,29,29,21,0,8,8,0,0,5,0,0.17,53.12,6.7,0.48,0,0
71.0,29,29,21,0,8,8,0,0,5,0,0.17,53.12,6.69,0.48,0,0
72.0,31,31,23,0,8,8,0,0,5,0,0.16,53.12,7.61,0.55,0,0
73.0,31,31,23,0,8,8,0,0,5,0,0.16,53.12,7.69,0.55,0,0
74.0,31,31,23,0,8,8,0,0,5,0,0.16,53.12,7.83,0.56,0,0
75.0,33,33,25,0,8,8,0,0,5,0,0.15,53.12,8.42,0.61,0,0
76.0,33,33,25,0,8,8,0,0,5,0,0.15,53.12,8.51,0.61,0,0
77.0,33,33,25,0,8,8,0,0,5,0,0.15,53.12,8.96,0.64,0,0
78.0,33,33,25,0,8,8,0,0,5,0,0.15,53.12,9.06,0.65,0,0
79.0,33,33,25,0,8,8,0,0,5,0,0.15,53.12,9.3,0.67,0,0
80.0,33,33,25,0,8,8,0,0,5,0,0.15,53.12,9.32,0.67,0,0
81.0,33,33,25,0,8,8,0,0,5,0,0.15,53.12,9.43,0.68,0,0
82.0,33,33,25,0,8,8,0,0,5,0,0.15,53.12,9.23,0.66,0,0
83.0,33,33,25,0,8,8,0,0,5,0,0.15,53.12,9.11,0.66,0,1
84.0,35,35,27,0,8,8,0,0,5,0,0.14,53.12,9.01,0.65,0,0
85.0,35,35,27,0,8,8,0,0,6,0,0.14,53.12,8.37,0.60,0,0
86.0,35,35,27,0,8,8,0,0,6,0,0.14,53.12,8.07,0.58,0,0
87.0,35,35,27,0,8,8,0,0,7,0,0.14,53.12,7.95,0.57,0,0
88.0,35,35,26,0,9,9,0,0,7,0,0.14,57.00,7.86,0.57,0,0
89.0,35,35,26,0,9,9,0,0,7,0,0.14,57.00,8.13,0.58,0,0
90.0,40,39,30,1,9,9,0,0,7,0,0.13,57.00,9.08,0.65,0,0
91.0,40,39,30,1,9,9,0,0,8,0,0.13,57.00,9.07,0.65,0,1
92.0,40,40,30,0,10,10,0,0,8,0,0.17,59.30,9.07,0.65,0,0
93.0,40,40,28,0,12,12,0,0,8,0,0.17,63.92,8.93,0.64,0,0
94.0,40,40,27,0,13,13,0,0,8,0,0.17,64.38,8.57,0.62,0,0
95.0,40,40,26,0,14,14,0,0,8,0,0.17,64.86,7.82,0.56,0,0
96.0,42,42,28,0,14,14,0,0,8,0,0.17,64.86,7.75,0.56,0,0
97.0,42,42,27,0,15,15,0,0,8,0,0.17,64.60,7.24,0.52,0,0
98.0,42,42,27,0,15,15,0,0,10,0,0.17,64.60,7.37,0.53,0,0
99.0,42,42,27,0,15,15,0,0,10,0,0.17,64.60,7.37,0.53,0,0
100.0,42,42,26,0,16,16,0,0,10,0,0.17,63.81,7.46,0.54,0,0
101.0,42,42,26,0,16,16,0,0,10,0,0.17,63.81,7.56,0.54,0,0
102.0,42,42,25,0,17,17,0,0,10,0,0.17,63.94,7.57,0.54,0,0
103.0,42,42,24,0,18,18,0,0,10,0,0.17,63.44,7.38,0.53,0,0
104.0,42,42,24,0,18,18,0,0,10,0,0.17,63.44,7.48,0.54,0,0
105.0,44,44,26,0,18,18,0,0,10,0,0.16,63.44,7.75,0.56,0,0
106.0,44,44,26,0,18,18,0,0,10,0,0.16,63.44,7.39,0.53,0,0
107.0,44,44,26,0,18,18,0,0,10,0,0.16,63.44,7.19,0.52,0,0
108.0,46,46,28,0,18,18,0,0,10,0,0.15,63.44,7.52,0.54,0,0
109.0,46,46,28,0,18,18,0,0,10,0,0.15,63.44,7.27,0.52,0,0
110.0,46,46,27,0,19,19,0,0,10,0,0.15,62.74,6.82,0.49,0,0
111.0,46,46,27,0,19,19,0,0,10,0,0.15,62.74,6.61,0.48,0,0
112.0,46,46,26,0,20,20,0,0,10,0,0.15,62.20,5.99,0.43,0,0
113.0,46,46,26,0,20,20,0,0,11,0,0.15,62.20,5.95,0.43,0,0
114.0,46,46,26,0,20,20,0,0,12,0,0.15,62.20,5.82,0.42,0,0
115.0,46,46,26,0,20,20,0,0,14,0,0.15,62.20,5.75,0.41,0,0
116.0,46,46,26,0,20,20,0,0,14,0,0.15,62.20,5.89,0.42,0,0
117.0,46,46,26,0,20,20,0,0,11,0,0.15,62.20,6.01,0.43,0,1
118.0,46,46,25,0,21,21,0,0,9,0,0.15,64.86,6.02,0.43,0,0
119.0,46,46,25,0,21,21,0,0,7,0,0.15,64.86,6.02,0.43,0,0
120.0,52,51,30,1,21,21,0,0,5,0,0.14,64.86,7.44,0.54,0,0
121.0,52,52,30,0,22,22,0,0,4,0,0.15,64.14,7.72,0.56,0,0
122.0,52,52,30,0,22,22,0,0,4,0,0.15,64.14,8.14,0.59,0,1
123.0,52,52,30,0,22,22,0,0,4,0,0.15,64.14,8.55,0.62,0,0
124.0,52,52,29,0,23,23,0,0,4,0,0.15,63.61,8.64,0.62,0,0
125.0,52,52,29,0,23,23,0,0,4,0,0.15,63.61,8.81,0.63,0,0
126.0,52,52,29,0,23,23,0,0,4,0,0.15,63.61,9.27,0.67,0,0
127.0,52,52,29,0,23,23,0,0,4,0,0.15,63.61,9.33,0.67,0,0
128.0,52,52,29,0,23,23,0,0,4,0,0.15,63.61,9.64,0.69,0,0
129.0,52,52,29,0,23,23,0,0,4,0,0.15,63.61,9.68,0.70,0,0
130.0,52,52,29,0,23,23,0,0,4,0,0.15,63.61,9.44,0.68,0,0
131.0,52,52,29,0,23,23,0,0,5,0,0.15,63.61,9.47,0.68,0,1
132.0,54,54,29,0,25,25,0,0,5,0,0.15,62.36,9.62,0.69,0,0
133.0,54,54,29,0,25,25,0,0,6,0,0.15,62.36,9.57,0.69,0,0
134.0,54,54,29,0,25,25,0,0,6,0,0.15,62.36,9.61,0.69,0,0
135.0,56,56,31,0,25,25,0,0,6,0,0.14,62.36,10.13,0.73,0,0
136.0,56,56,30,0,26,26,0,0,6,0,0.14,61.73,9.9,0.71,0,0
137.0,56,56,30,0,26,26,0,0,6,0,0.14,61.73,9.91,0.71,0,0
138.0,56,56,30,0,26,26,0,0,6,0,0.14,61.73,9.99,0.72,0,0
139.0,56,56,30,0,26,26,0,0,6,0,0.14,61.73,10.06,0.72,0,0
140.0,56,56,30,0,26,26,0,0,6,0,0.14,61.73,10.03,0.72,0,0
141.0,56,56,30,0,26,26,0,0,5,0,0.14,61.73,9.76,0.70,0,0
142.0,56,56,30,0,26,26,0,0,5,0,0.14,61.73,9.47,0.68,0,0
143.0,56,56,29,0,27,27,0,0,5,0,0.14,63.63,8.93,0.64,0,0
144.0,58,58,31,0,27,27,0,0,6,0,0.14,63.63,8.88,0.64,0,0
145.0,58,58,30,0,28,28,0,0,6,0,0.14,65.46,8.43,0.61,0,0
146.0,58,58,29,0,29,29,0,0,7,0,0.14,66.69,8.23,0.59,0,0
147.0,58,58,28,0,30,30,0,0,9,0,0.14,67.87,7.97,0.57,0,1
148.0,58,58,27,0,31,31,0,0,9,0,0.14,68.52,7.86,0.57,0,0
149.0,58,58,26,0,32,32,0,0,10,0,0.14,68.69,7.75,0.56,0,0
150.0,60,60,28,0,32,32,0,0,10,0,0.13,68.69,8.15,0.59,0,0
151.0,60,60,26,0,34,34,0,0,10,0,0.13,69.12,7.59,0.55,0,0
152.0,60,60,26,0,34,34,0,0,10,0,0.13,69.12,7.5,0.54,0,0
153.0,60,60,23,0,37,37,0,0,7,0,0.13,69.41,7.04,0.51,0,0
154.0,60,60,23,0,37,37,0,0,5,0,0.13,69.41,7.34,0.53,0,0
155.0,60,60,22,0,38,38,0,0,4,0,0.13,69.29,6.87,0.49,0,0
156.0,62,62,24,0,38,38,0,0,3,0,0.13,69.29,7.35,0.53,0,0
157.0,62,62,23,0,39,39,0,0,3,0,0.13,69.18,6.94,0.50,0,0
158.0,62,62,23,0,39,39,0,0,4,0,0.13,69.18,6.97,0.50,0,0
159.0,62,62,23,0,39,39,0,0,5,0,0.13,69.18,7.34,0.53,0,0
160.0,62,62,22,0,40,40,0,0,5,0,0.13,68.83,7.53,0.54,0,0
161.0,62,62,22,0,40,40,0,0,5,0,0.13,68.83,7.64,0.55,0,0
162.0,62,62,22,0,40,40,0,0,5,0,0.13,68.83,7.78,0.56,0,0
163.0,62,62,22,0,40,40,0,0,5,0,0.13,68.83,8.1,0.58,0,1
164.0,62,62,22,0,40,40,0,0,5,0,0.13,68.83,8.07,0.58,0,0
165.0,64,64,24,0,40,40,0,0,5,0,0.12,68.83,8.55,0.61,0,0
166.0,64,64,24,0,40,40,0,0,5,0,0.12,68.83,8.59,0.62,0,0
167.0,64,64,24,0,40,40,0,0,5,0,0.12,68.83,8.52,0.61,0,0
168.0,66,66,26,0,40,40,0,0,5,0,0.12,68.83,8.93,0.64,0,0
169.0,66,66,25,0,41,41,0,0,5,0,0.12,69.80,9.0,0.65,0,0
170.0,66,66,24,0,42,42,0,0,5,0,0.12,69.33,8.98,0.65,0,0
171.0,66,66,24,0,42,42,0,0,5,0,0.12,69.33,8.92,0.64,0,0
172.0,66,66,24,0,42,42,0,0,5,0,0.12,69.33,8.83,0.64,0,1
173.0,66,66,24,0,42,42,0,0,5,0,0.12,69.33,8.83,0.64,0,0
174.0,66,66,24,0,42,42,0,0,6,0,0.12,69.33,8.8,0.63,0,0
175.0,66,66,24,0,42,42,0,0,6,0,0.12,69.33,8.95,0.64,0,0
176.0,66,66,24,0,42,42,0,0,6,0,0.12,69.33,8.88,0.64,0,0
177.0,66,66,24,0,42,42,0,0,7,0,0.12,69.33,8.77,0.63,0,0
178.0,66,66,24,0,42,42,0,0,7,0,0.12,69.33,8.55,0.62,0,0
179.0,66,66,22,0,44,44,0,0,7,0,0.12,70.09,7.59,0.55,0,0
180.0,75,73,29,2,44,44,0,0,7,0,0.11,70.09,8.99,0.65,0,0
181.0,75,74,29,1,45,45,0,0,7,0,0.12,70.42,8.67,0.62,0,1
182.0,75,74,28,1,46,46,0,0,7,0,0.12,70.50,8.74,0.63,0,0
183.0,75,75,28,0,47,47,0,0,7,0,0.16,70.60,8.66,0.62,0,0
184.0,75,75,28,0,47,47,0,0,7,0,0.16,70.60,8.48,0.61,0,0
185.0,75,75,28,0,47,47,0,0,7,0,0.16,70.60,8.47,0.61,0,0
186.0,75,75,28,0,47,47,0,0,7,0,0.16,70.60,8.25,0.59,0,0
187.0,75,75,28,0,47,47,0,0,7,0,0.16,70.60,8.22,0.59,0,0
188.0,75,75,28,0,47,47,0,0,8,0,0.16,70.60,8.39,0.60,0,0
189.0,75,75,27,0,48,48,0,0,9,0,0.16,70.56,7.99,0.57,0,0
190.0,75,75,26,0,49,49,0,0,9,0,0.16,70.55,7.78,0.56,0,1
191.0,75,75,26,0,49,49,0,0,9,0,0.16,70.55,7.56,0.54,0,0
192.0,77,77,27,0,50,50,0,0,9,0,0.16,70.34,7.7,0.55,0,0
193.0,77,77,27,0,50,50,0,0,9,0,0.16,70.34,7.65,0.55,0,0
194.0,77,77,25,0,52,52,0,0,9,0,0.16,69.79,7.35,0.53,0,0
195.0,79,79,27,0,52,52,0,0,9,0,0.15,69.79,8.08,0.58,0,0
196.0,79,79,26,0,53,53,0,0,9,0,0.15,69.45,8.03,0.58,0,0
197.0,79,79,26,0,53,53,0,0,9,0,0.15,69.45,8.21,0.59,0,0
198.0,79,79,26,0,53,53,0,0,9,0,0.15,69.45,8.31,0.60,0,1
199.0,79,79,26,0,53,53,0,0,9,0,0.15,69.45,8.27,0.60,0,0
200.0,79,79,26,0,53,53,0,0,9,0,0.15,69.45,8.17,0.59,0,0
201.0,79,79,26,0,53,53,0,0,9,0,0.15,69.45,7.38,0.53,0,0
202.0,79,79,26,0,53,53,0,0,9,0,0.15,69.45,6.36,0.46,0,0
203.0,79,79,26,0,53,53,0,0,10,0,0.15,69.45,5.46,0.39,0,0
204.0,81,81,28,0,53,53,0,0,11,0,0.15,69.45,5.7,0.41,0,0
205.0,81,81,27,0,54,54,0,0,12,0,0.15,69.07,5.25,0.38,0,0
206.0,81,81,26,0,55,55,0,0,13,0,0.15,68.73,4.88,0.35,0,0
207.0,81,81,26,0,55,55,0,0,12,0,0.15,68.73,5.42,0.39,0,1
208.0,81,81,26,0,55,55,0,0,10,0,0.15,68.73,5.92,0.43,0,0
209.0,81,81,26,0,55,55,0,0,8,0,0.15,68.73,6.39,0.46,0,0
210.0,83,83,28,0,55,55,0,0,6,0,0.14,68.73,7.37,0.53,0,0
211.0,83,83,28,0,55,55,0,0,4,0,0.14,68.73,7.86,0.57,0,0
212.0,83,83,28,0,55,55,0,0,4,0,0.14,68.73,8.17,0.59,0,0
213.0,83,83,28,0,55,55,0,0,3,0,0.14,68.73,8.51,0.61,0,0
214.0,83,83,28,0,55,55,0,0,2,0,0.14,68.73,8.97,0.65,0,0
215.0,83,83,28,0,55,55,0,0,2,0,0.14,68.73,9.0,0.65,0,0
216.0,85,85,30,0,55,55,0,0,2,0,0.14,68.73,9.62,0.69,0,1
217.0,85,85,29,0,56,56,0,0,3,0,0.14,68.38,9.76,0.70,0,0
218.0,85,85,28,0,57,57,0,0,4,0,0.14,68.05,10.03,0.72,0,0
219.0,85,85,28,0,57,57,0,0,4,0,0.14,68.05,10.28,0.74,0,0
220.0,85,85,28,0,57,57,0,0,4,0,0.14,68.05,10.41,0.75,0,0
221.0,85,85,28,0,57,57,0,0,4,0,0.14,68.05,10.35,0.74,0,0
222.0,85,85,28,0,57,57,0,0,4,0,0.14,68.05,10.44,0.75,0,0
223.0,85,85,28,0,57,57,0,0,4,0,0.14,68.05,10.5,0.76,0,0
224.0,85,85,28,0,57,57,0,0,4,0,0.14,68.05,10.62,0.76,0,0
225.0,87,87,30,0,57,57,0,0,4,0,0.14,68.05,10.62,0.76,0,0
226.0,87,87,30,0,57,57,0,0,4,0,0.14,68.05,10.26,0.74,0,0
227.0,87,87,30,0,57,57,0,0,5,0,0.14,68.05,10.27,0.74,0,0
228.0,89,89,29,0,60,60,0,0,5,0,0.13,67.05,10.24,0.74,0,0
229.0,89,89,29,0,60,60,0,0,6,0,0.13,67.05,10.16,0.73,0,0
230.0,89,89,29,0,60,60,0,0,6,0,0.13,67.05,10.32,0.74,0,0
231.0,89,89,29,0,60,60,0,0,5,0,0.13,67.05,10.2,0.73,0,0
232.0,89,89,29,0,60,60,0,0,5,0,0.13,67.05,9.91,0.71,0,1
233.0,89,89,27,0,62,62,0,0,5,0,0.13,68.53,9.43,0.68,0,0
234.0,89,89,27,0,62,62,0,0,6,0,0.13,68.53,9.3,0.67,0,0
235.0,89,89,26,0,63,63,0,0,7,0,0.13,69.03,9.15,0.66,0,0
236.0,89,89,26,0,63,63,0,0,7,0,0.13,69.03,8.76,0.63,0,0
237.0,89,89,24,0,65,65,0,0,7,0,0.13,70.26,8.22,0.59,0,0
238.0,89,89,24,0,65,65,0,0,7,0,0.13,70.26,8.01,0.58,0,0
239.0,89,89,22,0,67,67,0,0,7,0,0.13,70.82,7.34,0.53,0,0
240.0,95,94,27,1,67,67,0,0,7,0,0.13,70.82,8.68,0.62,0,1
241.0,95,95,26,0,69,69,0,0,9,0,0.14,70.97,8.16,0.59,0,0
242.0,95,95,25,0,70,70,0,0,9,0,0.14,70.84,8.15,0.59,0,0
243.0,95,95,25,0,70,70,0,0,6,0,0.14,70.84,8.38,0.60,0,0
244.0,95,95,24,0,71,71,0,0,4,0,0.14,70.54,8.4,0.60,0,0
245.0,95,95,23,0,72,72,0,0,2,0,0.14,70.46,8.61,0.62,0,0
246.0,95,95,23,0,72,72,0,0,2,0,0.14,70.46,8.83,0.64,0,0
247.0,95,95,22,0,73,73,0,0,2,0,0.14,70.40,8.49,0.61,0,0
248.0,95,95,21,0,74,74,0,0,2,0,0.14,70.32,8.03,0.58,0,0
249.0,95,95,21,0,74,74,0,0,2,0,0.14,70.32,8.11,0.58,0,0
250.0,95,95,21,0,74,74,0,0,3,0,0.14,70.32,8.12,0.58,0,0
251.0,95,95,20,0,75,75,0,0,4,0,0.14,70.13,7.78,0.56,0,0
252.0,97,97,22,0,75,75,0,0,4,0,0.13,70.13,8.24,0.59,0,0
253.0,97,97,22,0,75,75,0,0,4,0,0.13,70.13,8.72,0.63,0,0
254.0,97,97,22,0,75,75,0,0,4,0,0.13,70.13,9.11,0.66,0,0
255.0,99,99,24,0,75,75,0,0,4,0,0.13,70.13,9.51,0.68,0,0
256.0,99,99,24,0,75,75,0,0,4,0,0.13,70.13,9.57,0.69,0,0
257.0,99,99,24,0,75,75,0,0,4,0,0.13,70.13,10.09,0.73,0,1
258.0,99,99,24,0,75,75,0,0,4,0,0.13,70.13,10.19,0.73,0,0
259.0,99,99,23,0,76,76,0,0,4,0,0.13,70.25,10.36,0.74,0,0
260.0,99,99,23,0,76,76,0,0,4,0,0.13,70.25,10.17,0.73,0,0
261.0,99,99,23,0,76,76,0,0,4,0,0.13,70.25,9.62,0.69,0,0
262.0,99,99,23,0,76,76,0,0,4,0,0.13,70.25,8.67,0.62,0,0
263.0,99,99,23,0,76,76,0,0,5,0,0.13,70.25,8.12,0.58,0,0
264.0,101,101,25,0,76,76,0,0,6,0,0.13,70.25,8.23,0.59,0,0
265.0,101,101,25,0,76,76,0,0,6,0,0.13,70.25,8.15,0.59,0,0
266.0,101,101,25,0,76,76,0,0,8,0,0.13,70.25,8.08,0.58,0,0
267.0,101,101,25,0,76,76,0,0,8,0,0.13,70.25,8.18,0.59,0,0
268.0,101,101,24,0,77,77,0,0,8,0,0.13,70.32,8.19,0.59,0,1
269.0,101,101,23,0,78,78,0,0,8,0,0.13,70.56,8.1,0.58,0,0
270.0,106,105,26,1,79,79,0,0,8,0,0.12,70.66,8.84,0.64,0,0
271.0,106,105,26,1,79,79,0,0,8,0,0.12,70.66,8.85,0.64,0,0
272.0,106,106,26,0,80,80,0,0,8,0,0.14,70.62,8.93,0.64,0,0
273.0,106,106,25,0,81,81,0,0,8,0,0.14,70.60,8.74,0.63,0,0
274.0,106,106,25,0,81,81,0,0,8,0,0.14,70.60,8.53,0.61,0,0
275.0,106,106,25,0,81,81,0,0,8,0,0.14,70.60,8.01,0.58,0,0
276.0,108,108,25,0,83,83,0,0,9,0,0.14,70.35,7.55,0.54,0,1
277.0,108,108,25,0,83,83,0,0,9,0,0.14,70.35,7.37,0.53,0,0
278.0,108,108,25,0,83,83,0,0,10,0,0.14,70.35,7.13,0.51,0,0
279.0,108,108,24,0,84,84,0,0,10,0,0.14,70.12,6.77,0.49,0,0
280.0,108,108,24,0,84,84,0,0,10,0,0.14,70.12,6.82,0.49,0,0
281.0,108,108,23,0,85,85,0,0,10,0,0.14,69.92,6.5,0.47,0,0
282.0,108,108,23,0,85,85,0,0,10,0,0.14,69.92,6.67,0.48,0,0
283.0,108,108,23,0,85,85,0,0,10,0,0.14,69.92,6.83,0.49,0,0
284.0,108,108,23,0,85,85,0,0,10,0,0.14,69.92,6.91,0.50,0,0
285.0,110,110,25,0,85,85,0,0,10,0,0.14,69.92,7.46,0.54,0,1
286.0,110,110,25,0,85,85,0,0,10,0,0.14,69.92,7.24,0.52,0,0
287.0,110,110,25,0,85,85,0,0,10,0,0.14,69.92,7.15,0.51,0,0
288.0,112,112,26,0,86,86,0,0,10,0,0.13,69.66,7.19,0.52,0,0
289.0,112,112,26,0,86,86,0,0,10,0,0.13,69.66,6.77,0.49,0,0
290.0,112,112,26,0,86,86,0,0,10,0,0.13,69.66,6.33,0.46,0,0
291.0,112,112,26,0,86,86,0,0,10,0,0.13,69.66,5.8,0.42,0,0
292.0,112,112,26,0,86,86,0,0,12,0,0.13,69.66,5.49,0.40,0,0
293.0,112,112,25,0,87,87,0,0,13,0,0.13,69.47,5.09,0.37,0,1
294.0,112,112,25,0,87,87,0,0,14,0,0.13,69.47,5.23,0.38,0,0
295.0,112,112,25,0,87,87,0,0,14,0,0.13,69.47,5.13,0.37,0,0
296.0,112,112,25,0,87,87,0,0,14,0,0.13,69.47,5.32,0.38,0,0
297.0,112,112,25,0,87,87,0,0,11,0,0.13,69.47,5.6,0.40,0,0
298.0,112,112,25,0,87,87,0,0,9,0,0.13,69.47,5.6,0.40,0,0
299.0,112,112,25,0,87,87,0,0,7,0,0.13,69.47,5.79,0.42,0,0
300.0,118,117,30,1,87,87,0,0,5,0,0.13,69.47,7.18,0.52,0,1
301.0,118,118,31,0,87,87,0,0,3,0,0.14,69.47,7.47,0.54,0,0
302.0,118,118,31,0,87,87,0,0,4,0,0.14,69.47,7.77,0.56,0,0
303.0,118,118,31,0,87,87,0,0,4,0,0.14,69.47,8.36,0.60,0,0
304.0,118,118,30,0,88,88,0,0,4,0,0.14,69.27,8.63,0.62,0,0
305.0,118,118,30,0,88,88,0,0,4,0,0.14,69.27,9.08,0.65,0,0
306.0,118,118,30,0,88,88,0,0,4,0,0.14,69.27,9.59,0.69,0,0
307.0,118,118,30,0,88,88,0,0,4,0,0.14,69.27,9.67,0.70,0,1
308.0,118,118,30,0,88,88,0,0,4,0,0.14,69.27,9.98,0.72,0,0
309.0,118,118,30,0,88,88,0,0,4,0,0.14,69.27,10.02,0.72,0,0
310.0,118,118,29,0,89,89,0,0,4,0,0.14,69.15,9.87,0.71,0,0
311.0,118,118,29,0,89,89,0,0,4,0,0.14,69.15,9.73,0.70,0,0
312.0,120,120,30,0,90,90,0,0,5,0,0.13,68.91,9.97,0.72,0,0
313.0,120,120,30,0,90,90,0,0,6,0,0.13,68.91,10.02,0.72,0,0
314.0,120,120,30,0,90,90,0,0,6,0,0.13,68.91,10.02,0.72,0,0
315.0,122,122,32,0,90,90,0,0,6,0,0.13,68.91,10.29,0.74,0,1
316.0,122,122,32,0,90,90,0,0,6,0,0.13,68.91,10.33,0.74,0,0
317.0,122,122,31,0,91,91,0,0,6,0,0.13,68.74,10.35,0.74,0,0
318.0,122,122,31,0,91,91,0,0,6,0,0.13,68.74,10.33,0.74,0,0
319.0,122,122,30,0,92,92,0,0,6,0,0.13,68.52,10.33,0.74,0,0
320.0,122,122,30,0,92,92,0,0,6,0,0.13,68.52,10.14,0.73,0,0
321.0,122,122,30,0,92,92,0,0,5,0,0.13,68.52,9.88,0.71,0,0
322.0,122,122,30,0,92,92,0,0,5,0,0.13,68.52,9.41,0.68,0,0
323.0,122,122,29,0,93,93,0,0,5,0,0.13,69.00,9.02,0.65,0,0
324.0,124,124,30,0,94,94,0,0,7,0,0.13,69.48,9.04,0.65,0,1
325.0,124,124,29,0,95,95,0,0,8,0,0.13,69.80,8.65,0.62,0,0
326.0,124,124,28,0,96,96,0,0,8,0,0.13,70.12,8.36,0.60,0,0
327.0,124,124,26,0,98,98,0,0,9,0,0.13,70.47,8.05,0.58,0,0
328.0,124,124,26,0,98,98,0,0,9,0,0.13,70.47,8.01,0.58,0,0
329.0,124,124,25,0,99,99,0,0,10,0,0.13,70.51,7.81,0.56,0,0
330.0,126,126,26,0,100,100,0,0,10,0,0.13,70.69,8.09,0.58,0,0
331.0,126,126,25,0,101,101,0,0,10,0,0.13,70.59,7.7,0.55,0,1
332.0,126,126,24,0,102,102,0,0,10,0,0.13,70.66,7.24,0.52,0,0
333.0,126,126,23,0,103,103,0,0,7,0,0.13,70.58,6.97,0.50,0,0
334.0,126,126,23,0,103,103,0,0,5,0,0.13,70.58,6.99,0.50,0,0
335.0,126,126,23,0,103,103,0,0,3,0,0.13,70.58,7.0,0.50,0,0
336.0,128,128,24,0,104,104,0,0,3,0,0.12,70.39,7.24,0.52,0,0
337.0,128,128,23,0,105,105,0,0,3,0,0.12,70.34,6.98,0.50,0,0
338.0,128,128,23,0,105,105,0,0,4,0,0.12,70.34,7.16,0.52,0,0
339.0,128,128,23,0,105,105,0,0,5,0,0.12,70.34,7.66,0.55,0,1
340.0,128,128,22,0,106,106,0,0,5,0,0.12,70.20,7.64,0.55,0,0
341.0,128,128,22,0,106,106,0,0,5,0,0.12,70.20,7.89,0.57,0,0
342.0,128,128,22,0,106,106,0,0,5,0,0.12,70.20,8.24,0.59,0,0
343.0,128,128,22,0,106,106,0,0,5,0,0.12,70.20,8.34,0.60,0,0
344.0,128,128,22,0,106,106,0,0,5,0,0.12,70.20,8.71,0.63,0,0
345.0,130,130,24,0,106,106,0,0,5,0,0.12,70.20,9.0,0.65,0,0
346.0,130,130,23,0,107,107,0,0,5,0,0.12,70.53,8.87,0.64,0,0
347.0,130,130,23,0,107,107,0,0,5,0,0.12,70.53,9.0,0.65,0,0
348.0,132,132,25,0,107,107,0,0,5,0,0.12,70.53,9.29,0.67,0,0
349.0,132,132,24,0,108,108,0,0,5,0,0.12,70.33,9.19,0.66,0,1
350.0,132,132,24,0,108,108,0,0,5,0,0.12,70.33,9.17,0.66,0,0
351.0,132,132,24,0,108,108,0,0,5,0,0.12,70.33,9.13,0.66,0,0
352.0,132,132,24,0,108,108,0,0,5,0,0.12,70.33,9.0,0.65,0,0
353.0,132,132,24,0,108,108,0,0,6,0,0.12,70.33,9.0,0.65,0,0
354.0,132,132,24,0,108,108,0,0,7,0,0.12,70.33,9.06,0.65,0,0
355.0,132,132,24,0,108,108,0,0,7,0,0.12,70.33,9.08,0.65,0,0
356.0,132,132,24,0,108,108,0,0,7,0,0.12,70.33,9.24,0.66,0,0
357.0,132,132,24,0,108,108,0,0,7,0,0.12,70.33,9.08,0.65,0,0
358.0,132,132,23,0,109,109,0,0,7,0,0.12,70.50,8.41,0.60,0,0
359.0,132,132,22,0,110,110,0,0,7,0,0.12,70.61,8.01,0.58,0,0
360.0,141,139,28,2,111,111,0,0,7,0,0.12,70.73,9.11,0.66,0,0
361.0,141,140,29,1,111,111,0,0,7,0,0.12,70.73,9.09,0.65,0,0
362.0,141,140,28,1,112,112,0,0,7,0,0.12,70.76,9.05,0.65,0,0
363.0,141,141,28,0,113,113,0,0,7,0,0.14,70.80,9.22,0.66,0,1
364.0,141,141,28,0,113,113,0,0,7,0,0.14,70.80,9.15,0.66,0,0
365.0,141,141,27,0,114,114,0,0,7,0,0.14,70.75,8.86,0.64,0,0
366.0,141,141,26,0,115,115,0,0,7,0,0.14,70.70,8.68,0.62,0,0
367.0,141,141,26,0,115,115,0,0,8,0,0.14,70.70,8.41,0.60,0,0
368.0,141,141,25,0,116,116,0,0,8,0,0.14,70.58,8.3,0.60,0,0
369.0,141,141,25,0,116,116,0,0,9,0,0.14,70.58,8.18,0.59,0,0
370.0,141,141,25,0,116,116,0,0,9,0,0.14,70.58,7.94,0.57,0,0
371.0,141,141,24,0,117,117,0,0,9,0,0.14,70.48,7.74,0.56,0,0
372.0,143,143,26,0,117,117,0,0,9,0,0.14,70.48,8.18,0.59,0,1
373.0,143,143,25,0,118,118,0,0,9,0,0.14,70.30,7.9,0.57,0,0
374.0,143,143,24,0,119,119,0,0,9,0,0.14,70.13,7.65,0.55,0,0
375.0,145,145,26,0,119,119,0,0,9,0,0.14,70.13,7.98,0.57,0,0
376.0,145,145,26,0,119,119,0,0,9,0,0.14,70.13,7.97,0.57,0,0
377.0,145,145,26,0,119,119,0,0,9,0,0.14,70.13,8.21,0.59,0,0
378.0,145,145,26,0,119,119,0,0,9,0,0.14,70.13,8.21,0.59,0,0
379.0,145,145,26,0,119,119,0,0,9,0,0.14,70.13,7.86,0.57,0,0
380.0,145,145,26,0,119,119,0,0,9,0,0.14,70.13,7.54,0.54,0,1
381.0,145,145,26,0,119,119,0,0,10,0,0.14,70.13,6.6,0.47,0,0
382.0,145,145,26,0,119,119,0,0,11,0,0.14,70.13,5.65,0.41,0,0
383.0,145,145,26,0,119,119,0,0,12,0,0.14,70.13,4.81,0.35,0,0
384.0,147,147,28,0,119,119,0,0,12,0,0.14,70.13,5.19,0.37,0,0
385.0,147,147,26,0,121,121,0,0,13,0,0.14,69.78,4.75,0.34,0,0
386.0,147,147,26,0,121,121,0,0,15,0,0.14,69.78,4.85,0.35,0,0
387.0,147,147,26,0,121,121,0,0,12,0,0.14,69.78,5.25,0.38,0,0
388.0,147,147,26,0,121,121,0,0,10,0,0.14,69.78,5.75,0.41,0,0
389.0,147,147,26,0,121,121,0,0,8,0,0.14,69.78,6.22,0.45,0,0
390.0,149,149,28,0,121,121,0,0,6,0,0.13,69.78,7.25,0.52,0,0
391.0,149,149,28,0,121,121,0,0,4,0,0.13,69.78,7.69,0.55,0,0
392.0,149,149,28,0,121,121,0,0,3,0,0.13,69.78,8.13,0.58,0,0
393.0,149,149,28,0,121,121,0,0,3,0,0.13,69.78,8.23,0.59,0,0
394.0,149,149,28,0,121,121,0,0,2,0,0.13,69.78,8.42,0.61,0,0
395.0,149,149,28,0,121,121,0,0,2,0,0.13,69.78,8.59,0.62,0,0
396.0,151,151,30,0,121,121,0,0,3,0,0.13,69.78,9.2,0.66,0,0
397.0,151,151,29,0,122,122,0,0,3,0,0.13,69.61,9.41,0.68,0,1
398.0,151,151,29,0,122,122,0,0,4,0,0.13,69.61,9.88,0.71,0,0
399.0,151,151,29,0,122,122,0,0,4,0,0.13,69.61,10.1,0.73,0,0
400.0,151,151,29,0,122,122,0,0,4,0,0.13,69.61,10.38,0.75,0,0
401.0,151,151,29,0,122,122,0,0,4,0,0.13,69.61,10.3,0.74,0,0
402.0,151,151,29,0,122,122,0,0,4,0,0.13,69.61,10.4,0.75,0,0
403.0,151,151,29,0,122,122,0,0,4,0,0.13,69.61,10.57,0.76,0,0
404.0,151,151,29,0,122,122,0,0,4,0,0.13,69.61,10.48,0.75,0,0
405.0,153,153,31,0,122,122,0,0,4,0,0.13,69.61,10.47,0.75,0,0
406.0,153,153,30,0,123,123,0,0,4,0,0.13,69.51,10.22,0.74,0,1
407.0,153,153,29,0,124,124,0,0,5,0,0.13,69.33,9.99,0.72,0,0
408.0,155,155,30,0,125,125,0,0,5,0,0.13,69.16,10.16,0.73,0,0
409.0,155,155,30,0,125,125,0,0,6,0,0.13,69.16,10.17,0.73,0,0
410.0,155,155,30,0,125,125,0,0,6,0,0.13,69.16,10.12,0.73,0,0
411.0,155,155,29,0,126,126,0,0,5,0,0.13,69.02,9.98,0.72,0,0
412.0,155,155,29,0,126,126,0,0,5,0,0.13,69.02,9.97,0.72,0,0
413.0,155,155,28,0,127,127,0,0,5,0,0.13,69.36,9.57,0.69,0,0
414.0,155,155,27,0,128,128,0,0,6,0,0.13,69.71,9.52,0.68,0,0
415.0,155,155,26,0,129,129,0,0,6,0,0.13,69.95,9.19,0.66,0,1
416.0,155,155,26,0,129,129,0,0,6,0,0.13,69.95,9.13,0.66,0,0
417.0,155,155,25,0,130,130,0,0,7,0,0.13,70.19,8.66,0.62,0,0
418.0,155,155,23,0,132,132,0,0,7,0,0.13,70.68,8.24,0.59,0,0
419.0,155,155,21,0,134,134,0,0,7,0,0.13,70.84,7.82,0.56,0,0
420.0,161,160,26,1,134,134,0,0,8,0,0.12,70.84,8.96,0.64,0,0
421.0,161,161,25,0,136,136,0,0,8,0,0.13,70.81,8.61,0.62,0,0
422.0,161,161,25,0,136,136,0,0,8,0,0.13,70.81,8.66,0.62,0,0
423.0,161,161,23,0,138,138,0,0,5,0,0.13,70.59,8.48,0.61,0,0
424.0,161,161,23,0,138,138,0,0,3,0,0.13,70.59,8.77,0.63,0,0
425.0,161,161,23,0,138,138,0,0,2,0,0.13,70.59,8.91,0.64,0,0
426.0,161,161,22,0,139,139,0,0,2,0,0.13,70.55,8.91,0.64,0,0
427.0,161,161,22,0,139,139,0,0,2,0,0.13,70.55,8.74,0.63,0,0
428.0,161,161,21,0,140,140,0,0,2,0,0.13,70.51,8.61,0.62,0,0
429.0,161,161,21,0,140,140,0,0,2,0,0.13,70.51,8.53,0.61,0,0
430.0,161,161,21,0,140,140,0,0,2,0,0.13,70.51,8.43,0.61,0,0
431.0,161,161,21,0,140,140,0,0,3,0,0.13,70.51,8.46,0.61,0,0
432.0,163,163,22,0,141,141,0,0,4,0,0.13,70.41,9.01,0.65,0,1
433.0,163,163,22,0,141,141,0,0,4,0,0.13,70.41,9.11,0.66,0,0
434.0,163,163,22,0,141,141,0,0,4,0,0.13,70.41,9.43,0.68,0,0
435.0,165,165,24,0,141,141,0,0,4,0,0.13,70.41,9.94,0.72,0,0
436.0,165,165,23,0,142,142,0,0,4,0,0.13,70.45,9.93,0.71,0,0
437.0,165,165,23,0,142,142,0,0,4,0,0.13,70.45,10.01,0.72,0,0
438.0,165,165,23,0,142,142,0,0,4,0,0.13,70.45,10.2,0.73,0,0
439.0,165,165,23,0,142,142,0,0,4,0,0.13,70.45,10.49,0.75,0,0
440.0,165,165,23,0,142,142,0,0,4,0,0.13,70.45,10.39,0.75,0,0
441.0,165,165,23,0,142,142,0,0,4,0,0.13,70.45,9.71,0.70,0,0
442.0,165,165,23,0,142,142,0,0,4,0,0.13,70.45,8.89,0.64,0,0
443.0,165,165,23,0,142,142,0,0,4,0,0.13,70.45,7.93,0.57,0,0
444.0,167,167,25,0,142,142,0,0,5,0,0.13,70.45,8.12,0.58,0,0
445.0,167,167,25,0,142,142,0,0,6,0,0.13,70.45,8.06,0.58,0,0
446.0,167,167,25,0,142,142,0,0,7,0,0.13,70.45,8.2,0.59,0,0
447.0,167,167,25,0,142,142,0,0,8,0,0.13,70.45,8.39,0.60,0,0
448.0,167,167,24,0,143,143,0,0,8,0,0.13,70.49,8.28,0.60,0,0
449.0,167,167,22,0,145,145,0,0,8,0,0.13,70.66,7.88,0.57,0,0
450.0,172,171,26,1,145,145,0,0,8,0,0.12,70.66,8.77,0.63,0,0
451.0,172,171,26,1,145,145,0,0,8,0,0.12,70.66,8.81,0.63,0,0
452.0,172,172,25,0,147,147,0,0,8,0,0.13,70.63,8.57,0.62,0,0
453.0,172,172,25,0,147,147,0,0,8,0,0.13,70.63,8.28,0.60,0,0
454.0,172,172,24,0,148,148,0,0,8,0,0.13,70.54,7.63,0.55,0,0
455.0,172,172,24,0,148,148,0,0,8,0,0.13,70.54,7.16,0.52,0,0
456.0,174,174,26,0,148,148,0,0,8,0,0.13,70.54,7.5,0.54,0,0
457.0,174,174,26,0,148,148,0,0,8,0,0.13,70.54,7.43,0.53,0,0
458.0,174,174,25,0,149,149,0,0,8,0,0.13,70.40,7.09,0.51,0,0
459.0,174,174,25,0,149,149,0,0,9,0,0.13,70.40,7.07,0.51,0,0
460.0,174,174,25,0,149,149,0,0,9,0,0.13,70.40,7.26,0.52,0,0
461.0,174,174,25,0,149,149,0,0,10,0,0.13,70.40,7.42,0.53,0,0
462.0,174,174,25,0,149,149,0,0,10,0,0.13,70.40,7.59,0.55,0,0
463.0,174,174,25,0,149,149,0,0,10,0,0.13,70.40,7.52,0.54,0,0
464.0,174,174,24,0,150,150,0,0,10,0,0.13,70.39,7.54,0.54,0,0
465.0,176,176,25,0,151,151,0,0,10,0,0.13,70.30,7.74,0.56,0,0
466.0,176,176,25,0,151,151,0,0,10,0,0.13,70.30,7.41,0.53,0,0
467.0,176,176,25,0,151,151,0,0,10,0,0.13,70.30,7.4,0.53,0,0
468.0,178,178,26,0,152,152,0,0,10,0,0.13,70.15,7.44,0.54,0,0
469.0,178,178,25,0,153,153,0,0,10,0,0.13,70.01,6.58,0.47,0,1
470.0,178,178,25,0,153,153,0,0,10,0,0.13,70.01,6.19,0.45,0,0
471.0,178,178,25,0,153,153,0,0,10,0,0.13,70.01,5.7,0.41,0,0
472.0,178,178,25,0,153,153,0,0,11,0,0.13,70.01,5.43,0.39,0,0
473.0,178,178,25,0,153,153,0,0,12,0,0.13,70.01,5.44,0.39,0,0
474.0,178,178,25,0,153,153,0,0,12,0,0.13,70.01,5.22,0.38,0,0
475.0,178,178,25,0,153,153,0,0,14,0,0.13,70.01,5.36,0.39,0,0
476.0,178,178,25,0,153,153,0,0,14,0,0.13,70.01,5.4,0.39,0,0
477.0,178,178,25,0,153,153,0,0,11,0,0.13,70.01,5.57,0.40,0,0
478.0,178,178,25,0,153,153,0,0,9,0,0.13,70.01,5.58,0.40,0,0
479.0,178,178,24,0,154,154,0,0,7,0,0.13,69.86,5.36,0.39,0,1
480.0,184,183,29,1,154,154,0,0,6,0,0.13,69.86,7.11,0.51,0,0
481.0,184,184,29,0,155,155,0,0,5,0,0.13,69.73,7.5,0.54,0,0
482.0,184,184,29,0,155,155,0,0,4,0,0.13,69.73,8.14,0.59,0,0
483.0,184,184,29,0,155,155,0,0,4,0,0.13,69.73,8.58,0.62,0,0
484.0,184,184,29,0,155,155,0,0,4,0,0.13,69.73,8.72,0.63,0,0
485.0,184,184,29,0,155,155,0,0,4,0,0.13,69.73,8.91,0.64,0,0
486.0,184,184,29,0,155,155,0,0,4,0,0.13,69.73,9.24,0.66,0,0
487.0,184,184,29,0,155,155,0,0,4,0,0.13,69.73,9.49,0.68,0,0
488.0,184,184,29,0,155,155,0,0,4,0,0.13,69.73,9.66,0.69,0,0
489.0,184,184,29,0,155,155,0,0,4,0,0.13,69.73,9.77,0.70,0,0
490.0,184,184,29,0,155,155,0,0,4,0,0.13,69.73,9.9,0.71,0,0
491.0,184,184,29,0,155,155,0,0,4,0,0.13,69.73,9.85,0.71,0,0
492.0,186,186,30,0,156,156,0,0,4,0,0.13,69.59,9.95,0.72,0,0
493.0,186,186,30,0,156,156,0,0,5,0,0.13,69.59,9.87,0.71,0,0
494.0,186,186,30,0,156,156,0,0,5,0,0.13,69.59,9.81,0.71,0,0
495.0,188,188,32,0,156,156,0,0,5,0,0.13,69.59,10.14,0.73,0,0
496.0,188,188,32,0,156,156,0,0,6,0,0.13,69.59,10.19,0.73,0,0
497.0,188,188,32,0,156,156,0,0,6,0,0.13,69.59,10.17,0.73,0,0
498.0,188,188,32,0,156,156,0,0,6,0,0.13,69.59,10.19,0.73,0,0
499.0,188,188,31,0,157,157,0,0,6,0,0.13,69.50,10.21,0.73,0,0
500.0,188,188,31,0,157,157,0,0,6,0,0.13,69.50,10.01,0.72,0,0
501.0,188,188,30,0,158,158,0,0,5,0,0.13,69.38,9.53,0.69,0,0
502.0,188,188,30,0,158,158,0,0,5,0,0.13,69.38,9.17,0.66,0,0
503.0,188,188,29,0,159,159,0,0,5,0,0.13,69.65,8.75,0.63,0,0
504.0,190,190,29,0,161,161,0,0,7,0,0.13,70.11,8.67,0.62,0,0
505.0,190,190,29,0,161,161,0,0,8,0,0.13,70.11,8.48,0.61,0,0
506.0,190,190,28,0,162,162,0,0,8,0,0.13,70.21,8.07,0.58,0,0
507.0,190,190,27,0,163,163,0,0,9,0,0.13,70.40,8.11,0.58,0,0
508.0,190,190,27,0,163,163,0,0,10,0,0.13,70.40,8.21,0.59,0,1
509.0,190,190,26,0,164,164,0,0,10,0,0.13,70.52,7.83,0.56,0,0
510.0,192,192,28,0,164,164,0,0,10,0,0.12,70.52,8.46,0.61,0,0
511.0,192,192,26,0,166,166,0,0,10,0,0.12,70.67,7.86,0.57,0,0
512.0,192,192,25,0,167,167,0,0,10,0,0.12,70.71,7.39,0.53,0,0
513.0,192,192,23,0,169,169,0,0,7,0,0.12,70.62,6.98,0.50,0,0
514.0,192,192,23,0,169,169,0,0,6,0,0.12,70.62,6.91,0.50,0,0
515.0,192,192,22,0,170,170,0,0,4,0,0.12,70.49,6.78,0.49,0,1
516.0,194,194,23,0,171,171,0,0,3,0,0.12,70.46,7.13,0.51,0,0
517.0,194,194,23,0,171,171,0,0,3,0,0.12,70.46,7.12,0.51,0,0
518.0,194,194,23,0,171,171,0,0,3,0,0.12,70.46,7.22,0.52,0,0
519.0,194,194,23,0,171,171,0,0,4,0,0.12,70.46,7.42,0.53,0,0
520.0,194,194,23,0,171,171,0,0,5,0,0.12,70.46,7.57,0.54,0,0
521.0,194,194,22,0,172,172,0,0,5,0,0.12,70.37,7.67,0.55,0,0
522.0,194,194,22,0,172,172,0,0,5,0,0.12,70.37,7.87,0.57,0,0
523.0,194,194,22,0,172,172,0,0,5,0,0.12,70.37,8.26,0.59,0,0
524.0,194,194,22,0,172,172,0,0,5,0,0.12,70.37,8.48,0.61,0,1
525.0,196,196,24,0,172,172,0,0,5,0,0.12,70.37,8.73,0.63,0,0
526.0,196,196,23,0,173,173,0,0,5,0,0.12,70.58,8.71,0.63,0,0
527.0,196,196,23,0,173,173,0,0,5,0,0.12,70.58,8.57,0.62,0,0
528.0,198,198,24,0,174,174,0,0,5,0,0.12,70.45,8.8,0.63,0,0
529.0,198,198,24,0,174,174,0,0,5,0,0.12,70.45,8.94,0.64,0,0
530.0,198,198,24,0,174,174,0,0,5,0,0.12,70.45,9.15,0.66,0,0
531.0,198,198,24,0,174,174,0,0,5,0,0.12,70.45,9.24,0.66,0,0
532.0,198,198,24,0,174,174,0,0,5,0,0.12,70.45,9.08,0.65,0,0
533.0,198,198,24,0,174,174,0,0,5,0,0.12,70.45,8.99,0.65,0,0
534.0,198,198,24,0,174,174,0,0,5,0,0.12,70.45,8.91,0.64,0,1
535.0,198,198,24,0,174,174,0,0,6,0,0.12,70.45,9.1,0.65,0,0
536.0,198,198,24,0,174,174,0,0,7,0,0.12,70.45,9.1,0.65,0,0
537.0,198,198,24,0,174,174,0,0,7,0,0.12,70.45,8.99,0.65,0,0
538.0,198,198,22,0,176,176,0,0,7,0,0.12,70.61,8.45,0.61,0,0
539.0,198,198,21,0,177,177,0,0,7,0,0.12,70.68,7.96,0.57,0,0
540.0,207,205,28,2,177,177,0,0,7,0,0.12,70.68,9.18,0.66,0,0
541.0,207,206,28,1,178,178,0,0,7,0,0.12,70.70,8.92,0.64,0,0
542.0,207,206,28,1,178,178,0,0,7,0,0.12,70.70,8.91,0.64,0,1
543.0,207,207,29,0,178,178,0,0,7,0,0.14,70.70,9.04,0.65,0,0
544.0,207,207,29,0,178,178,0,0,7,0,0.14,70.70,9.14,0.66,0,0
545.0,207,207,28,0,179,179,0,0,7,0,0.14,70.66,8.82,0.63,0,0
546.0,207,207,27,0,180,180,0,0,7,0,0.14,70.71,8.49,0.61,0,0
547.0,207,207,27,0,180,180,0,0,8,0,0.14,70.71,8.21,0.59,0,0
548.0,207,207,26,0,181,181,0,0,8,0,0.14,70.69,8.26,0.59,0,0
549.0,207,207,25,0,182,182,0,0,9,0,0.14,70.62,8.06,0.58,0,0
550.0,207,207,24,0,183,183,0,0,9,0,0.14,70.55,7.74,0.56,0,0
551.0,207,207,24,0,183,183,0,0,9,0,0.14,70.55,7.69,0.55,0,1
552.0,209,209,26,0,183,183,0,0,9,0,0.13,70.55,7.61,0.55,0,0
553.0,209,209,25,0,184,184,0,0,9,0,0.13,70.43,7.27,0.52,0,0
554.0,209,209,24,0,185,185,0,0,9,0,0.13,70.32,6.92,0.50,0,0
555.0,211,211,26,0,185,185,0,0,9,0,0.13,70.32,7.53,0.54,0,0
556.0,211,211,26,0,185,185,0,0,9,0,0.13,70.32,7.63,0.55,0,0
557.0,211,211,26,0,185,185,0,0,9,0,0.13,70.32,7.84,0.56,0,0
558.0,211,211,26,0,185,185,0,0,9,0,0.13,70.32,7.77,0.56,0,0
559.0,211,211,26,0,185,185,0,0,9,0,0.13,70.32,7.62,0.55,0,0
560.0,211,211,26,0,185,185,0,0,9,0,0.13,70.32,7.32,0.53,0,0
561.0,211,211,26,0,185,185,0,0,9,0,0.13,70.32,6.8,0.49,0,0
562.0,211,211,26,0,185,185,0,0,10,0,0.13,70.32,6.24,0.45,0,0
563.0,211,211,26,0,185,185,0,0,10,0,0.13,70.32,5.55,0.40,0,0
564.0,213,213,27,0,186,186,0,0,11,0,0.13,70.20,5.49,0.40,0,0
565.0,213,213,27,0,186,186,0,0,11,0,0.13,70.20,5.33,0.38,0,0
566.0,213,213,27,0,186,186,0,0,13,0,0.13,70.20,5.04,0.36,0,0
567.0,213,213,27,0,186,186,0,0,10,0,0.13,70.20,5.18,0.37,0,0
568.0,213,213,27,0,186,186,0,0,9,0,0.13,70.20,5.54,0.40,0,0
569.0,213,213,27,0,186,186,0,0,7,0,0.13,70.20,5.91,0.43,0,1
570.0,215,215,28,0,187,187,0,0,8,0,0.13,70.11,6.72,0.48,0,0
571.0,215,215,28,0,187,187,0,0,6,0,0.13,70.11,7.11,0.51,0,0
572.0,215,215,28,0,187,187,0,0,5,0,0.13,70.11,7.49,0.54,0,0
573.0,215,215,28,0,187,187,0,0,4,0,0.13,70.11,7.99,0.57,0,0
574.0,215,215,28,0,187,187,0,0,3,0,0.13,70.11,8.25,0.59,0,0
575.0,215,215,28,0,187,187,0,0,3,0,0.13,70.11,8.67,0.62,0,0
576.0,217,217,30,0,187,187,0,0,3,0,0.13,70.11,9.27,0.67,0,0
577.0,217,217,30,0,187,187,0,0,3,0,0.13,70.11,9.45,0.68,0,1
578.0,217,217,30,0,187,187,0,0,4,0,0.13,70.11,9.73,0.70,0,0
579.0,217,217,29,0,188,188,0,0,4,0,0.13,70.01,9.87,0.71,0,0
580.0,217,217,29,0,188,188,0,0,4,0,0.13,70.01,9.88,0.71,0,0
581.0,217,217,28,0,189,189,0,0,5,0,0.13,69.92,9.7,0.70,0,0
582.0,217,217,28,0,189,189,0,0,5,0,0.13,69.92,9.65,0.69,0,0
583.0,217,217,28,0,189,189,0,0,5,0,0.13,69.92,9.77,0.70,0,0
584.0,217,217,28,0,189,189,0,0,5,0,0.13,69.92,9.66,0.69,0,0
585.0,219,219,30,0,189,189,0,0,5,0,0.13,69.92,9.85,0.71,0,1
586.0,219,219,30,0,189,189,0,0,5,0,0.13,69.92,9.67,0.70,0,0
587.0,219,219,30,0,189,189,0,0,5,0,0.13,69.92,9.51,0.68,0,0
588.0,221,221,31,0,190,190,0,0,5,0,0.13,69.81,9.67,0.70,0,0
589.0,221,221,30,0,191,191,0,0,6,0,0.13,69.70,9.49,0.68,0,0
590.0,221,221,30,0,191,191,0,0,7,0,0.13,69.70,9.59,0.69,0,0
591.0,221,221,30,0,191,191,0,0,6,0,0.13,69.70,9.61,0.69,0,0
592.0,221,221,30,0,191,191,0,0,6,0,0.13,69.70,9.49,0.68,0,0
593.0,221,221,30,0,191,191,0,0,6,0,0.13,69.70,9.1,0.65,0,0
594.0,221,221,29,0,192,192,0,0,6,0,0.13,69.93,8.82,0.63,0,0
595.0,221,221,28,0,193,193,0,0,8,0,0.13,70.16,8.76,0.63,0,0
596.0,221,221,28,0,193,193,0,0,8,0,0.13,70.16,8.9,0.64,0,0
597.0,221,221,25,0,196,196,0,0,8,0,0.13,70.72,8.22,0.59,0,0
598.0,221,221,25,0,196,196,0,0,8,0,0.13,70.72,7.98,0.57,0,0
599.0,221,221,24,0,197,197,0,0,8,0,0.13,70.81,7.59,0.55,0,0
600.0,227,226,28,1,198,198,0,0,9,0,0.12,70.91,8.3,0.60,0,1
601.0,227,227,28,0,199,199,0,0,10,0,0.13,70.93,8.14,0.59,0,0
602.0,227,227,26,0,201,201,0,0,10,0,0.13,70.92,7.71,0.55,0,0
603.0,227,227,26,0,201,201,0,0,7,0,0.13,70.92,8.04,0.58,0,0
604.0,227,227,24,0,203,203,0,0,5,0,0.13,70.78,7.78,0.56,0,0
605.0,227,227,24,0,203,203,0,0,3,0,0.13,70.78,8.07,0.58,0,0
606.0,227,227,24,0,203,203,0,0,3,0,0.13,70.78,8.0,0.58,0,0
607.0,227,227,24,0,203,203,0,0,3,0,0.13,70.78,7.98,0.57,0,1
608.0,227,227,24,0,203,203,0,0,3,0,0.13,70.78,7.52,0.54,0,0
609.0,227,227,23,0,204,204,0,0,4,0,0.13,70.75,7.21,0.52,0,0
610.0,227,227,22,0,205,205,0,0,5,0,0.13,70.75,7.44,0.54,0,0
611.0,227,227,22,0,205,205,0,0,5,0,0.13,70.75,7.45,0.54,0,0
612.0,229,229,23,0,206,206,0,0,5,0,0.13,70.68,7.82,0.56,0,0
613.0,229,229,23,0,206,206,0,0,5,0,0.13,70.68,8.08,0.58,0,0
614.0,229,229,23,0,206,206,0,0,5,0,0.13,70.68,8.36,0.60,0,0
615.0,231,231,25,0,206,206,0,0,5,0,0.13,70.68,8.92,0.64,0,1
616.0,231,231,24,0,207,207,0,0,5,0,0.13,70.71,9.02,0.65,0,0
617.0,231,231,24,0,207,207,0,0,5,0,0.13,70.71,9.28,0.67,0,0
618.0,231,231,24,0,207,207,0,0,5,0,0.13,70.71,9.49,0.68,0,0
619.0,231,231,24,0,207,207,0,0,5,0,0.13,70.71,9.69,0.70,0,0
620.0,231,231,24,0,207,207,0,0,5,0,0.13,70.71,9.79,0.70,0,0
621.0,231,231,24,0,207,207,0,0,5,0,0.13,70.71,9.47,0.68,0,0
622.0,231,231,24,0,207,207,0,0,5,0,0.13,70.71,8.84,0.64,0,0
623.0,231,231,24,0,207,207,0,0,5,0,0.13,70.71,8.33,0.60,0,0
624.0,233,233,26,0,207,207,0,0,6,0,0.12,70.71,8.21,0.59,0,1
625.0,233,233,26,0,207,207,0,0,7,0,0.12,70.71,7.94,0.57,0,0
626.0,233,233,26,0,207,207,0,0,7,0,0.12,70.71,7.79,0.56,0,0
627.0,233,233,26,0,207,207,0,0,8,0,0.12,70.71,7.91,0.57,0,0
628.0,233,233,26,0,207,207,0,0,9,0,0.12,70.71,7.98,0.57,0,0
629.0,233,233,26,0,207,207,0,0,9,0,0.12,70.71,8.11,0.58,0,0
630.0,238,237,29,1,208,208,0,0,8,0,0.12,70.74,8.99,0.65,0,0
631.0,238,237,29,1,208,208,0,0,8,0,0.12,70.74,8.95,0.64,0,0
632.0,238,238,28,0,210,210,0,0,8,0,0.13,70.89,8.95,0.64,0,1
633.0,238,238,27,0,211,211,0,0,8,0,0.13,70.88,8.72,0.63,0,0
634.0,238,238,26,0,212,212,0,0,8,0,0.13,70.87,7.95,0.57,0,0
635.0,238,238,26,0,212,212,0,0,8,0,0.13,70.87,7.76,0.56,0,0
636.0,240,240,27,0,213,213,0,0,8,0,0.13,70.82,7.99,0.57,0,0
637.0,240,240,27,0,213,213,0,0,8,0,0.13,70.82,7.97,0.57,0,0
638.0,240,240,26,0,214,214,0,0,9,0,0.13,70.78,7.94,0.57,0,1
639.0,240,240,25,0,215,215,0,0,9,0,0.13,70.69,7.61,0.55,0,0
640.0,240,240,25,0,215,215,0,0,9,0,0.13,70.69,7.59,0.55,0,0
641.0,240,240,24,0,216,216,0,0,9,0,0.13,70.61,7.37,0.53,0,0
642.0,240,240,24,0,216,216,0,0,10,0,0.13,70.61,7.61,0.55,0,0
643.0,240,240,24,0,216,216,0,0,10,0,0.13,70.61,7.61,0.55,0,0
644.0,240,240,24,0,216,216,0,0,10,0,0.13,70.61,7.6,0.55,0,0
645.0,242,242,26,0,216,216,0,0,10,0,0.13,70.61,7.93,0.57,0,0
646.0,242,242,26,0,216,216,0,0,10,0,0.13,70.61,7.46,0.54,0,0
647.0,242,242,26,0,216,216,0,0,10,0,0.13,70.61,7.23,0.52,0,1
648.0,244,244,27,0,217,217,0,0,10,0,0.13,70.50,7.41,0.53,0,0
649.0,244,244,27,0,217,217,0,0,10,0,0.13,70.50,6.97,0.50,0,0
650.0,244,244,27,0,217,217,0,0,10,0,0.13,70.50,6.61,0.48,0,0
651.0,244,244,26,0,218,218,0,0,10,0,0.13,70.41,5.93,0.43,0,0
652.0,244,244,26,0,218,218,0,0,12,0,0.13,70.41,5.56,0.40,0,0
653.0,244,244,26,0,218,218,0,0,12,0,0.13,70.41,5.55,0.40,0,0
654.0,244,244,26,0,218,218,0,0,13,0,0.13,70.41,5.67,0.41,0,0
655.0,244,244,26,0,218,218,0,0,13,0,0.13,70.41,5.82,0.42,0,0
656.0,244,244,26,0,218,218,0,0,14,0,0.13,70.41,5.91,0.43,0,1
657.0,244,244,26,0,218,218,0,0,11,0,0.13,70.41,5.95,0.43,0,0
658.0,244,244,26,0,218,218,0,0,9,0,0.13,70.41,6.05,0.44,0,0
659.0,244,244,26,0,218,218,0,0,7,0,0.13,70.41,6.08,0.44,0,0
660.0,250,249,29,1,220,220,0,0,5,0,0.12,70.54,7.14,0.51,0,0
661.0,250,250,29,0,221,221,0,0,5,0,0.13,70.44,7.56,0.54,0,0
662.0,250,250,29,0,221,221,0,0,5,0,0.13,70.44,7.99,0.58,0,0
663.0,250,250,29,0,221,221,0,0,4,0,0.13,70.44,8.48,0.61,0,0
664.0,250,250,29,0,221,221,0,0,4,0,0.13,70.44,8.79,0.63,0,0
665.0,250,250,29,0,221,221,0,0,4,0,0.13,70.44,9.18,0.66,0,0
666.0,250,250,29,0,221,221,0,0,4,0,0.13,70.44,9.34,0.67,0,0
667.0,250,250,29,0,221,221,0,0,4,0,0.13,70.44,9.81,0.71,0,0
668.0,250,250,29,0,221,221,0,0,4,0,0.13,70.44,10.13,0.73,0,0
669.0,250,250,29,0,221,221,0,0,4,0,0.13,70.44,10.18,0.73,0,0
670.0,250,250,29,0,221,221,0,0,4,0,0.13,70.44,10.21,0.73,0,0
671.0,250,250,29,0,221,221,0,0,4,0,0.13,70.44,9.98,0.72,0,0
672.0,252,252,31,0,221,221,0,0,5,0,0.13,70.44,10.16,0.73,0,1
673.0,252,252,30,0,222,222,0,0,5,0,0.13,70.34,9.87,0.71,0,0
674.0,252,252,29,0,223,223,0,0,6,0,0.13,70.25,9.81,0.71,0,0
675.0,254,254,31,0,223,223,0,0,6,0,0.13,70.25,10.15,0.73,0,0
676.0,254,254,31,0,223,223,0,0,6,0,0.13,70.25,10.24,0.74,0,0
677.0,254,254,30,0,224,224,0,0,6,0,0.13,70.15,10.08,0.73,0,0
678.0,254,254,30,0,224,224,0,0,6,0,0.13,70.15,10.07,0.72,0,0
679.0,254,254,30,0,224,224,0,0,6,0,0.13,70.15,10.19,0.73,0,0
680.0,254,254,30,0,224,224,0,0,6,0,0.13,70.15,10.14,0.73,0,0
681.0,254,254,30,0,224,224,0,0,5,0,0.13,70.15,9.58,0.69,0,0
682.0,254,254,29,0,225,225,0,0,5,0,0.13,70.33,9.01,0.65,0,0
683.0,254,254,28,0,226,226,0,0,5,0,0.13,70.52,8.24,0.59,0,0
684.0,256,256,30,0,226,226,0,0,5,0,0.12,70.52,8.57,0.62,0,0
685.0,256,256,28,0,228,228,0,0,7,0,0.12,70.78,7.96,0.57,0,0
686.0,256,256,28,0,228,228,0,0,8,0,0.12,70.78,7.88,0.57,0,0
687.0,256,256,28,0,228,228,0,0,10,0,0.12,70.78,7.97,0.57,0,0
688.0,256,256,27,0,229,229,0,0,10,0,0.12,70.86,7.79,0.56,0,0
689.0,256,256,26,0,230,230,0,0,10,0,0.12,70.93,7.64,0.55,0,0
690.0,258,258,27,0,231,231,0,0,10,0,0.12,70.95,7.89,0.57,0,0
691.0,258,258,26,0,232,232,0,0,10,0,0.12,71.03,7.78,0.56,0,0
692.0,258,258,25,0,233,233,0,0,10,0,0.12,71.00,7.15,0.51,0,0
693.0,258,258,24,0,234,234,0,0,7,0,0.12,71.03,6.97,0.50,0,0
694.0,258,258,24,0,234,234,0,0,5,0,0.12,71.03,6.98,0.50,0,0
695.0,258,258,23,0,235,235,0,0,3,0,0.12,71.00,7.03,0.51,0,1
696.0,260,260,24,0,236,236,0,0,3,0,0.12,70.97,7.38,0.53,0,0
697.0,260,260,23,0,237,237,0,0,3,0,0.12,70.89,7.04,0.51,0,0
698.0,260,260,23,0,237,237,0,0,4,0,0.12,70.89,7.0,0.50,0,0
699.0,260,260,22,0,238,238,0,0,5,0,0.12,70.82,7.13,0.51,0,0
700.0,260,260,22,0,238,238,0,0,5,0,0.12,70.82,7.47,0.54,0,0
701.0,260,260,22,0,238,238,0,0,5,0,0.12,70.82,7.76,0.56,0,0
702.0,260,260,22,0,238,238,0,0,5,0,0.12,70.82,8.02,0.58,0,0
703.0,260,260,22,0,238,238,0,0,5,0,0.12,70.82,8.19,0.59,0,0
704.0,260,260,22,0,238,238,0,0,5,0,0.12,70.82,8.47,0.61,0,1
705.0,262,262,24,0,238,238,0,0,5,0,0.12,70.82,8.74,0.63,0,0
706.0,262,262,23,0,239,239,0,0,5,0,0.12,70.97,8.6,0.62,0,0
707.0,262,262,23,0,239,239,0,0,5,0,0.12,70.97,8.69,0.63,0,0
708.0,264,264,25,0,239,239,0,0,5,0,0.12,70.97,8.89,0.64,0,0
709.0,264,264,25,0,239,239,0,0,5,0,0.12,70.97,8.96,0.64,0,0
710.0,264,264,25,0,239,239,0,0,5,0,0.12,70.97,8.74,0.63,0,0
711.0,264,264,25,0,239,239,0,0,5,0,0.12,70.97,8.77,0.63,0,0
712.0,264,264,24,0,240,240,0,0,5,0,0.12,70.89,8.57,0.62,0,0
713.0,264,264,24,0,240,240,0,0,6,0,0.12,70.89,8.58,0.62,0,0
714.0,264,264,24,0,240,240,0,0,6,0,0.12,70.89,8.73,0.63,0,0
715.0,264,264,24,0,240,240,0,0,7,0,0.12,70.89,8.87,0.64,0,0
716.0,264,264,24,0,240,240,0,0,7,0,0.12,70.89,8.86,0.64,0,0
717.0,264,264,24,0,240,240,0,0,7,0,0.12,70.89,8.85,0.64,0,0
718.0,264,264,22,0,242,242,0,0,7,0,0.12,71.00,8.58,0.62,0,0
719.0,264,264,21,0,243,243,0,0,7,0,0.12,71.05,8.19,0.59,0,0
720.0,273,271,28,2,243,243,0,0,7,0,0.12,71.05,9.07,0.65,0,0
721.0,273,272,29,1,243,243,0,0,7,0,0.12,71.05,8.89,0.64,0,0
722.0,273,272,29,1,243,243,0,0,7,0,0.12,71.05,8.79,0.63,0,1
723.0,273,273,29,0,244,244,0,0,7,0,0.13,71.07,8.72,0.63,0,0
724.0,273,273,29,0,244,244,0,0,7,0,0.13,71.07,8.54,0.61,0,0
725.0,273,273,27,0,246,246,0,0,7,0,0.13,71.07,8.17,0.59,0,0
726.0,273,273,27,0,246,246,0,0,7,0,0.13,71.07,8.01,0.58,0,0
727.0,273,273,26,0,247,247,0,0,8,0,0.13,71.05,7.67,0.55,0,0
728.0,273,273,25,0,248,248,0,0,9,0,0.13,70.99,7.79,0.56,0,0
729.0,273,273,25,0,248,248,0,0,9,0,0.13,70.99,7.68,0.55,0,0
730.0,273,273,25,0,248,248,0,0,9,0,0.13,70.99,7.8,0.56,0,0
731.0,273,273,24,0,249,249,0,0,9,0,0.13,70.94,7.66,0.55,0,1
732.0,275,275,26,0,249,249,0,0,9,0,0.13,70.94,7.91,0.57,0,0
733.0,275,275,25,0,250,250,0,0,9,0,0.13,70.86,7.48,0.54,0,0
734.0,275,275,24,0,251,251,0,0,9,0,0.13,70.77,7.16,0.52,0,0
735.0,277,277,26,0,251,251,0,0,9,0,0.13,70.77,7.57,0.54,0,0
736.0,277,277,26,0,251,251,0,0,9,0,0.13,70.77,7.48,0.54,0,0
737.0,277,277,26,0,251,251,0,0,9,0,0.13,70.77,7.64,0.55,0,0
738.0,277,277,26,0,251,251,0,0,9,0,0.13,70.77,7.59,0.55,0,0
739.0,277,277,26,0,251,251,0,0,9,0,0.13,70.77,7.28,0.52,0,0
740.0,277,277,26,0,251,251,0,0,9,0,0.13,70.77,6.88,0.50,0,1
741.0,277,277,26,0,251,251,0,0,9,0,0.13,70.77,6.41,0.46,0,0
742.0,277,277,26,0,251,251,0,0,9,0,0.13,70.77,5.8,0.42,0,0
743.0,277,277,26,0,251,251,0,0,10,0,0.13,70.77,4.99,0.36,0,0
744.0,279,279,28,0,251,251,0,0,12,0,0.13,70.77,5.15,0.37,0,0
745.0,279,279,28,0,251,251,0,0,13,0,0.13,70.77,5.03,0.36,0,0
746.0,279,279,28,0,251,251,0,0,14,0,0.13,70.77,4.94,0.36,0,0
747.0,279,279,28,0,251,251,0,0,12,0,0.13,70.77,5.24,0.38,0,0
748.0,279,279,27,0,252,252,0,0,10,0,0.13,70.70,5.36,0.39,0,0
749.0,279,279,27,0,252,252,0,0,9,0,0.13,70.70,5.46,0.39,0,0
750.0,281,281,29,0,252,252,0,0,8,0,0.13,70.70,6.25,0.45,0,0
751.0,281,281,28,0,253,253,0,0,6,0,0.13,70.64,6.48,0.47,0,0
752.0,281,281,28,0,253,253,0,0,6,0,0.13,70.64,6.99,0.50,0,0
753.0,281,281,28,0,253,253,0,0,5,0,0.13,70.64,7.28,0.52,0,0
754.0,281,281,28,0,253,253,0,0,4,0,0.13,70.64,7.35,0.53,0,0
755.0,281,281,28,0,253,253,0,0,4,0,0.13,70.64,7.48,0.54,0,0
756.0,283,283,30,0,253,253,0,0,6,0,0.13,70.64,8.44,0.61,0,1
757.0,283,283,30,0,253,253,0,0,6,0,0.13,70.64,8.78,0.63,0,0
758.0,283,283,30,0,253,253,0,0,6,0,0.13,70.64,9.09,0.65,0,0
759.0,283,283,30,0,253,253,0,0,6,0,0.13,70.64,9.4,0.68,0,0
760.0,283,283,30,0,253,253,0,0,6,0,0.13,70.64,9.53,0.69,0,0
761.0,283,283,30,0,253,253,0,0,6,0,0.13,70.64,9.4,0.68,0,0
762.0,283,283,30,0,253,253,0,0,6,0,0.13,70.64,9.42,0.68,0,0
763.0,283,283,29,0,254,254,0,0,6,0,0.13,70.57,9.43,0.68,0,0
764.0,283,283,29,0,254,254,0,0,6,0,0.13,70.57,9.42,0.68,0,0
765.0,285,285,31,0,254,254,0,0,6,0,0.13,70.57,9.53,0.69,0,0
766.0,285,285,31,0,254,254,0,0,6,0,0.13,70.57,9.24,0.66,0,0
767.0,285,285,31,0,254,254,0,0,6,0,0.13,70.57,9.18,0.66,0,0
768.0,287,287,33,0,254,254,0,0,7,0,0.13,70.57,9.52,0.69,0,0
769.0,287,287,32,0,255,255,0,0,7,0,0.13,70.49,9.42,0.68,0,0
770.0,287,287,32,0,255,255,0,0,7,0,0.13,70.49,9.4,0.68,0,0
771.0,287,287,32,0,255,255,0,0,7,0,0.13,70.49,9.46,0.68,0,0
772.0,287,287,32,0,255,255,0,0,7,0,0.13,70.49,9.31,0.67,0,0
773.0,287,287,30,0,257,257,0,0,7,0,0.13,70.82,9.04,0.65,0,0
774.0,287,287,30,0,257,257,0,0,7,0,0.13,70.82,8.91,0.64,0,0
775.0,287,287,29,0,258,258,0,0,7,0,0.13,70.93,8.78,0.63,0,1
776.0,287,287,28,0,259,259,0,0,7,0,0.13,70.92,8.29,0.60,0,0
777.0,287,287,26,0,261,261,0,0,8,0,0.13,71.10,7.64,0.55,0,0
778.0,287,287,25,0,262,262,0,0,9,0,0.13,71.28,7.03,0.51,0,0
779.0,287,287,23,0,264,264,0,0,11,0,0.13,71.36,6.57,0.47,0,0
780.0,293,292,28,1,264,264,0,0,11,0,0.12,71.36,7.77,0.56,0,0
781.0,293,293,27,0,266,266,0,0,11,0,0.13,71.33,7.44,0.54,0,0
782.0,293,293,27,0,266,266,0,0,11,0,0.13,71.33,7.39,0.53,0,0
783.0,293,293,25,0,268,268,0,0,8,0,0.13,71.22,7.3,0.53,0,0
784.0,293,293,25,0,268,268,0,0,6,0,0.13,71.22,7.56,0.54,0,0
785.0,293,293,25,0,268,268,0,0,4,0,0.13,71.22,7.91,0.57,0,0
786.0,293,293,25,0,268,268,0,0,2,0,0.13,71.22,8.14,0.59,0,0
787.0,293,293,25,0,268,268,0,0,2,0,0.13,71.22,8.16,0.59,0,0
788.0,293,293,24,0,269,269,0,0,2,0,0.13,71.19,7.96,0.57,0,0
789.0,293,293,24,0,269,269,0,0,2,0,0.13,71.19,8.12,0.58,0,0
790.0,293,293,24,0,269,269,0,0,3,0,0.13,71.19,8.29,0.60,0,0
791.0,293,293,23,0,270,270,0,0,3,0,0.13,71.19,7.87,0.57,0,1
792.0,295,295,25,0,270,270,0,0,4,0,0.13,71.19,8.48,0.61,0,0
793.0,295,295,24,0,271,271,0,0,4,0,0.13,71.14,8.47,0.61,0,0
794.0,295,295,24,0,271,271,0,0,4,0,0.13,71.14,8.77,0.63,0,0
795.0,297,297,25,0,272,272,0,0,4,0,0.12,71.15,8.97,0.65,0,0
796.0,297,297,25,0,272,272,0,0,4,0,0.12,71.15,8.86,0.64,0,0
797.0,297,297,25,0,272,272,0,0,4,0,0.12,71.15,9.1,0.66,0,0
798.0,297,297,25,0,272,272,0,0,4,0,0.12,71.15,9.34,0.67,0,0
799.0,297,297,25,0,272,272,0,0,4,0,0.12,71.15,9.56,0.69,0,0
800.0,297,297,25,0,272,272,0,0,4,0,0.12,71.15,9.44,0.68,0,0
801.0,297,297,25,0,272,272,0,0,4,0,0.12,71.15,9.15,0.66,0,0
802.0,297,297,25,0,272,272,0,0,4,0,0.12,71.15,8.52,0.61,0,0
803.0,297,297,25,0,272,272,0,0,4,0,0.12,71.15,7.96,0.57,0,0
804.0,299,299,27,0,272,272,0,0,6,0,0.12,71.15,8.05,0.58,0,0
805.0,299,299,27,0,272,272,0,0,7,0,0.12,71.15,7.91,0.57,0,0
806.0,299,299,27,0,272,272,0,0,8,0,0.12,71.15,7.99,0.57,0,0
807.0,299,299,26,0,273,273,0,0,8,0,0.12,71.21,7.92,0.57,0,0
808.0,299,299,26,0,273,273,0,0,8,0,0.12,71.21,8.04,0.58,0,0
809.0,299,299,25,0,274,274,0,0,8,0,0.12,71.28,7.97,0.57,0,0
810.0,304,303,29,1,274,274,0,0,8,0,0.12,71.28,8.94,0.64,0,1
811.0,304,303,29,1,274,274,0,0,8,0,0.12,71.28,8.85,0.64,0,0
812.0,304,304,30,0,274,274,0,0,8,0,0.13,71.28,8.96,0.64,0,0
813.0,304,304,29,0,275,275,0,0,8,0,0.13,71.31,8.68,0.62,0,0
814.0,304,304,28,0,276,276,0,0,8,0,0.13,71.31,8.53,0.61,0,0
815.0,304,304,28,0,276,276,0,0,8,0,0.13,71.31,8.19,0.59,0,0
816.0,306,306,29,0,277,277,0,0,8,0,0.13,71.40,8.32,0.60,0,0
817.0,306,306,28,0,278,278,0,0,8,0,0.13,71.45,7.98,0.57,0,0
818.0,306,306,28,0,278,278,0,0,8,0,0.13,71.45,7.93,0.57,0,0
819.0,306,306,27,0,279,279,0,0,9,0,0.13,71.46,7.69,0.55,0,0
820.0,306,306,26,0,280,280,0,0,10,0,0.13,71.43,7.5,0.54,0,0
821.0,306,306,25,0,281,281,0,0,10,0,0.13,71.41,7.39,0.53,0,0
822.0,306,306,24,0,282,282,0,0,10,0,0.13,71.35,7.04,0.51,0,0
823.0,306,306,24,0,282,282,0,0,10,0,0.13,71.35,7.09,0.51,0,0
824.0,306,306,24,0,282,282,0,0,10,0,0.13,71.35,7.11,0.51,0,0
825.0,308,308,26,0,282,282,0,0,10,0,0.13,71.35,7.44,0.54,0,0
826.0,308,308,26,0,282,282,0,0,10,0,0.13,71.35,7.26,0.52,0,0
827.0,308,308,26,0,282,282,0,0,10,0,0.13,71.35,7.0,0.50,0,0
828.0,310,310,27,0,283,283,0,0,10,0,0.13,71.31,7.37,0.53,0,0
829.0,310,310,26,0,284,284,0,0,10,0,0.13,71.23,7.07,0.51,0,0
830.0,310,310,26,0,284,284,0,0,10,0,0.13,71.23,6.81,0.49,0,0
831.0,310,310,25,0,285,285,0,0,10,0,0.13,71.16,6.05,0.44,0,0
832.0,310,310,25,0,285,285,0,0,10,0,0.13,71.16,5.6,0.40,0,0
833.0,310,310,25,0,285,285,0,0,12,0,0.13,71.16,5.54,0.40,0,0
834.0,310,310,25,0,285,285,0,0,13,0,0.13,71.16,5.4,0.39,0,0
835.0,310,310,25,0,285,285,0,0,13,0,0.13,71.16,5.44,0.39,0,0
836.0,310,310,25,0,285,285,0,0,14,0,0.13,71.16,5.57,0.40,0,0
837.0,310,310,25,0,285,285,0,0,11,0,0.13,71.16,5.76,0.41,0,0
838.0,310,310,25,0,285,285,0,0,9,0,0.13,71.16,5.88,0.42,0,0
839.0,310,310,25,0,285,285,0,0,7,0,0.13,71.16,5.86,0.42,0,0
840.0,316,315,30,1,285,285,0,0,5,0,0.12,71.16,7.24,0.52,0,0
841.0,316,316,30,0,286,286,0,0,4,0,0.13,71.08,7.44,0.54,0,0
842.0,316,316,30,0,286,286,0,0,4,0,0.13,71.08,7.79,0.56,0,0
843.0,316,316,30,0,286,286,0,0,4,0,0.13,71.08,8.22,0.59,0,0
844.0,316,316,30,0,286,286,0,0,4,0,0.13,71.08,8.46,0.61,0,1
845.0,316,316,30,0,286,286,0,0,4,0,0.13,71.08,8.85,0.64,0,0
846.0,316,316,30,0,286,286,0,0,4,0,0.13,71.08,9.01,0.65,0,0
847.0,316,316,30,0,286,286,0,0,4,0,0.13,71.08,9.58,0.69,0,0
848.0,316,316,30,0,286,286,0,0,4,0,0.13,71.08,9.71,0.70,0,0
849.0,316,316,30,0,286,286,0,0,4,0,0.13,71.08,9.75,0.70,0,0
850.0,316,316,30,0,286,286,0,0,4,0,0.13,71.08,9.63,0.69,0,0
851.0,316,316,30,0,286,286,0,0,4,0,0.13,71.08,9.31,0.67,0,0
852.0,318,318,31,0,287,287,0,0,5,0,0.13,71.00,9.55,0.69,0,0
853.0,318,318,31,0,287,287,0,0,5,0,0.13,71.00,9.47,0.68,0,1
854.0,318,318,31,0,287,287,0,0,6,0,0.13,71.00,9.58,0.69,0,0
855.0,320,320,32,0,288,288,0,0,6,0,0.12,70.97,9.73,0.70,0,0
856.0,320,320,31,0,289,289,0,0,6,0,0.12,70.89,9.62,0.69,0,0
857.0,320,320,30,0,290,290,0,0,6,0,0.12,70.82,9.76,0.70,0,0
858.0,320,320,30,0,290,290,0,0,6,0,0.12,70.82,9.81,0.71,0,0
859.0,320,320,30,0,290,290,0,0,6,0,0.12,70.82,9.99,0.72,0,0
860.0,320,320,30,0,290,290,0,0,6,0,0.12,70.82,9.76,0.70,0,0
861.0,320,320,30,0,290,290,0,0,5,0,0.12,70.82,9.48,0.68,0,0
862.0,320,320,30,0,290,290,0,0,5,0,0.12,70.82,9.08,0.65,0,1
863.0,320,320,29,0,291,291,0,0,5,0,0.12,70.97,8.41,0.60,0,0
864.0,322,322,31,0,291,291,0,0,7,0,0.12,70.97,8.31,0.60,0,0
865.0,322,322,31,0,291,291,0,0,8,0,0.12,70.97,8.14,0.59,0,0
866.0,322,322,30,0,292,292,0,0,9,0,0.12,71.12,8.02,0.58,0,0
867.0,322,322,30,0,292,292,0,0,10,0,0.12,71.12,8.15,0.59,0,0
868.0,322,322,29,0,293,293,0,0,10,0,0.12,71.23,8.16,0.59,0,0
869.0,322,322,26,0,296,296,0,0,10,0,0.12,71.46,7.62,0.55,0,0
870.0,324,324,27,0,297,297,0,0,10,0,0.12,71.52,8.11,0.58,0,1
871.0,324,324,27,0,297,297,0,0,10,0,0.12,71.52,7.95,0.57,0,0
872.0,324,324,26,0,298,298,0,0,10,0,0.12,71.54,7.38,0.53,0,0
873.0,324,324,26,0,298,298,0,0,7,0,0.12,71.54,7.4,0.53,0,0
874.0,324,324,24,0,300,300,0,0,5,0,0.12,71.54,7.06,0.51,0,0
875.0,324,324,24,0,300,300,0,0,3,0,0.12,71.54,7.36,0.53,0,0
876.0,326,326,24,0,302,302,0,0,3,0,0.12,71.45,7.62,0.55,0,1
877.0,326,326,24,0,302,302,0,0,3,0,0.12,71.45,7.74,0.56,0,0
878.0,326,326,23,0,303,303,0,0,3,0,0.12,71.44,7.83,0.56,0,0
879.0,326,326,23,0,303,303,0,0,4,0,0.12,71.44,7.79,0.56,0,0
880.0,326,326,22,0,304,304,0,0,5,0,0.12,71.38,7.75,0.56,0,0
881.0,326,326,22,0,304,304,0,0,5,0,0.12,71.38,7.87,0.57,0,0
882.0,326,326,22,0,304,304,0,0,5,0,0.12,71.38,8.15,0.59,0,0
883.0,326,326,22,0,304,304,0,0,5,0,0.12,71.38,8.48,0.61,0,0
884.0,326,326,22,0,304,304,0,0,5,0,0.12,71.38,8.64,0.62,0,0
885.0,328,328,24,0,304,304,0,0,5,0,0.12,71.38,9.1,0.65,0,1
886.0,328,328,23,0,305,305,0,0,5,0,0.12,71.50,9.1,0.65,0,0
887.0,328,328,23,0,305,305,0,0,5,0,0.12,71.50,9.22,0.66,0,0
888.0,330,330,25,0,305,305,0,0,5,0,0.12,71.50,9.7,0.70,0,0
889.0,330,330,25,0,305,305,0,0,5,0,0.12,71.50,9.64,0.69,0,0
890.0,330,330,24,0,306,306,0,0,5,0,0.12,71.42,9.23,0.66,0,0
891.0,330,330,24,0,306,306,0,0,5,0,0.12,71.42,9.01,0.65,0,0
892.0,330,330,24,0,306,306,0,0,5,0,0.12,71.42,8.88,0.64,0,0
893.0,330,330,24,0,306,306,0,0,7,0,0.12,71.42,8.95,0.64,0,0
894.0,330,330,24,0,306,306,0,0,7,0,0.12,71.42,9.1,0.65,0,0
895.0,330,330,24,0,306,306,0,0,7,0,0.12,71.42,9.19,0.66,0,0
896.0,330,330,24,0,306,306,0,0,7,0,0.12,71.42,9.25,0.67,0,0
897.0,330,330,24,0,306,306,0,0,7,0,0.12,71.42,8.97,0.65,0,0
898.0,330,330,23,0,307,307,0,0,7,0,0.12,71.46,8.49,0.61,0,0
899.0,330,330,21,0,309,309,0,0,7,0,0.12,71.55,7.83,0.56,0,1
900.0,339,337,27,2,310,310,0,0,7,0,0.12,71.55,8.93,0.64,0,0
901.0,339,338,28,1,310,310,0,0,7,0,0.12,71.55,8.99,0.65,0,0
902.0,339,338,27,1,311,311,0,0,7,0,0.12,71.56,8.98,0.65,0,0
903.0,339,339,28,0,311,311,0,0,7,0,0.13,71.56,8.98,0.65,0,0
904.0,339,339,28,0,311,311,0,0,7,0,0.13,71.56,9.08,0.65,0,0
905.0,339,339,28,0,311,311,0,0,7,0,0.13,71.56,8.82,0.63,0,0
906.0,339,339,26,0,313,313,0,0,7,0,0.13,71.53,8.19,0.59,0,0
907.0,339,339,26,0,313,313,0,0,7,0,0.13,71.53,8.08,0.58,0,0
908.0,339,339,26,0,313,313,0,0,9,0,0.13,71.53,8.08,0.58,0,0
909.0,339,339,24,0,315,315,0,0,9,0,0.13,71.43,7.58,0.55,0,0
910.0,339,339,24,0,315,315,0,0,9,0,0.13,71.43,7.27,0.52,0,0
911.0,339,339,24,0,315,315,0,0,9,0,0.13,71.43,7.02,0.51,0,0
912.0,341,341,26,0,315,315,0,0,9,0,0.13,71.43,7.42,0.53,0,0
913.0,341,341,25,0,316,316,0,0,9,0,0.13,71.36,7.3,0.53,0,0
914.0,341,341,25,0,316,316,0,0,9,0,0.13,71.36,7.56,0.54,0,0
915.0,343,343,27,0,316,316,0,0,9,0,0.13,71.36,8.09,0.58,0,0
916.0,343,343,27,0,316,316,0,0,9,0,0.13,71.36,8.15,0.59,0,0
917.0,343,343,26,0,317,317,0,0,9,0,0.13,71.31,8.04,0.58,0,0
918.0,343,343,26,0,317,317,0,0,9,0,0.13,71.31,8.15,0.59,0,0
919.0,343,343,26,0,317,317,0,0,9,0,0.13,71.31,8.04,0.58,0,0
920.0,343,343,26,0,317,317,0,0,9,0,0.13,71.31,7.87,0.57,0,0
921.0,343,343,26,0,317,317,0,0,9,0,0.13,71.31,7.46,0.54,0,0
922.0,343,343,26,0,317,317,0,0,9,0,0.13,71.31,7.21,0.52,0,1
923.0,343,343,25,0,318,318,0,0,10,0,0.13,71.23,6.13,0.44,0,0
924.0,345,345,26,0,319,319,0,0,10,0,0.13,71.16,5.63,0.41,0,0
925.0,345,345,26,0,319,319,0,0,11,0,0.13,71.16,4.76,0.34,0,0
926.0,345,345,26,0,319,319,0,0,13,0,0.13,71.16,4.55,0.33,0,0
927.0,345,345,26,0,319,319,0,0,12,0,0.13,71.16,4.71,0.34,0,0
928.0,345,345,26,0,319,319,0,0,11,0,0.13,71.16,4.97,0.36,0,0
929.0,345,345,26,0,319,319,0,0,10,0,0.13,71.16,5.21,0.37,0,0
930.0,347,347,28,0,319,319,0,0,9,0,0.13,71.16,6.29,0.45,0,1
931.0,347,347,28,0,319,319,0,0,7,0,0.13,71.16,6.58,0.47,0,0
932.0,347,347,28,0,319,319,0,0,6,0,0.13,71.16,6.93,0.50,0,0
933.0,347,347,28,0,319,319,0,0,5,0,0.13,71.16,7.48,0.54,0,0
934.0,347,347,28,0,319,319,0,0,5,0,0.13,71.16,7.76,0.56,0,0
935.0,347,347,28,0,319,319,0,0,4,0,0.13,71.16,8.06,0.58,0,0
936.0,349,349,28,0,321,321,0,0,5,0,0.13,71.01,8.37,0.60,0,0
937.0,349,349,28,0,321,321,0,0,5,0,0.13,71.01,8.74,0.63,0,0
938.0,349,349,28,0,321,321,0,0,5,0,0.13,71.01,9.02,0.65,0,1
939.0,349,349,28,0,321,321,0,0,5,0,0.13,71.01,9.27,0.67,0,0
940.0,349,349,28,0,321,321,0,0,6,0,0.13,71.01,9.43,0.68,0,0
941.0,349,349,28,0,321,321,0,0,6,0,0.13,71.01,9.31,0.67,0,0
942.0,349,349,28,0,321,321,0,0,6,0,0.13,71.01,9.36,0.67,0,0
943.0,349,349,28,0,321,321,0,0,6,0,0.13,71.01,9.45,0.68,0,0
944.0,349,349,28,0,321,321,0,0,6,0,0.13,71.01,9.37,0.67,0,0
945.0,351,351,30,0,321,321,0,0,6,0,0.13,71.01,9.77,0.70,0,0
946.0,351,351,30,0,321,321,0,0,6,0,0.13,71.01,9.46,0.68,0,0
947.0,351,351,30,0,321,321,0,0,7,0,0.13,71.01,9.36,0.67,0,0
948.0,353,353,32,0,321,321,0,0,7,0,0.12,71.01,9.52,0.68,0,1
949.0,353,353,31,0,322,322,0,0,7,0,0.12,70.94,9.52,0.68,0,0
950.0,353,353,31,0,322,322,0,0,8,0,0.12,70.94,9.46,0.68,0,0
951.0,353,353,31,0,322,322,0,0,7,0,0.12,70.94,9.44,0.68,0,0
952.0,353,353,31,0,322,322,0,0,7,0,0.12,70.94,9.42,0.68,0,0
953.0,353,353,30,0,323,323,0,0,7,0,0.12,71.07,9.21,0.66,0,0
954.0,353,353,29,0,324,324,0,0,8,0,0.12,71.21,9.06,0.65,0,0
955.0,353,353,27,0,326,326,0,0,8,0,0.12,71.43,8.4,0.60,0,0
956.0,353,353,26,0,327,327,0,0,8,0,0.12,71.47,7.91,0.57,0,0
957.0,353,353,25,0,328,328,0,0,8,0,0.12,71.56,7.27,0.52,0,0
958.0,353,353,25,0,328,328,0,0,9,0,0.12,71.56,7.16,0.52,0,0
959.0,353,353,23,0,330,330,0,0,10,0,0.12,71.62,6.61,0.48,0,0
960.0,359,358,27,1,331,331,0,0,10,0,0.12,71.59,7.48,0.54,0,0
961.0,359,359,27,0,332,332,0,0,11,0,0.13,71.60,7.3,0.53,0,0
962.0,359,359,27,0,332,332,0,0,11,0,0.13,71.60,7.25,0.52,0,0
963.0,359,359,27,0,332,332,0,0,8,0,0.13,71.60,7.54,0.54,0,0
964.0,359,359,26,0,333,333,0,0,6,0,0.13,71.53,7.79,0.56,0,1
965.0,359,359,26,0,333,333,0,0,4,0,0.13,71.53,7.86,0.57,0,0
966.0,359,359,25,0,334,334,0,0,2,0,0.13,71.52,7.79,0.56,0,0
967.0,359,359,25,0,334,334,0,0,2,0,0.13,71.52,7.64,0.55,0,0
968.0,359,359,25,0,334,334,0,0,3,0,0.13,71.52,7.64,0.55,0,0
969.0,359,359,24,0,335,335,0,0,3,0,0.13,71.50,7.53,0.54,0,0
970.0,359,359,24,0,335,335,0,0,4,0,0.13,71.50,7.81,0.56,0,0
971.0,359,359,23,0,336,336,0,0,4,0,0.13,71.50,7.68,0.55,0,0
972.0,361,361,24,0,337,337,0,0,4,0,0.12,71.45,8.05,0.58,0,0
973.0,361,361,24,0,337,337,0,0,4,0,0.12,71.45,8.2,0.59,0,0
974.0,361,361,24,0,337,337,0,0,4,0,0.12,71.45,8.41,0.61,0,0
975.0,363,363,26,0,337,337,0,0,4,0,0.12,71.45,8.94,0.64,0,0
976.0,363,363,26,0,337,337,0,0,4,0,0.12,71.45,8.92,0.64,0,0
977.0,363,363,26,0,337,337,0,0,4,0,0.12,71.45,9.4,0.68,0,0
978.0,363,363,26,0,337,337,0,0,4,0,0.12,71.45,9.59,0.69,0,0
979.0,363,363,26,0,337,337,0,0,4,0,0.12,71.45,9.57,0.69,0,0
980.0,363,363,25,0,338,338,0,0,4,0,0.12,71.48,9.6,0.69,0,0
981.0,363,363,25,0,338,338,0,0,4,0,0.12,71.48,9.43,0.68,0,0
982.0,363,363,25,0,338,338,0,0,4,0,0.12,71.48,8.93,0.64,0,0
983.0,363,363,25,0,338,338,0,0,4,0,0.12,71.48,8.41,0.61,0,0
984.0,365,365,27,0,338,338,0,0,4,0,0.12,71.48,8.71,0.63,0,0
985.0,365,365,27,0,338,338,0,0,6,0,0.12,71.48,8.58,0.62,0,0
986.0,365,365,27,0,338,338,0,0,6,0,0.12,71.48,8.71,0.63,0,0
987.0,365,365,27,0,338,338,0,0,8,0,0.12,71.48,8.53,0.61,0,0
988.0,365,365,27,0,338,338,0,0,8,0,0.12,71.48,8.5,0.61,0,0
989.0,365,365,26,0,339,339,0,0,8,0,0.12,71.53,8.34,0.60,0,0
990.0,370,369,28,1,341,341,0,0,8,0,0.12,71.64,8.76,0.63,0,0
991.0,370,369,28,1,341,341,0,0,8,0,0.12,71.64,8.82,0.63,0,0
992.0,370,370,28,0,342,342,0,0,8,0,0.13,71.66,8.85,0.64,0,0
993.0,370,370,28,0,342,342,0,0,8,0,0.13,71.66,8.59,0.62,0,0
994.0,370,370,28,0,342,342,0,0,8,0,0.13,71.66,8.6,0.62,0,0
995.0,370,370,27,0,343,343,0,0,8,0,0.13,71.70,8.26,0.59,0,1
996.0,372,372,28,0,344,344,0,0,8,0,0.13,71.70,8.11,0.58,0,0
997.0,372,372,28,0,344,344,0,0,8,0,0.13,71.70,7.92,0.57,0,0
998.0,372,372,27,0,345,345,0,0,9,0,0.13,71.70,7.76,0.56,0,0
999.0,372,372,26,0,346,346,0,0,9,0,0.13,71.68,7.55,0.54,0,0
1000.0,372,372,25,0,347,347,0,0,9,0,0.13,71.66,7.32,0.53,0,0
1001.0,372,372,25,0,347,347,0,0,9,0,0.13,71.66,7.39,0.53,0,0
1002.0,372,372,24,0,348,348,0,0,10,0,0.13,71.61,7.06,0.51,0,0
1003.0,372,372,24,0,348,348,0,0,10,0,0.13,71.61,7.21,0.52,0,0
1004.0,372,372,24,0,348,348,0,0,10,0,0.13,71.61,7.3,0.52,0,0
1005.0,374,374,26,0,348,348,0,0,10,0,0.13,71.61,7.68,0.55,0,0
1006.0,374,374,26,0,348,348,0,0,10,0,0.13,71.61,7.39,0.53,0,0
1007.0,374,374,25,0,349,349,0,0,10,0,0.13,71.57,6.87,0.49,0,0
1008.0,376,376,26,0,350,350,0,0,10,0,0.12,71.50,7.06,0.51,0,0
1009.0,376,376,26,0,350,350,0,0,10,0,0.12,71.50,6.72,0.48,0,0
1010.0,376,376,26,0,350,350,0,0,10,0,0.12,71.50,6.27,0.45,0,1
1011.0,376,376,26,0,350,350,0,0,11,0,0.12,71.50,6.01,0.43,0,0
1012.0,376,376,26,0,350,350,0,0,11,0,0.12,71.50,5.79,0.42,0,0
1013.0,376,376,26,0,350,350,0,0,12,0,0.12,71.50,5.78,0.42,0,0
1014.0,376,376,26,0,350,350,0,0,12,0,0.12,71.50,5.52,0.40,0,0
1015.0,376,376,26,0,350,350,0,0,13,0,0.12,71.50,5.46,0.39,0,0
1016.0,376,376,26,0,350,350,0,0,14,0,0.12,71.50,5.61,0.40,0,0
1017.0,376,376,26,0,350,350,0,0,11,0,0.12,71.50,5.8,0.42,0,0
1018.0,376,376,26,0,350,350,0,0,9,0,0.12,71.50,6.1,0.44,0,0
1019.0,376,376,25,0,351,351,0,0,7,0,0.12,71.47,6.03,0.43,0,1
1020.0,382,381,29,1,352,352,0,0,5,0,0.12,71.40,7.44,0.53,0,0
1021.0,382,382,30,0,352,352,0,0,3,0,0.13,71.40,7.84,0.56,0,0
1022.0,382,382,30,0,352,352,0,0,4,0,0.13,71.40,8.24,0.59,0,0
1023.0,382,382,30,0,352,352,0,0,3,0,0.13,71.40,8.34,0.60,0,0
1024.0,382,382,30,0,352,352,0,0,3,0,0.13,71.40,8.66,0.62,0,0
1025.0,382,382,29,0,353,353,0,0,4,0,0.13,71.35,8.92,0.64,0,1
1026.0,382,382,29,0,353,353,0,0,4,0,0.13,71.35,9.21,0.66,0,0
1027.0,382,382,29,0,353,353,0,0,4,0,0.13,71.35,9.48,0.68,0,0
1028.0,382,382,29,0,353,353,0,0,4,0,0.13,71.35,9.68,0.70,0,0
1029.0,382,382,29,0,353,353,0,0,4,0,0.13,71.35,9.91,0.71,0,0
1030.0,382,382,29,0,353,353,0,0,4,0,0.13,71.35,9.95,0.72,0,0
1031.0,382,382,29,0,353,353,0,0,4,0,0.13,71.35,9.91,0.71,0,0
1032.0,384,384,30,0,354,354,0,0,5,0,0.12,71.28,9.96,0.72,0,0
1033.0,384,384,30,0,354,354,0,0,5,0,0.12,71.28,9.82,0.71,0,1
1034.0,384,384,30,0,354,354,0,0,5,0,0.12,71.28,9.88,0.71,0,0
1035.0,386,386,31,0,355,355,0,0,6,0,0.12,71.23,10.03,0.72,0,0
1036.0,386,386,31,0,355,355,0,0,6,0,0.12,71.23,10.03,0.72,0,0
1037.0,386,386,31,0,355,355,0,0,6,0,0.12,71.23,10.05,0.72,0,0
1038.0,386,386,31,0,355,355,0,0,6,0,0.12,71.23,10.14,0.73,0,0
1039.0,386,386,30,0,356,356,0,0,6,0,0.12,71.16,10.13,0.73,0,0
1040.0,386,386,30,0,356,356,0,0,6,0,0.12,71.16,9.74,0.70,0,1
1041.0,386,386,30,0,356,356,0,0,5,0,0.12,71.16,9.27,0.67,0,0
1042.0,386,386,30,0,356,356,0,0,5,0,0.12,71.16,8.44,0.61,0,0
1043.0,386,386,29,0,357,357,0,0,6,0,0.12,71.28,7.9,0.57,0,0
1044.0,388,388,31,0,357,357,0,0,6,0,0.12,71.28,8.03,0.58,0,0
1045.0,388,388,30,0,358,358,0,0,8,0,0.12,71.40,8.01,0.58,0,0
1046.0,388,388,29,0,359,359,0,0,9,0,0.12,71.48,7.84,0.56,0,0
1047.0,388,388,28,0,360,360,0,0,9,0,0.12,71.57,7.85,0.56,0,0
1048.0,388,388,27,0,361,361,0,0,10,0,0.12,71.61,7.58,0.55,0,0
1049.0,388,388,26,0,362,362,0,0,10,0,0.12,71.66,7.45,0.54,0,1
1050.0,390,390,27,0,363,363,0,0,10,0,0.12,71.67,7.77,0.56,0,0
1051.0,390,390,26,0,364,364,0,0,10,0,0.12,71.72,7.48,0.54,0,0
1052.0,390,390,25,0,365,365,0,0,10,0,0.12,71.70,6.96,0.50,0,0
1053.0,390,390,24,0,366,366,0,0,7,0,0.12,71.63,6.71,0.48,0,0
1054.0,390,390,24,0,366,366,0,0,5,0,0.12,71.63,6.75,0.49,0,0
1055.0,390,390,24,0,366,366,0,0,4,0,0.12,71.63,6.83,0.49,0,0
1056.0,392,392,26,0,366,366,0,0,3,0,0.12,71.63,7.41,0.53,0,1
1057.0,392,392,25,0,367,367,0,0,3,0,0.12,71.66,7.54,0.54,0,0
1058.0,392,392,24,0,368,368,0,0,3,0,0.12,71.65,7.38,0.53,0,0
1059.0,392,392,24,0,368,368,0,0,3,0,0.12,71.65,7.47,0.54,0,0
1060.0,392,392,23,0,369,369,0,0,4,0,0.12,71.64,7.51,0.54,0,0
1061.0,392,392,23,0,369,369,0,0,5,0,0.12,71.64,7.79,0.56,0,0
1062.0,392,392,23,0,369,369,0,0,5,0,0.12,71.64,7.96,0.57,0,0
1063.0,392,392,22,0,370,370,0,0,5,0,0.12,71.60,8.14,0.59,0,0
1064.0,392,392,22,0,370,370,0,0,5,0,0.12,71.60,8.35,0.60,0,0
1065.0,394,394,24,0,370,370,0,0,5,0,0.12,71.60,9.04,0.65,0,1
1066.0,394,394,24,0,370,370,0,0,5,0,0.12,71.60,9.11,0.66,0,0
1067.0,394,394,23,0,371,371,0,0,5,0,0.12,71.70,9.01,0.65,0,0
1068.0,396,396,25,0,371,371,0,0,5,0,0.12,71.70,9.24,0.66,0,0
1069.0,396,396,24,0,372,372,0,0,5,0,0.12,71.64,9.09,0.65,0,0
1070.0,396,396,24,0,372,372,0,0,5,0,0.12,71.64,8.92,0.64,0,0
1071.0,396,396,24,0,372,372,0,0,5,0,0.12,71.64,8.72,0.63,0,0
1072.0,396,396,24,0,372,372,0,0,5,0,0.12,71.64,8.28,0.60,0,0
1073.0,396,396,24,0,372,372,0,0,7,0,0.12,71.64,8.22,0.59,0,0
1074.0,396,396,24,0,372,372,0,0,7,0,0.12,71.64,8.29,0.60,0,0
1075.0,396,396,24,0,372,372,0,0,7,0,0.12,71.64,8.44,0.61,0,0
1076.0,396,396,24,0,372,372,0,0,7,0,0.12,71.64,8.49,0.61,0,0
1077.0,396,396,24,0,372,372,0,0,7,0,0.12,71.64,8.63,0.62,0,0
1078.0,396,396,23,0,373,373,0,0,7,0,0.12,71.66,8.49,0.61,0,0
1079.0,396,396,23,0,373,373,0,0,7,0,0.12,71.66,8.22,0.59,0,0
1080.0,405,403,29,2,374,374,0,0,7,0,0.12,71.71,9.35,0.67,0,0
1081.0,405,404,29,1,375,375,0,0,7,0,0.12,71.72,8.99,0.65,0,0
1082.0,405,404,29,1,375,375,0,0,7,0,0.12,71.72,8.84,0.64,0,1
1083.0,405,405,29,0,376,376,0,0,7,0,0.13,71.76,8.61,0.62,0,0
1084.0,405,405,29,0,376,376,0,0,7,0,0.13,71.76,8.79,0.63,0,0
1085.0,405,405,27,0,378,378,0,0,7,0,0.13,71.75,8.41,0.61,0,0
1086.0,405,405,27,0,378,378,0,0,7,0,0.13,71.75,8.58,0.62,0,0
1087.0,405,405,26,0,379,379,0,0,7,0,0.13,71.74,8.5,0.61,0,0
1088.0,405,405,25,0,380,380,0,0,8,0,0.13,71.70,8.11,0.58,0,0
1089.0,405,405,25,0,380,380,0,0,8,0,0.13,71.70,8.04,0.58,0,0
1090.0,405,405,25,0,380,380,0,0,8,0,0.13,71.70,7.67,0.55,0,0
1091.0,405,405,25,0,380,380,0,0,9,0,0.13,71.70,7.59,0.55,0,1
1092.0,407,407,26,0,381,381,0,0,9,0,0.13,71.67,7.83,0.56,0,0
1093.0,407,407,26,0,381,381,0,0,9,0,0.13,71.67,7.92,0.57,0,0
1094.0,407,407,26,0,381,381,0,0,9,0,0.13,71.67,7.73,0.56,0,0
1095.0,409,409,27,0,382,382,0,0,9,0,0.13,71.62,7.94,0.57,0,0
1096.0,409,409,27,0,382,382,0,0,9,0,0.13,71.62,7.89,0.57,0,0
1097.0,409,409,27,0,382,382,0,0,9,0,0.13,71.62,8.03,0.58,0,0
1098.0,409,409,27,0,382,382,0,0,9,0,0.13,71.62,8.04,0.58,0,0
1099.0,409,409,27,0,382,382,0,0,9,0,0.13,71.62,7.85,0.56,0,1
1100.0,409,409,27,0,382,382,0,0,9,0,0.13,71.62,7.58,0.55,0,0
1101.0,409,409,27,0,382,382,0,0,9,0,0.13,71.62,7.05,0.51,0,0
1102.0,409,409,27,0,382,382,0,0,11,0,0.13,71.62,6.2,0.45,0,0
1103.0,409,409,26,0,383,383,0,0,11,0,0.13,71.58,5.16,0.37,0,0
1104.0,411,411,28,0,383,383,0,0,11,0,0.13,71.58,5.51,0.40,0,0
1105.0,411,411,28,0,383,383,0,0,13,0,0.13,71.58,5.47,0.39,0,0
1106.0,411,411,28,0,383,383,0,0,14,0,0.13,71.58,5.62,0.40,0,0
1107.0,411,411,28,0,383,383,0,0,12,0,0.13,71.58,5.86,0.42,0,0
1108.0,411,411,27,0,384,384,0,0,10,0,0.13,71.53,6.22,0.45,0,1
1109.0,411,411,27,0,384,384,0,0,8,0,0.13,71.53,6.59,0.47,0,0
1110.0,413,413,29,0,384,384,0,0,6,0,0.13,71.53,7.47,0.54,0,0
1111.0,413,413,29,0,384,384,0,0,4,0,0.13,71.53,7.74,0.56,0,0
1112.0,413,413,29,0,384,384,0,0,4,0,0.13,71.53,8.05,0.58,0,0
1113.0,413,413,28,0,385,385,0,0,3,0,0.13,71.49,8.06,0.58,0,0
1114.0,413,413,28,0,385,385,0,0,2,0,0.13,71.49,8.28,0.60,0,0
1115.0,413,413,28,0,385,385,0,0,2,0,0.13,71.49,8.63,0.62,0,0
1116.0,415,415,29,0,386,386,0,0,3,0,0.13,71.43,9.06,0.65,0,1
1117.0,415,415,29,0,386,386,0,0,4,0,0.13,71.43,9.46,0.68,0,0
1118.0,415,415,29,0,386,386,0,0,4,0,0.13,71.43,9.86,0.71,0,0
1119.0,415,415,29,0,386,386,0,0,4,0,0.13,71.43,10.23,0.74,0,0
1120.0,415,415,29,0,386,386,0,0,4,0,0.13,71.43,10.32,0.74,0,0
1121.0,415,415,29,0,386,386,0,0,4,0,0.13,71.43,10.45,0.75,0,0
1122.0,415,415,29,0,386,386,0,0,4,0,0.13,71.43,10.29,0.74,0,0
1123.0,415,415,29,0,386,386,0,0,4,0,0.13,71.43,10.38,0.75,0,0
1124.0,415,415,29,0,386,386,0,0,4,0,0.13,71.43,10.45,0.75,0,0
1125.0,417,417,29,0,388,388,0,0,4,0,0.12,71.33,10.31,0.74,0,0
1126.0,417,417,29,0,388,388,0,0,4,0,0.12,71.33,10.12,0.73,0,0
1127.0,417,417,27,0,390,390,0,0,4,0,0.12,71.20,9.85,0.71,0,0
1128.0,419,419,29,0,390,390,0,0,6,0,0.12,71.20,10.09,0.73,0,0
1129.0,419,419,29,0,390,390,0,0,6,0,0.12,71.20,10.06,0.72,0,0
1130.0,419,419,29,0,390,390,0,0,6,0,0.12,71.20,10.07,0.72,0,0
1131.0,419,419,29,0,390,390,0,0,5,0,0.12,71.20,9.96,0.72,0,0
1132.0,419,419,29,0,390,390,0,0,5,0,0.12,71.20,9.73,0.70,0,1
1133.0,419,419,27,0,392,392,0,0,5,0,0.12,71.42,9.26,0.67,0,0
1134.0,419,419,27,0,392,392,0,0,5,0,0.12,71.42,9.13,0.66,0,0
1135.0,419,419,25,0,394,394,0,0,6,0,0.12,71.60,8.74,0.63,0,0
1136.0,419,419,25,0,394,394,0,0,7,0,0.12,71.60,8.74,0.63,0,0
1137.0,419,419,24,0,395,395,0,0,7,0,0.12,71.64,8.34,0.60,0,0
1138.0,419,419,24,0,395,395,0,0,7,0,0.12,71.64,8.08,0.58,0,0
1139.0,419,419,23,0,396,396,0,0,7,0,0.12,71.72,7.52,0.54,0,0
1140.0,425,424,28,1,396,396,0,0,8,0,0.12,71.72,8.59,0.62,0,1
1141.0,425,425,28,0,397,397,0,0,9,0,0.12,71.77,8.43,0.61,0,0
1142.0,425,425,28,0,397,397,0,0,9,0,0.12,71.77,8.47,0.61,0,0
1143.0,425,425,26,0,399,399,0,0,6,0,0.12,71.80,8.6,0.62,0,0
1144.0,425,425,24,0,401,401,0,0,4,0,0.12,71.76,8.56,0.62,0,0
1145.0,425,425,24,0,401,401,0,0,2,0,0.12,71.76,8.96,0.64,0,0
1146.0,425,425,23,0,402,402,0,0,2,0,0.12,71.71,8.52,0.61,0,0
1147.0,425,425,23,0,402,402,0,0,2,0,0.12,71.71,8.72,0.63,0,0
1148.0,425,425,22,0,403,403,0,0,3,0,0.12,71.69,8.12,0.58,0,0
1149.0,425,425,21,0,404,404,0,0,4,0,0.12,71.68,8.12,0.58,0,0
1150.0,425,425,21,0,404,404,0,0,4,0,0.12,71.68,8.14,0.59,0,0
1151.0,425,425,20,0,405,405,0,0,4,0,0.12,71.64,7.94,0.57,0,0
1152.0,427,427,22,0,405,405,0,0,4,0,0.12,71.64,8.49,0.61,0,0
1153.0,427,427,22,0,405,405,0,0,4,0,0.12,71.64,8.76,0.63,0,0
1154.0,427,427,22,0,405,405,0,0,4,0,0.12,71.64,8.91,0.64,0,0
1155.0,429,429,24,0,405,405,0,0,4,0,0.12,71.64,9.39,0.68,0,1
1156.0,429,429,23,0,406,406,0,0,4,0,0.12,71.65,9.41,0.68,0,0
1157.0,429,429,23,0,406,406,0,0,4,0,0.12,71.65,9.86,0.71,0,0
1158.0,429,429,23,0,406,406,0,0,4,0,0.12,71.65,10.01,0.72,0,0
1159.0,429,429,23,0,406,406,0,0,4,0,0.12,71.65,10.31,0.74,0,0
1160.0,429,429,23,0,406,406,0,0,4,0,0.12,71.65,10.29,0.74,0,0
1161.0,429,429,23,0,406,406,0,0,4,0,0.12,71.65,9.89,0.71,0,0
1162.0,429,429,23,0,406,406,0,0,4,0,0.12,71.65,9.0,0.65,0,0
1163.0,429,429,23,0,406,406,0,0,4,0,0.12,71.65,8.3,0.60,0,0
1164.0,431,431,25,0,406,406,0,0,5,0,0.12,71.65,8.57,0.62,0,1
1165.0,431,431,25,0,406,406,0,0,6,0,0.12,71.65,8.28,0.60,0,0
1166.0,431,431,25,0,406,406,0,0,7,0,0.12,71.65,8.07,0.58,0,0
1167.0,431,431,25,0,406,406,0,0,8,0,0.12,71.65,8.18,0.59,0,0
1168.0,431,431,24,0,407,407,0,0,8,0,0.12,71.66,8.1,0.58,0,0
1169.0,431,431,23,0,408,408,0,0,8,0,0.12,71.68,8.1,0.58,0,0
1170.0,436,435,26,1,409,409,0,0,8,0,0.12,71.72,8.94,0.64,0,0
1171.0,436,435,26,1,409,409,0,0,8,0,0.12,71.72,8.75,0.63,0,0
1172.0,436,436,26,0,410,410,0,0,8,0,0.13,71.71,8.93,0.64,0,1
1173.0,436,436,25,0,411,411,0,0,8,0,0.13,71.71,8.65,0.62,0,0
1174.0,436,436,25,0,411,411,0,0,8,0,0.13,71.71,8.31,0.60,0,0
1175.0,436,436,24,0,412,412,0,0,8,0,0.13,71.67,7.73,0.56,0,0
1176.0,438,438,26,0,412,412,0,0,8,0,0.13,71.67,7.7,0.55,0,0
1177.0,438,438,26,0,412,412,0,0,9,0,0.13,71.67,7.49,0.54,0,0
1178.0,438,438,25,0,413,413,0,0,10,0,0.13,71.65,7.35,0.53,0,0
1179.0,438,438,25,0,413,413,0,0,10,0,0.13,71.65,7.33,0.53,0,0
1180.0,438,438,23,0,415,415,0,0,10,0,0.13,71.56,6.75,0.49,0,1
1181.0,438,438,23,0,415,415,0,0,10,0,0.13,71.56,6.87,0.49,0,0
1182.0,438,438,23,0,415,415,0,0,10,0,0.13,71.56,6.8,0.49,0,0
1183.0,438,438,23,0,415,415,0,0,10,0,0.13,71.56,6.86,0.49,0,0
1184.0,438,438,23,0,415,415,0,0,10,0,0.13,71.56,6.95,0.50,0,0
1185.0,440,440,25,0,415,415,0,0,10,0,0.12,71.56,7.24,0.52,0,0
1186.0,440,440,25,0,415,415,0,0,10,0,0.12,71.56,6.92,0.50,0,0
1187.0,440,440,25,0,415,415,0,0,10,0,0.12,71.56,6.87,0.49,0,0
1188.0,442,442,27,0,415,415,0,0,10,0,0.12,71.56,7.33,0.53,0,0
1189.0,442,442,26,0,416,416,0,0,10,0,0.12,71.50,6.84,0.49,0,0
1190.0,442,442,26,0,416,416,0,0,10,0,0.12,71.50,6.81,0.49,0,0
1191.0,442,442,25,0,417,417,0,0,10,0,0.12,71.45,6.2,0.45,0,0
1192.0,442,442,25,0,417,417,0,0,11,0,0.12,71.45,5.79,0.42,0,0
1193.0,442,442,25,0,417,417,0,0,11,0,0.12,71.45,5.76,0.41,0,0
1194.0,442,442,25,0,417,417,0,0,12,0,0.12,71.45,5.44,0.39,0,0
1195.0,442,442,25,0,417,417,0,0,13,0,0.12,71.45,5.37,0.39,0,0
1196.0,442,442,25,0,417,417,0,0,14,0,0.12,71.45,5.47,0.39,0,0
1197.0,442,442,25,0,417,417,0,0,11,0,0.12,71.45,5.62,0.40,0,0
1198.0,442,442,25,0,417,417,0,0,9,0,0.12,71.45,5.72,0.41,0,1
1199.0,442,442,25,0,417,417,0,0,7,0,0.12,71.45,5.73,0.41,0,0
1200.0,448,447,30,1,417,417,0,0,5,0,0.12,71.45,7.33,0.53,0,0
1201.0,448,448,31,0,417,417,0,0,5,0,0.12,71.45,7.75,0.56,0,0
1202.0,448,448,30,0,418,418,0,0,4,0,0.12,71.40,7.99,0.57,0,0
1203.0,448,448,30,0,418,418,0,0,4,0,0.12,71.40,8.57,0.62,0,0
1204.0,448,448,30,0,418,418,0,0,4,0,0.12,71.40,8.94,0.64,0,0
1205.0,448,448,30,0,418,418,0,0,4,0,0.12,71.40,9.15,0.66,0,0
1206.0,448,448,30,0,418,418,0,0,4,0,0.12,71.40,9.37,0.67,0,0
1207.0,448,448,30,0,418,418,0,0,4,0,0.12,71.40,9.63,0.69,0,0
1208.0,448,448,30,0,418,418,0,0,4,0,0.12,71.40,9.8,0.71,0,0
1209.0,448,448,30,0,418,418,0,0,4,0,0.12,71.40,9.62,0.69,0,0
1210.0,448,448,30,0,418,418,0,0,4,0,0.12,71.40,9.58,0.69,0,0
1211.0,448,448,30,0,418,418,0,0,4,0,0.12,71.40,9.61,0.69,0,0
1212.0,450,450,30,0,420,420,0,0,4,0,0.12,71.32,9.91,0.71,0,1
1213.0,450,450,30,0,420,420,0,0,6,0,0.12,71.32,9.95,0.72,0,0
1214.0,450,450,29,0,421,421,0,0,6,0,0.12,71.27,9.91,0.71,0,0
1215.0,452,452,31,0,421,421,0,0,6,0,0.12,71.27,10.13,0.73,0,0
1216.0,452,452,31,0,421,421,0,0,6,0,0.12,71.27,10.19,0.73,0,0
1217.0,452,452,30,0,422,422,0,0,6,0,0.12,71.21,10.14,0.73,0,0
1218.0,452,452,30,0,422,422,0,0,6,0,0.12,71.21,10.15,0.73,0,0
1219.0,452,452,30,0,422,422,0,0,6,0,0.12,71.21,10.15,0.73,0,0
1220.0,452,452,30,0,422,422,0,0,6,0,0.12,71.21,10.05,0.72,0,1
1221.0,452,452,30,0,422,422,0,0,5,0,0.12,71.21,9.6,0.69,0,0
1222.0,452,452,30,0,422,422,0,0,5,0,0.12,71.21,8.92,0.64,0,0
1223.0,452,452,28,0,424,424,0,0,5,0,0.12,71.41,8.37,0.60,0,0
1224.0,454,454,30,0,424,424,0,0,8,0,0.12,71.41,8.52,0.61,0,0
1225.0,454,454,28,0,426,426,0,0,9,0,0.12,71.54,8.09,0.58,0,0
1226.0,454,454,28,0,426,426,0,0,9,0,0.12,71.54,8.12,0.58,0,0
1227.0,454,454,27,0,427,427,0,0,9,0,0.12,71.58,7.88,0.57,0,0
1228.0,454,454,26,0,428,428,0,0,9,0,0.12,71.62,7.64,0.55,0,0
1229.0,454,454,26,0,428,428,0,0,9,0,0.12,71.62,7.64,0.55,0,0
1230.0,456,456,26,0,430,430,0,0,10,0,0.12,71.67,7.51,0.54,0,0
1231.0,456,456,26,0,430,430,0,0,10,0,0.12,71.67,7.59,0.55,0,0
1232.0,456,456,24,0,432,432,0,0,10,0,0.12,71.66,7.03,0.51,0,0
1233.0,456,456,24,0,432,432,0,0,7,0,0.12,71.66,7.13,0.51,0,0
1234.0,456,456,22,0,434,434,0,0,5,0,0.12,71.59,6.73,0.48,0,0
1235.0,456,456,22,0,434,434,0,0,3,0,0.12,71.59,6.9,0.50,0,0
1236.0,458,458,24,0,434,434,0,0,3,0,0.12,71.59,7.72,0.56,0,1
1237.0,458,458,23,0,435,435,0,0,3,0,0.12,71.57,7.49,0.54,0,0
1238.0,458,458,23,0,435,435,0,0,3,0,0.12,71.57,7.61,0.55,0,0
1239.0,458,458,23,0,435,435,0,0,4,0,0.12,71.57,7.79,0.56,0,0
1240.0,458,458,23,0,435,435,0,0,4,0,0.12,71.57,7.72,0.56,0,0
1241.0,458,458,23,0,435,435,0,0,4,0,0.12,71.57,7.89,0.57,0,0
1242.0,458,458,23,0,435,435,0,0,5,0,0.12,71.57,8.12,0.58,0,0
1243.0,458,458,22,0,436,436,0,0,5,0,0.12,71.54,8.14,0.59,0,0
1244.0,458,458,22,0,436,436,0,0,5,0,0.12,71.54,8.5,0.61,0,0
1245.0,460,460,24,0,436,436,0,0,5,0,0.12,71.54,8.78,0.63,0,0
1246.0,460,460,24,0,436,436,0,0,5,0,0.12,71.54,8.78,0.63,0,0
1247.0,460,460,24,0,436,436,0,0,5,0,0.12,71.54,8.81,0.63,0,0
1248.0,462,462,26,0,436,436,0,0,5,0,0.12,71.54,9.24,0.66,0,0
1249.0,462,462,26,0,436,436,0,0,5,0,0.12,71.54,9.22,0.66,0,1
1250.0,462,462,25,0,437,437,0,0,5,0,0.12,71.63,9.34,0.67,0,0
1251.0,462,462,24,0,438,438,0,0,5,0,0.12,71.58,9.37,0.67,0,0
1252.0,462,462,24,0,438,438,0,0,5,0,0.12,71.58,9.3,0.67,0,0
1253.0,462,462,24,0,438,438,0,0,5,0,0.12,71.58,9.08,0.65,0,0
1254.0,462,462,24,0,438,438,0,0,6,0,0.12,71.58,9.08,0.65,0,0
1255.0,462,462,24,0,438,438,0,0,6,0,0.12,71.58,8.93,0.64,0,0
1256.0,462,462,24,0,438,438,0,0,6,0,0.12,71.58,9.02,0.65,0,0
1257.0,462,462,24,0,438,438,0,0,7,0,0.12,71.58,8.89,0.64,0,0
1258.0,462,462,24,0,438,438,0,0,7,0,0.12,71.58,8.42,0.61,0,0
1259.0,462,462,22,0,440,440,0,0,7,0,0.12,71.63,7.77,0.56,0,0
1260.0,471,469,28,2,441,441,0,0,7,0,0.12,71.67,8.97,0.65,0,1
1261.0,471,470,29,1,441,441,0,0,7,0,0.12,71.67,8.81,0.63,0,0
1262.0,471,470,28,1,442,442,0,0,7,0,0.12,71.68,8.94,0.64,0,0
1263.0,471,471,28,0,443,443,0,0,7,0,0.13,71.69,9.0,0.65,0,0
1264.0,471,471,28,0,443,443,0,0,7,0,0.13,71.69,9.08,0.65,0,0
1265.0,471,471,27,0,444,444,0,0,7,0,0.13,71.67,8.77,0.63,0,0
1266.0,471,471,26,0,445,445,0,0,7,0,0.13,71.66,8.37,0.60,0,0
1267.0,471,471,26,0,445,445,0,0,7,0,0.13,71.66,8.2,0.59,0,1
1268.0,471,471,26,0,445,445,0,0,8,0,0.13,71.66,8.0,0.58,0,0
1269.0,471,471,25,0,446,446,0,0,8,0,0.13,71.63,7.74,0.56,0,0
1270.0,471,471,25,0,446,446,0,0,9,0,0.13,71.63,7.3,0.52,0,0
1271.0,471,471,25,0,446,446,0,0,9,0,0.13,71.63,7.03,0.51,0,0
1272.0,473,473,27,0,446,446,0,0,9,0,0.13,71.63,7.63,0.55,0,0
1273.0,473,473,27,0,446,446,0,0,9,0,0.13,71.63,7.56,0.54,0,0
1274.0,473,473,27,0,446,446,0,0,9,0,0.13,71.63,7.63,0.55,0,0
1275.0,475,475,29,0,446,446,0,0,9,0,0.13,71.63,8.01,0.58,0,0
1276.0,475,475,28,0,447,447,0,0,9,0,0.13,71.61,8.06,0.58,0,1
1277.0,475,475,27,0,448,448,0,0,9,0,0.13,71.57,8.16,0.59,0,0
1278.0,475,475,26,0,449,449,0,0,9,0,0.13,71.53,7.99,0.57,0,0
1279.0,475,475,26,0,449,449,0,0,9,0,0.13,71.53,7.78,0.56,0,0
1280.0,475,475,26,0,449,449,0,0,9,0,0.13,71.53,7.6,0.55,0,0
1281.0,475,475,26,0,449,449,0,0,9,0,0.13,71.53,7.32,0.53,0,0
1282.0,475,475,26,0,449,449,0,0,10,0,0.13,71.53,6.5,0.47,0,0
1283.0,475,475,26,0,449,449,0,0,10,0,0.13,71.53,5.51,0.40,0,0
1284.0,477,477,26,0,451,451,0,0,11,0,0.13,71.42,4.86,0.35,0,1
1285.0,477,477,26,0,451,451,0,0,13,0,0.13,71.42,4.44,0.32,0,0
1286.0,477,477,26,0,451,451,0,0,14,0,0.13,71.42,4.16,0.30,0,0
1287.0,477,477,26,0,451,451,0,0,13,0,0.13,71.42,4.3,0.31,0,0
1288.0,477,477,26,0,451,451,0,0,11,0,0.13,71.42,4.7,0.34,0,0
1289.0,477,477,26,0,451,451,0,0,10,0,0.13,71.42,5.03,0.36,0,0
1290.0,479,479,28,0,451,451,0,0,8,0,0.13,71.42,6.08,0.44,0,0
1291.0,479,479,28,0,451,451,0,0,6,0,0.13,71.42,6.59,0.47,0,0
1292.0,479,479,28,0,451,451,0,0,6,0,0.13,71.42,6.91,0.50,0,0
1293.0,479,479,28,0,451,451,0,0,5,0,0.13,71.42,7.23,0.52,0,0
1294.0,479,479,28,0,451,451,0,0,4,0,0.13,71.42,7.56,0.54,0,0
1295.0,479,479,28,0,451,451,0,0,5,0,0.13,71.42,7.72,0.56,0,0
1296.0,481,481,29,0,452,452,0,0,5,0,0.12,71.37,8.41,0.60,0,0
1297.0,481,481,28,0,453,453,0,0,6,0,0.12,71.32,8.34,0.60,0,0
1298.0,481,481,28,0,453,453,0,0,6,0,0.12,71.32,8.65,0.62,0,0
1299.0,481,481,28,0,453,453,0,0,6,0,0.12,71.32,8.75,0.63,0,1
1300.0,481,481,28,0,453,453,0,0,6,0,0.12,71.32,8.94,0.64,0,0
1301.0,481,481,28,0,453,453,0,0,6,0,0.12,71.32,9.03,0.65,0,0
1302.0,481,481,28,0,453,453,0,0,6,0,0.12,71.32,9.09,0.65,0,0
1303.0,481,481,28,0,453,453,0,0,6,0,0.12,71.32,9.2,0.66,0,0
1304.0,481,481,28,0,453,453,0,0,6,0,0.12,71.32,9.16,0.66,0,0
1305.0,483,483,30,0,453,453,0,0,6,0,0.12,71.32,9.54,0.69,0,0
1306.0,483,483,30,0,453,453,0,0,6,0,0.12,71.32,9.25,0.67,0,0
1307.0,483,483,30,0,453,453,0,0,6,0,0.12,71.32,9.06,0.65,0,0
1308.0,485,485,32,0,453,453,0,0,6,0,0.12,71.32,9.21,0.66,0,1
1309.0,485,485,32,0,453,453,0,0,8,0,0.12,71.32,9.2,0.66,0,0
1310.0,485,485,31,0,454,454,0,0,8,0,0.12,71.28,9.22,0.66,0,0
1311.0,485,485,31,0,454,454,0,0,7,0,0.12,71.28,9.0,0.65,0,0
1312.0,485,485,31,0,454,454,0,0,7,0,0.12,71.28,8.83,0.63,0,0
1313.0,485,485,30,0,455,455,0,0,7,0,0.12,71.37,8.31,0.60,0,0
1314.0,485,485,29,0,456,456,0,0,7,0,0.12,71.46,8.13,0.58,0,0
1315.0,485,485,29,0,456,456,0,0,7,0,0.12,71.46,8.24,0.59,0,0
1316.0,485,485,29,0,456,456,0,0,9,0,0.12,71.46,8.02,0.58,0,0
1317.0,485,485,28,0,457,457,0,0,9,0,0.12,71.53,7.67,0.55,0,1
1318.0,485,485,27,0,458,458,0,0,9,0,0.12,71.60,7.24,0.52,0,0
1319.0,485,485,27,0,458,458,0,0,10,0,0.12,71.60,7.23,0.52,0,0
1320.0,491,490,30,1,460,460,0,0,10,0,0.12,71.74,7.93,0.57,0,0
1321.0,491,491,30,0,461,461,0,0,11,0,0.12,71.78,7.81,0.56,0,0
1322.0,491,491,29,0,462,462,0,0,11,0,0.12,71.79,7.65,0.55,0,0
1323.0,491,491,28,0,463,463,0,0,8,0,0.12,71.81,7.73,0.56,0,1
1324.0,491,491,27,0,464,464,0,0,6,0,0.12,71.79,7.81,0.56,0,0
1325.0,491,491,26,0,465,465,0,0,4,0,0.12,71.77,8.03,0.58,0,0
1326.0,491,491,26,0,465,465,0,0,3,0,0.12,71.77,8.11,0.58,0,0
1327.0,491,491,26,0,465,465,0,0,3,0,0.12,71.77,8.06,0.58,0,0
1328.0,491,491,26,0,465,465,0,0,4,0,0.12,71.77,8.08,0.58,0,0
1329.0,491,491,25,0,466,466,0,0,5,0,0.12,71.76,8.15,0.59,0,0
1330.0,491,491,24,0,467,467,0,0,5,0,0.12,71.76,8.06,0.58,0,0
1331.0,491,491,24,0,467,467,0,0,5,0,0.12,71.76,8.16,0.59,0,0
1332.0,493,493,25,0,468,468,0,0,5,0,0.12,71.72,8.5,0.61,0,0
1333.0,493,493,25,0,468,468,0,0,5,0,0.12,71.72,8.59,0.62,0,0
1334.0,493,493,25,0,468,468,0,0,5,0,0.12,71.72,8.61,0.62,0,0
1335.0,495,495,27,0,468,468,0,0,5,0,0.12,71.72,9.09,0.65,0,0
1336.0,495,495,26,0,469,469,0,0,5,0,0.12,71.73,9.32,0.67,0,0
1337.0,495,495,26,0,469,469,0,0,5,0,0.12,71.73,9.43,0.68,0,0
1338.0,495,495,26,0,469,469,0,0,5,0,0.12,71.73,9.59,0.69,0,1
1339.0,495,495,25,0,470,470,0,0,5,0,0.12,71.72,9.63,0.69,0,0
1340.0,495,495,25,0,470,470,0,0,5,0,0.12,71.72,9.43,0.68,0,0
1341.0,495,495,25,0,470,470,0,0,5,0,0.12,71.72,9.11,0.66,0,0
1342.0,495,495,25,0,470,470,0,0,5,0,0.12,71.72,8.36,0.60,0,0
1343.0,495,495,25,0,470,470,0,0,6,0,0.12,71.72,7.67,0.55,0,0
1344.0,497,497,27,0,470,470,0,0,7,0,0.12,71.72,7.91,0.57,0,0
1345.0,497,497,27,0,470,470,0,0,9,0,0.12,71.72,7.81,0.56,0,0
1346.0,497,497,27,0,470,470,0,0,9,0,0.12,71.72,7.83,0.56,0,0
1347.0,497,497,27,0,470,470,0,0,9,0,0.12,71.72,8.02,0.58,0,0
1348.0,497,497,26,0,471,471,0,0,9,0,0.12,71.73,7.9,0.57,0,0
1349.0,497,497,25,0,472,472,0,0,9,0,0.12,71.76,7.93,0.57,0,0
1350.0,502,501,29,1,472,472,0,0,8,0,0.12,71.76,8.89,0.64,0,0
1351.0,502,501,28,1,473,473,0,0,8,0,0.12,71.75,8.58,0.62,0,0
1352.0,502,502,29,0,473,473,0,0,8,0,0.13,71.75,8.96,0.64,0,0
1353.0,502,502,28,0,474,474,0,0,8,0,0.13,71.80,8.67,0.62,0,0
1354.0,502,502,27,0,475,475,0,0,8,0,0.13,71.82,8.27,0.60,0,1
1355.0,502,502,26,0,476,476,0,0,8,0,0.13,71.79,7.7,0.55,0,0
1356.0,504,504,28,0,476,476,0,0,8,0,0.12,71.79,8.23,0.59,0,0
1357.0,504,504,28,0,476,476,0,0,8,0,0.12,71.79,8.05,0.58,0,0
1358.0,504,504,26,0,478,478,0,0,8,0,0.12,71.75,7.7,0.55,0,0
1359.0,504,504,26,0,478,478,0,0,8,0,0.12,71.75,7.7,0.55,0,0
1360.0,504,504,25,0,479,479,0,0,9,0,0.12,71.73,7.55,0.54,0,0
1361.0,504,504,25,0,479,479,0,0,9,0,0.12,71.73,7.66,0.55,0,0
1362.0,504,504,25,0,479,479,0,0,10,0,0.12,71.73,7.76,0.56,0,0
1363.0,504,504,25,0,479,479,0,0,10,0,0.12,71.73,7.84,0.56,0,0
1364.0,504,504,25,0,479,479,0,0,10,0,0.12,71.73,7.77,0.56,0,0
1365.0,506,506,27,0,479,479,0,0,10,0,0.12,71.73,7.9,0.57,0,0
1366.0,506,506,27,0,479,479,0,0,10,0,0.12,71.73,7.58,0.55,0,0
1367.0,506,506,26,0,480,480,0,0,10,0,0.12,71.71,7.19,0.52,0,0
1368.0,508,508,27,0,481,481,0,0,10,0,0.12,71.66,7.38,0.53,0,0
1369.0,508,508,27,0,481,481,0,0,10,0,0.12,71.66,7.12,0.51,0,1
1370.0,508,508,27,0,481,481,0,0,10,0,0.12,71.66,6.88,0.49,0,0
1371.0,508,508,26,0,482,482,0,0,10,0,0.12,71.62,6.45,0.46,0,0
1372.0,508,508,26,0,482,482,0,0,11,0,0.12,71.62,6.04,0.43,0,0
1373.0,508,508,26,0,482,482,0,0,13,0,0.12,71.62,5.86,0.42,0,0
1374.0,508,508,26,0,482,482,0,0,13,0,0.12,71.62,5.81,0.42,0,0
1375.0,508,508,26,0,482,482,0,0,13,0,0.12,71.62,5.94,0.43,0,0
1376.0,508,508,26,0,482,482,0,0,14,0,0.12,71.62,5.93,0.43,0,0
1377.0,508,508,26,0,482,482,0,0,11,0,0.12,71.62,6.02,0.43,0,0
1378.0,508,508,25,0,483,483,0,0,9,0,0.12,71.71,5.83,0.42,0,1
1379.0,508,508,25,0,483,483,0,0,7,0,0.12,71.71,5.77,0.42,0,0
1380.0,514,513,29,1,484,484,0,0,5,0,0.12,71.66,7.22,0.52,0,0
1381.0,514,514,29,0,485,485,0,0,4,0,0.12,71.62,7.63,0.55,0,0
1382.0,514,514,29,0,485,485,0,0,5,0,0.12,71.62,8.16,0.59,0,0
1383.0,514,514,29,0,485,485,0,0,4,0,0.12,71.62,8.72,0.63,0,0
1384.0,514,514,29,0,485,485,0,0,4,0,0.12,71.62,9.05,0.65,0,0
1385.0,514,514,29,0,485,485,0,0,4,0,0.12,71.62,9.25,0.67,0,0
1386.0,514,514,29,0,485,485,0,0,4,0,0.12,71.62,9.57,0.69,0,0
1387.0,514,514,29,0,485,485,0,0,4,0,0.12,71.62,9.8,0.70,0,0
1388.0,514,514,29,0,485,485,0,0,4,0,0.12,71.62,9.86,0.71,0,0
1389.0,514,514,29,0,485,485,0,0,4,0,0.12,71.62,9.98,0.72,0,0
1390.0,514,514,29,0,485,485,0,0,4,0,0.12,71.62,9.95,0.72,0,0
1391.0,514,514,29,0,485,485,0,0,4,0,0.12,71.62,9.83,0.71,0,0
1392.0,516,516,29,0,487,487,0,0,6,0,0.12,71.52,10.03,0.72,0,1
1393.0,516,516,29,0,487,487,0,0,6,0,0.12,71.52,9.94,0.72,0,0
1394.0,516,516,29,0,487,487,0,0,6,0,0.12,71.52,10.02,0.72,0,0
1395.0,518,518,31,0,487,487,0,0,6,0,0.12,71.52,10.28,0.74,0,0
1396.0,518,518,31,0,487,487,0,0,6,0,0.12,71.52,10.23,0.74,0,0
1397.0,518,518,30,0,488,488,0,0,6,0,0.12,71.47,10.15,0.73,0,0
1398.0,518,518,30,0,488,488,0,0,5,0,0.12,71.47,10.27,0.74,0,0
1399.0,518,518,30,0,488,488,0,0,5,0,0.12,71.47,10.28,0.74,0,1
1400.0,518,518,30,0,488,488,0,0,5,0,0.12,71.47,10.29,0.74,0,0
1401.0,518,518,30,0,488,488,0,0,5,0,0.12,71.47,9.85,0.71,0,0
1402.0,518,518,29,0,489,489,0,0,5,0,0.12,71.55,9.18,0.66,0,0
1403.0,518,518,28,0,490,490,0,0,5,0,0.12,71.64,8.5,0.61,0,0
1404.0,520,520,30,0,490,490,0,0,7,0,0.12,71.64,8.7,0.63,0,0
1405.0,520,520,28,0,492,492,0,0,8,0,0.12,71.75,8.34,0.60,0,0
1406.0,520,520,27,0,493,493,0,0,9,0,0.12,71.78,8.11,0.58,0,0
1407.0,520,520,26,0,494,494,0,0,9,0,0.12,71.81,7.85,0.56,0,0
1408.0,520,520,26,0,494,494,0,0,9,0,0.12,71.81,7.89,0.57,0,0
1409.0,520,520,26,0,494,494,0,0,9,0,0.12,71.81,7.86,0.57,0,0
1410.0,522,522,27,0,495,495,0,0,10,0,0.12,71.85,8.05,0.58,0,0
1411.0,522,522,26,0,496,496,0,0,10,0,0.12,71.85,7.67,0.55,0,0
1412.0,522,522,26,0,496,496,0,0,10,0,0.12,71.85,7.43,0.53,0,0
1413.0,522,522,24,0,498,498,0,0,7,0,0.12,71.85,7.08,0.51,0,0
1414.0,522,522,22,0,500,500,0,0,5,0,0.12,71.79,6.69,0.48,0,0
1415.0,522,522,22,0,500,500,0,0,5,0,0.12,71.79,7.19,0.52,0,1
1416.0,524,524,23,0,501,501,0,0,3,0,0.12,71.77,7.52,0.54,0,0
1417.0,524,524,23,0,501,501,0,0,3,0,0.12,71.77,7.56,0.54,0,0
1418.0,524,524,23,0,501,501,0,0,3,0,0.12,71.77,7.82,0.56,0,0
1419.0,524,524,23,0,501,501,0,0,4,0,0.12,71.77,7.82,0.56,0,0
1420.0,524,524,22,0,502,502,0,0,5,0,0.12,71.74,7.71,0.55,0,0
1421.0,524,524,22,0,502,502,0,0,5,0,0.12,71.74,8.15,0.59,0,0
1422.0,524,524,22,0,502,502,0,0,5,0,0.12,71.74,8.27,0.60,0,0
1423.0,524,524,22,0,502,502,0,0,5,0,0.12,71.74,8.46,0.61,0,0
1424.0,524,524,22,0,502,502,0,0,5,0,0.12,71.74,8.7,0.63,0,0
1425.0,526,526,23,0,503,503,0,0,5,0,0.12,71.81,9.21,0.66,0,0
1426.0,526,526,23,0,503,503,0,0,5,0,0.12,71.81,9.46,0.68,0,0
1427.0,526,526,23,0,503,503,0,0,5,0,0.12,71.81,9.31,0.67,0,0
1428.0,528,528,24,0,504,504,0,0,5,0,0.12,71.76,9.3,0.67,0,0
1429.0,528,528,24,0,504,504,0,0,5,0,0.12,71.76,9.34,0.67,0,0
1430.0,528,528,24,0,504,504,0,0,5,0,0.12,71.76,8.99,0.65,0,0
1431.0,528,528,24,0,504,504,0,0,5,0,0.12,71.76,8.72,0.63,0,0
1432.0,528,528,24,0,504,504,0,0,5,0,0.12,71.76,8.69,0.63,0,0
1433.0,528,528,24,0,504,504,0,0,6,0,0.12,71.76,8.75,0.63,0,0
1434.0,528,528,24,0,504,504,0,0,7,0,0.12,71.76,9.06,0.65,0,0
1435.0,528,528,24,0,504,504,0,0,7,0,0.12,71.76,9.17,0.66,0,0
1436.0,528,528,24,0,504,504,0,0,7,0,0.12,71.76,9.02,0.65,0,0
1437.0,528,528,22,0,506,506,0,0,7,0,0.12,71.79,8.56,0.62,0,0
1438.0,528,528,21,0,507,507,0,0,7,0,0.12,71.83,8.26,0.59,0,0
1439.0,528,528,21,0,507,507,0,0,7,0,0.12,71.83,7.9,0.57,0,0
1440.0,537,535,28,2,507,507,0,0,7,0,0.12,71.83,9.36,0.67,0,0
1441.0,537,536,27,1,509,509,0,0,7,0,0.12,71.83,9.08,0.65,0,0
1442.0,537,536,27,1,509,509,0,0,7,0,0.12,71.83,9.0,0.65,0,1
1443.0,537,537,28,0,509,509,0,0,7,0,0.13,71.83,9.17,0.66,0,0
1444.0,537,537,28,0,509,509,0,0,7,0,0.13,71.83,9.16,0.66,0,0
1445.0,537,537,27,0,510,510,0,0,7,0,0.13,71.82,8.76,0.63,0,0
1446.0,537,537,26,0,511,511,0,0,7,0,0.13,71.81,8.3,0.60,0,0
1447.0,537,537,26,0,511,511,0,0,7,0,0.13,71.81,8.15,0.59,0,0
1448.0,537,537,24,0,513,513,0,0,9,0,0.13,71.74,7.66,0.55,0,0
1449.0,537,537,24,0,513,513,0,0,9,0,0.13,71.74,7.27,0.52,0,0
1450.0,537,537,24,0,513,513,0,0,9,0,0.13,71.74,7.0,0.50,0,0
1451.0,537,537,24,0,513,513,0,0,9,0,0.13,71.74,6.65,0.48,0,1
1452.0,539,539,26,0,513,513,0,0,9,0,0.13,71.74,7.19,0.52,0,0
1453.0,539,539,26,0,513,513,0,0,9,0,0.13,71.74,7.23,0.52,0,0
1454.0,539,539,25,0,514,514,0,0,9,0,0.13,71.70,7.34,0.53,0,0
1455.0,541,541,27,0,514,514,0,0,9,0,0.13,71.70,7.81,0.56,0,0
1456.0,541,541,26,0,515,515,0,0,9,0,0.13,71.66,7.64,0.55,0,0
1457.0,541,541,26,0,515,515,0,0,9,0,0.13,71.66,7.72,0.56,0,0
1458.0,541,541,26,0,515,515,0,0,9,0,0.13,71.66,7.95,0.57,0,0
1459.0,541,541,26,0,515,515,0,0,9,0,0.13,71.66,7.73,0.56,0,0
1460.0,541,541,26,0,515,515,0,0,9,0,0.13,71.66,7.49,0.54,0,0
1461.0,541,541,26,0,515,515,0,0,9,0,0.13,71.66,6.87,0.49,0,0
1462.0,541,541,26,0,515,515,0,0,10,0,0.13,71.66,6.04,0.43,0,0
1463.0,541,541,26,0,515,515,0,0,10,0,0.13,71.66,5.15,0.37,0,0
1464.0,543,543,28,0,515,515,0,0,12,0,0.13,71.66,5.27,0.38,0,0
1465.0,543,543,27,0,516,516,0,0,13,0,0.13,71.62,4.71,0.34,0,0
1466.0,543,543,27,0,516,516,0,0,13,0,0.13,71.62,4.75,0.34,0,0
1467.0,543,543,27,0,516,516,0,0,11,0,0.13,71.62,5.04,0.36,0,0
1468.0,543,543,27,0,516,516,0,0,10,0,0.13,71.62,5.59,0.40,0,0
1469.0,543,543,27,0,516,516,0,0,8,0,0.13,71.62,5.93,0.43,0,1
1470.0,545,545,29,0,516,516,0,0,6,0,0.12,71.62,7.0,0.50,0,0
1471.0,545,545,29,0,516,516,0,0,5,0,0.12,71.62,7.34,0.53,0,0
1472.0,545,545,29,0,516,516,0,0,4,0,0.12,71.62,7.83,0.56,0,0
1473.0,545,545,29,0,516,516,0,0,3,0,0.12,71.62,8.13,0.58,0,0
1474.0,545,545,29,0,516,516,0,0,2,0,0.12,71.62,8.2,0.59,0,0
1475.0,545,545,29,0,516,516,0,0,2,0,0.12,71.62,8.56,0.62,0,0
1476.0,547,547,31,0,516,516,0,0,2,0,0.12,71.62,9.34,0.67,0,0
1477.0,547,547,30,0,517,517,0,0,2,0,0.12,71.58,9.59,0.69,0,0
1478.0,547,547,30,0,517,517,0,0,4,0,0.12,71.58,9.86,0.71,0,0
1479.0,547,547,30,0,517,517,0,0,4,0,0.12,71.58,10.18,0.73,0,0
1480.0,547,547,30,0,517,517,0,0,4,0,0.12,71.58,10.24,0.74,0,0
1481.0,547,547,30,0,517,517,0,0,4,0,0.12,71.58,10.06,0.72,0,0
1482.0,547,547,30,0,517,517,0,0,4,0,0.12,71.58,10.15,0.73,0,0
1483.0,547,547,30,0,517,517,0,0,4,0,0.12,71.58,10.25,0.74,0,0
1484.0,547,547,30,0,517,517,0,0,4,0,0.12,71.58,10.29,0.74,0,0
1485.0,549,549,31,0,518,518,0,0,4,0,0.12,71.57,10.49,0.75,0,0
1486.0,549,549,31,0,518,518,0,0,4,0,0.12,71.57,10.31,0.74,0,0
1487.0,549,549,29,0,520,520,0,0,4,0,0.12,71.50,9.98,0.72,0,0
1488.0,551,551,31,0,520,520,0,0,5,0,0.12,71.50,10.27,0.74,0,0
1489.0,551,551,30,0,521,521,0,0,6,0,0.12,71.46,10.1,0.73,0,1
1490.0,551,551,30,0,521,521,0,0,6,0,0.12,71.46,10.14,0.73,0,0
1491.0,551,551,30,0,521,521,0,0,5,0,0.12,71.46,10.08,0.73,0,0
1492.0,551,551,30,0,521,521,0,0,5,0,0.12,71.46,9.98,0.72,0,0
1493.0,551,551,27,0,524,524,0,0,5,0,0.12,71.58,9.44,0.68,0,0
1494.0,551,551,27,0,524,524,0,0,5,0,0.12,71.58,9.39,0.68,0,0
1495.0,551,551,26,0,525,525,0,0,7,0,0.12,71.63,9.2,0.66,0,0
1496.0,551,551,26,0,525,525,0,0,7,0,0.12,71.63,8.94,0.64,0,1
1497.0,551,551,25,0,526,526,0,0,7,0,0.12,71.66,8.6,0.62,0,0
1498.0,551,551,25,0,526,526,0,0,7,0,0.12,71.66,8.11,0.58,0,0
1499.0,551,551,22,0,529,529,0,0,8,0,0.12,71.82,7.48,0.54,0,0
1500.0,557,556,27,1,529,529,0,0,9,0,0.12,71.82,8.53,0.61,0,0
1501.0,557,557,26,0,531,531,0,0,9,0,0.12,71.83,8.23,0.59,0,1
1502.0,557,557,25,0,532,532,0,0,9,0,0.12,71.84,8.08,0.58,0,0
1503.0,557,557,25,0,532,532,0,0,6,0,0.12,71.84,8.26,0.59,0,0
1504.0,557,557,24,0,533,533,0,0,4,0,0.12,71.83,8.41,0.60,0,0
1505.0,557,557,24,0,533,533,0,0,2,0,0.12,71.83,8.82,0.63,0,0
1506.0,557,557,24,0,533,533,0,0,2,0,0.12,71.83,8.79,0.63,0,0
1507.0,557,557,24,0,533,533,0,0,2,0,0.12,71.83,8.77,0.63,0,0
1508.0,557,557,22,0,535,535,0,0,2,0,0.12,71.78,8.19,0.59,0,0
1509.0,557,557,21,0,536,536,0,0,3,0,0.12,71.77,7.96,0.57,0,1
1510.0,557,557,21,0,536,536,0,0,4,0,0.12,71.77,8.33,0.60,0,0
1511.0,557,557,21,0,536,536,0,0,4,0,0.12,71.77,8.16,0.59,0,0
1512.0,559,559,22,0,537,537,0,0,4,0,0.12,71.74,8.78,0.63,0,0
1513.0,559,559,22,0,537,537,0,0,4,0,0.12,71.74,9.02,0.65,0,0
1514.0,559,559,22,0,537,537,0,0,4,0,0.12,71.74,9.29,0.67,0,0
1515.0,561,561,24,0,537,537,0,0,4,0,0.12,71.74,9.75,0.70,0,0
1516.0,561,561,23,0,538,538,0,0,4,0,0.12,71.75,9.77,0.70,0,0
1517.0,561,561,23,0,538,538,0,0,4,0,0.12,71.75,10.09,0.73,0,0
1518.0,561,561,23,0,538,538,0,0,4,0,0.12,71.75,10.13,0.73,0,0
1519.0,561,561,23,0,538,538,0,0,4,0,0.12,71.75,10.4,0.75,0,0
1520.0,561,561,23,0,538,538,0,0,4,0,0.12,71.75,10.36,0.75,0,0
1521.0,561,561,23,0,538,538,0,0,4,0,0.12,71.75,10.13,0.73,0,0
1522.0,561,561,23,0,538,538,0,0,4,0,0.12,71.75,9.38,0.67,0,0
1523.0,561,561,23,0,538,538,0,0,4,0,0.12,71.75,8.9,0.64,0,0
1524.0,563,563,25,0,538,538,0,0,4,0,0.12,71.75,9.0,0.65,0,0
1525.0,563,563,25,0,538,538,0,0,6,0,0.12,71.75,8.75,0.63,0,0
1526.0,563,563,25,0,538,538,0,0,6,0,0.12,71.75,8.42,0.61,0,0
1527.0,563,563,25,0,538,538,0,0,6,0,0.12,71.75,8.35,0.60,0,0
1528.0,563,563,24,0,539,539,0,0,7,0,0.12,71.76,8.29,0.60,0,0
1529.0,563,563,23,0,540,540,0,0,8,0,0.12,71.77,8.26,0.59,0,1
1530.0,568,567,27,1,540,540,0,0,8,0,0.12,71.77,9.23,0.66,0,0
1531.0,568,567,26,1,541,541,0,0,8,0,0.12,71.81,9.07,0.65,0,0
1532.0,568,568,26,0,542,542,0,0,8,0,0.12,71.80,8.98,0.65,0,0
1533.0,568,568,25,0,543,543,0,0,8,0,0.12,71.79,8.51,0.61,0,0
1534.0,568,568,25,0,543,543,0,0,8,0,0.12,71.79,8.08,0.58,0,0
1535.0,568,568,23,0,545,545,0,0,8,0,0.12,71.75,7.35,0.53,0,0
1536.0,570,570,25,0,545,545,0,0,8,0,0.12,71.75,7.48,0.54,0,1
1537.0,570,570,25,0,545,545,0,0,8,0,0.12,71.75,7.29,0.52,0,0
1538.0,570,570,25,0,545,545,0,0,8,0,0.12,71.75,7.26,0.52,0,0
1539.0,570,570,23,0,547,547,0,0,9,0,0.12,71.67,6.89,0.50,0,0
1540.0,570,570,23,0,547,547,0,0,10,0,0.12,71.67,7.01,0.50,0,0
1541.0,570,570,23,0,547,547,0,0,10,0,0.12,71.67,7.22,0.52,0,0
1542.0,570,570,23,0,547,547,0,0,10,0,0.12,71.67,7.27,0.52,0,0
1543.0,570,570,23,0,547,547,0,0,10,0,0.12,71.67,7.39,0.53,0,0
1544.0,570,570,23,0,547,547,0,0,10,0,0.12,71.67,7.49,0.54,0,0
1545.0,572,572,25,0,547,547,0,0,10,0,0.12,71.67,7.63,0.55,0,0
1546.0,572,572,25,0,547,547,0,0,10,0,0.12,71.67,7.25,0.52,0,0
1547.0,572,572,25,0,547,547,0,0,10,0,0.12,71.67,6.92,0.50,0,0
1548.0,574,574,26,0,548,548,0,0,10,0,0.12,71.63,7.03,0.51,0,0
1549.0,574,574,26,0,548,548,0,0,10,0,0.12,71.63,6.78,0.49,0,0
1550.0,574,574,26,0,548,548,0,0,10,0,0.12,71.63,6.6,0.47,0,0
1551.0,574,574,25,0,549,549,0,0,11,0,0.12,71.59,5.97,0.43,0,0
1552.0,574,574,25,0,549,549,0,0,11,0,0.12,71.59,5.66,0.41,0,0
1553.0,574,574,25,0,549,549,0,0,12,0,0.12,71.59,5.38,0.39,0,0
1554.0,574,574,25,0,549,549,0,0,13,0,0.12,71.59,5.3,0.38,0,0
1555.0,574,574,25,0,549,549,0,0,14,0,0.12,71.59,5.28,0.38,0,0
1556.0,574,574,25,0,549,549,0,0,14,0,0.12,71.59,5.4,0.39,0,0
1557.0,574,574,25,0,549,549,0,0,11,0,0.12,71.59,5.63,0.41,0,0
1558.0,574,574,25,0,549,549,0,0,9,0,0.12,71.59,5.96,0.43,0,0
1559.0,574,574,25,0,549,549,0,0,7,0,0.12,71.59,6.2,0.45,0,0
1560.0,580,579,28,1,551,551,0,0,5,0,0.12,71.50,7.15,0.51,0,0
1561.0,580,580,29,0,551,551,0,0,3,0,0.12,71.50,7.49,0.54,0,0
1562.0,580,580,29,0,551,551,0,0,4,0,0.12,71.50,8.07,0.58,0,0
1563.0,580,580,29,0,551,551,0,0,3,0,0.12,71.50,8.59,0.62,0,0
1564.0,580,580,29,0,551,551,0,0,4,0,0.12,71.50,9.08,0.65,0,0
1565.0,580,580,29,0,551,551,0,0,4,0,0.12,71.50,9.35,0.67,0,0
1566.0,580,580,29,0,551,551,0,0,4,0,0.12,71.50,9.36,0.67,0,0
1567.0,580,580,29,0,551,551,0,0,4,0,0.12,71.50,9.6,0.69,0,0
1568.0,580,580,29,0,551,551,0,0,4,0,0.12,71.50,9.76,0.70,0,0
1569.0,580,580,29,0,551,551,0,0,4,0,0.12,71.50,9.96,0.72,0,0
1570.0,580,580,29,0,551,551,0,0,4,0,0.12,71.50,10.18,0.73,0,0
1571.0,580,580,29,0,551,551,0,0,4,0,0.12,71.50,9.89,0.71,0,0
1572.0,582,582,30,0,552,552,0,0,4,0,0.12,71.46,10.03,0.72,0,0
1573.0,582,582,29,0,553,553,0,0,5,0,0.12,71.42,9.85,0.71,0,0
1574.0,582,582,29,0,553,553,0,0,6,0,0.12,71.42,9.9,0.71,0,0
1575.0,584,584,31,0,553,553,0,0,6,0,0.12,71.42,10.16,0.73,0,0
1576.0,584,584,31,0,553,553,0,0,6,0,0.12,71.42,10.05,0.72,0,0
1577.0,584,584,31,0,553,553,0,0,6,0,0.12,71.42,10.23,0.74,0,0
1578.0,584,584,31,0,553,553,0,0,6,0,0.12,71.42,10.31,0.74,0,0
1579.0,584,584,30,0,554,554,0,0,6,0,0.12,71.38,10.15,0.73,0,0
1580.0,584,584,30,0,554,554,0,0,6,0,0.12,71.38,10.0,0.72,0,0
1581.0,584,584,30,0,554,554,0,0,5,0,0.12,71.38,9.66,0.69,0,0
1582.0,584,584,30,0,554,554,0,0,5,0,0.12,71.38,9.21,0.66,0,0
1583.0,584,584,28,0,556,556,0,0,5,0,0.12,71.53,8.4,0.60,0,0
1584.0,586,586,29,0,557,557,0,0,7,0,0.12,71.58,8.27,0.60,0,0
1585.0,586,586,28,0,558,558,0,0,8,0,0.12,71.63,7.92,0.57,0,0
1586.0,586,586,28,0,558,558,0,0,9,0,0.12,71.63,7.92,0.57,0,0
1587.0,586,586,27,0,559,559,0,0,9,0,0.12,71.66,7.74,0.56,0,1
1588.0,586,586,26,0,560,560,0,0,10,0,0.12,71.69,7.76,0.56,0,0
1589.0,586,586,25,0,561,561,0,0,10,0,0.12,71.69,7.29,0.52,0,0
1590.0,588,588,27,0,561,561,0,0,10,0,0.12,71.69,7.79,0.56,0,0
1591.0,588,588,26,0,562,562,0,0,10,0,0.12,71.67,7.26,0.52,0,0
1592.0,588,588,26,0,562,562,0,0,10,0,0.12,71.67,6.84,0.49,0,0
1593.0,588,588,25,0,563,563,0,0,7,0,0.12,71.63,6.69,0.48,0,0
1594.0,588,588,23,0,565,565,0,0,5,0,0.12,71.68,6.24,0.45,0,0
1595.0,588,588,23,0,565,565,0,0,5,0,0.12,71.68,6.5,0.47,0,0
1596.0,590,590,24,0,566,566,0,0,3,0,0.12,71.67,7.29,0.52,0,0
1597.0,590,590,23,0,567,567,0,0,3,0,0.12,71.66,7.13,0.51,0,0
1598.0,590,590,23,0,567,567,0,0,3,0,0.12,71.66,7.38,0.53,0,0
1599.0,590,590,23,0,567,567,0,0,3,0,0.12,71.66,7.79,0.56,0,0
1600.0,590,590,23,0,567,567,0,0,3,0,0.12,71.66,7.89,0.57,0,0
1601.0,590,590,23,0,567,567,0,0,4,0,0.12,71.66,7.91,0.57,0,0
1602.0,590,590,23,0,567,567,0,0,4,0,0.12,71.66,8.04,0.58,0,0
1603.0,590,590,23,0,567,567,0,0,5,0,0.12,71.66,8.15,0.59,0,0
1604.0,590,590,22,0,568,568,0,0,5,0,0.12,71.64,8.2,0.59,0,1
1605.0,592,592,24,0,568,568,0,0,5,0,0.12,71.64,8.57,0.62,0,0
1606.0,592,592,24,0,568,568,0,0,5,0,0.12,71.64,8.6,0.62,0,0
1607.0,592,592,24,0,568,568,0,0,5,0,0.12,71.64,8.8,0.63,0,0
1608.0,594,594,26,0,568,568,0,0,5,0,0.12,71.64,9.15,0.66,0,0
1609.0,594,594,26,0,568,568,0,0,5,0,0.12,71.64,9.02,0.65,0,0
1610.0,594,594,25,0,569,569,0,0,5,0,0.12,71.70,9.21,0.66,0,0
1611.0,594,594,24,0,570,570,0,0,5,0,0.12,71.67,9.13,0.66,0,0
1612.0,594,594,24,0,570,570,0,0,5,0,0.12,71.67,9.4,0.68,0,1
1613.0,594,594,24,0,570,570,0,0,5,0,0.12,71.67,9.52,0.68,0,0
1614.0,594,594,24,0,570,570,0,0,5,0,0.12,71.67,9.23,0.66,0,0
1615.0,594,594,24,0,570,570,0,0,5,0,0.12,71.67,9.08,0.65,0,0
1616.0,594,594,24,0,570,570,0,0,6,0,0.12,71.67,8.83,0.64,0,0
1617.0,594,594,24,0,570,570,0,0,7,0,0.12,71.67,8.78,0.63,0,0
1618.0,594,594,24,0,570,570,0,0,7,0,0.12,71.67,8.44,0.61,0,0
1619.0,594,594,22,0,572,572,0,0,7,0,0.12,71.72,7.88,0.57,0,0
1620.0,603,601,29,2,572,572,0,0,7,0,0.12,71.72,9.08,0.65,0,1
1621.0,603,602,29,1,573,573,0,0,7,0,0.12,71.74,8.9,0.64,0,0
1622.0,603,602,29,1,573,573,0,0,7,0,0.12,71.74,9.23,0.66,0,0
1623.0,603,603,29,0,574,574,0,0,7,0,0.13,71.75,9.29,0.67,0,0
1624.0,603,603,28,0,575,575,0,0,7,0,0.13,71.75,9.2,0.66,0,0
1625.0,603,603,28,0,575,575,0,0,7,0,0.13,71.75,9.03,0.65,0,0
1626.0,603,603,27,0,576,576,0,0,7,0,0.13,71.74,8.89,0.64,0,0
1627.0,603,603,26,0,577,577,0,0,7,0,0.13,71.74,8.41,0.61,0,1
1628.0,603,603,26,0,577,577,0,0,8,0,0.13,71.74,8.39,0.60,0,0
1629.0,603,603,25,0,578,578,0,0,8,0,0.13,71.71,8.16,0.59,0,0
1630.0,603,603,24,0,579,579,0,0,9,0,0.13,71.69,7.7,0.55,0,0
1631.0,603,603,24,0,579,579,0,0,9,0,0.13,71.69,7.58,0.55,0,0
1632.0,605,605,26,0,579,579,0,0,9,0,0.13,71.69,7.82,0.56,0,0
1633.0,605,605,25,0,580,580,0,0,9,0,0.13,71.65,7.47,0.54,0,0
1634.0,605,605,25,0,580,580,0,0,9,0,0.13,71.65,7.51,0.54,0,0
1635.0,607,607,27,0,580,580,0,0,9,0,0.13,71.65,8.03,0.58,0,0
1636.0,607,607,27,0,580,580,0,0,9,0,0.13,71.65,8.17,0.59,0,0
1637.0,607,607,26,0,581,581,0,0,9,0,0.13,71.62,8.12,0.58,0,0
1638.0,607,607,26,0,581,581,0,0,9,0,0.13,71.62,8.14,0.59,0,0
1639.0,607,607,26,0,581,581,0,0,9,0,0.13,71.62,8.01,0.58,0,0
1640.0,607,607,26,0,581,581,0,0,9,0,0.13,71.62,7.73,0.56,0,0
1641.0,607,607,26,0,581,581,0,0,9,0,0.13,71.62,7.14,0.51,0,0
1642.0,607,607,26,0,581,581,0,0,9,0,0.13,71.62,6.33,0.46,0,0
1643.0,607,607,25,0,582,582,0,0,11,0,0.13,71.57,5.08,0.37,0,0
1644.0,609,609,27,0,582,582,0,0,11,0,0.12,71.57,5.01,0.36,0,0
1645.0,609,609,26,0,583,583,0,0,12,0,0.12,71.54,4.34,0.31,0,0
1646.0,609,609,26,0,583,583,0,0,15,0,0.12,71.54,4.48,0.32,0,0
1647.0,609,609,26,0,583,583,0,0,13,0,0.12,71.54,4.75,0.34,0,0
1648.0,609,609,26,0,583,583,0,0,12,0,0.12,71.54,5.01,0.36,0,0
1649.0,609,609,26,0,583,583,0,0,10,0,0.12,71.54,5.2,0.37,0,0
1650.0,611,611,28,0,583,583,0,0,8,0,0.12,71.54,6.25,0.45,0,0
1651.0,611,611,28,0,583,583,0,0,7,0,0.12,71.54,6.56,0.47,0,1
1652.0,611,611,28,0,583,583,0,0,6,0,0.12,71.54,6.95,0.50,0,0
1653.0,611,611,28,0,583,583,0,0,5,0,0.12,71.54,7.11,0.51,0,0
1654.0,611,611,28,0,583,583,0,0,4,0,0.12,71.54,7.31,0.53,0,0
1655.0,611,611,28,0,583,583,0,0,4,0,0.12,71.54,7.62,0.55,0,0
1656.0,613,613,30,0,583,583,0,0,4,0,0.12,71.54,8.42,0.61,0,0
1657.0,613,613,30,0,583,583,0,0,6,0,0.12,71.54,8.75,0.63,0,0
1658.0,613,613,29,0,584,584,0,0,6,0,0.12,71.50,8.93,0.64,0,0
1659.0,613,613,29,0,584,584,0,0,6,0,0.12,71.50,9.02,0.65,0,0
1660.0,613,613,29,0,584,584,0,0,6,0,0.12,71.50,9.1,0.65,0,0
1661.0,613,613,29,0,584,584,0,0,6,0,0.12,71.50,9.04,0.65,0,0
1662.0,613,613,28,0,585,585,0,0,6,0,0.12,71.47,9.01,0.65,0,0
1663.0,613,613,28,0,585,585,0,0,6,0,0.12,71.47,9.07,0.65,0,0
1664.0,613,613,28,0,585,585,0,0,6,0,0.12,71.47,9.08,0.65,0,0
1665.0,615,615,30,0,585,585,0,0,6,0,0.12,71.47,9.41,0.68,0,0
1666.0,615,615,29,0,586,586,0,0,6,0,0.12,71.42,9.27,0.67,0,0
1667.0,615,615,29,0,586,586,0,0,6,0,0.12,71.42,8.89,0.64,0,0
1668.0,617,617,31,0,586,586,0,0,7,0,0.12,71.42,9.23,0.66,0,0
1669.0,617,617,31,0,586,586,0,0,7,0,0.12,71.42,9.19,0.66,0,0
1670.0,617,617,31,0,586,586,0,0,7,0,0.12,71.42,9.34,0.67,0,0
1671.0,617,617,31,0,586,586,0,0,7,0,0.12,71.42,9.21,0.66,0,0
1672.0,617,617,31,0,586,586,0,0,7,0,0.12,71.42,8.9,0.64,0,0
1673.0,617,617,29,0,588,588,0,0,7,0,0.12,71.57,8.48,0.61,0,0
1674.0,617,617,29,0,588,588,0,0,8,0,0.12,71.57,8.31,0.60,0,0
1675.0,617,617,29,0,588,588,0,0,8,0,0.12,71.57,8.21,0.59,0,0
1676.0,617,617,28,0,589,589,0,0,9,0,0.12,71.64,7.82,0.56,0,0
1677.0,617,617,27,0,590,590,0,0,9,0,0.12,71.69,7.28,0.52,0,1
1678.0,617,617,27,0,590,590,0,0,10,0,0.12,71.69,7.16,0.52,0,0
1679.0,617,617,26,0,591,591,0,0,11,0,0.12,71.75,7.06,0.51,0,0
1680.0,623,622,31,1,591,591,0,0,11,0,0.12,71.75,8.1,0.58,0,0
1681.0,623,623,31,0,592,592,0,0,11,0,0.12,71.78,7.95,0.57,0,0
1682.0,623,623,30,0,593,593,0,0,11,0,0.12,71.81,7.79,0.56,0,0
1683.0,623,623,29,0,594,594,0,0,8,0,0.12,71.82,7.96,0.57,0,0
1684.0,623,623,28,0,595,595,0,0,6,0,0.12,71.84,8.29,0.60,0,0
1685.0,623,623,27,0,596,596,0,0,4,0,0.12,71.82,8.2,0.59,0,0
1686.0,623,623,25,0,598,598,0,0,2,0,0.12,71.78,7.77,0.56,0,0
1687.0,623,623,24,0,599,599,0,0,2,0,0.12,71.77,7.74,0.56,0,0
1688.0,623,623,23,0,600,600,0,0,2,0,0.12,71.76,7.34,0.53,0,0
1689.0,623,623,23,0,600,600,0,0,3,0,0.12,71.76,7.6,0.55,0,0
1690.0,623,623,23,0,600,600,0,0,4,0,0.12,71.76,7.78,0.56,0,0
1691.0,623,623,23,0,600,600,0,0,4,0,0.12,71.76,7.75,0.56,0,0
1692.0,625,625,24,0,601,601,0,0,4,0,0.12,71.73,8.08,0.58,0,0
1693.0,625,625,24,0,601,601,0,0,4,0,0.12,71.73,8.28,0.60,0,0
1694.0,625,625,24,0,601,601,0,0,4,0,0.12,71.73,8.62,0.62,0,0
1695.0,627,627,26,0,601,601,0,0,4,0,0.12,71.73,9.17,0.66,0,0
1696.0,627,627,26,0,601,601,0,0,4,0,0.12,71.73,9.26,0.67,0,0
1697.0,627,627,25,0,602,602,0,0,4,0,0.12,71.74,9.41,0.68,0,0
1698.0,627,627,25,0,602,602,0,0,4,0,0.12,71.74,9.44,0.68,0,0
1699.0,627,627,25,0,602,602,0,0,4,0,0.12,71.74,9.65,0.69,0,1
1700.0,627,627,25,0,602,602,0,0,4,0,0.12,71.74,9.66,0.70,0,0
1701.0,627,627,25,0,602,602,0,0,4,0,0.12,71.74,9.28,0.67,0,0
1702.0,627,627,25,0,602,602,0,0,4,0,0.12,71.74,8.71,0.63,0,0
1703.0,627,627,25,0,602,602,0,0,4,0,0.12,71.74,8.31,0.60,0,0
1704.0,629,629,27,0,602,602,0,0,5,0,0.12,71.74,8.6,0.62,0,0
1705.0,629,629,27,0,602,602,0,0,6,0,0.12,71.74,8.5,0.61,0,0
1706.0,629,629,27,0,602,602,0,0,6,0,0.12,71.74,8.42,0.61,0,0
1707.0,629,629,27,0,602,602,0,0,8,0,0.12,71.74,8.52,0.61,0,0
1708.0,629,629,27,0,602,602,0,0,8,0,0.12,71.74,8.67,0.62,0,0
1709.0,629,629,26,0,603,603,0,0,8,0,0.12,71.77,8.61,0.62,0,0
1710.0,634,633,29,1,604,604,0,0,8,0,0.12,71.80,9.34,0.67,0,1
1711.0,634,633,28,1,605,605,0,0,8,0,0.12,71.83,9.08,0.65,0,0
1712.0,634,634,28,0,606,606,0,0,8,0,0.12,71.85,9.14,0.66,0,0
1713.0,634,634,27,0,607,607,0,0,8,0,0.12,71.86,9.03,0.65,0,0
1714.0,634,634,27,0,607,607,0,0,8,0,0.12,71.86,8.9,0.64,0,0
1715.0,634,634,27,0,607,607,0,0,8,0,0.12,71.86,8.7,0.63,0,0
1716.0,636,636,29,0,607,607,0,0,8,0,0.12,71.86,8.62,0.62,0,0
1717.0,636,636,28,0,608,608,0,0,8,0,0.12,71.86,7.79,0.56,0,1
1718.0,636,636,27,0,609,609,0,0,8,0,0.12,71.87,7.47,0.54,0,0
1719.0,636,636,26,0,610,610,0,0,9,0,0.12,71.85,7.26,0.52,0,0
1720.0,636,636,25,0,611,611,0,0,10,0,0.12,71.84,7.13,0.51,0,0
1721.0,636,636,25,0,611,611,0,0,10,0,0.12,71.84,7.3,0.53,0,0
1722.0,636,636,25,0,611,611,0,0,10,0,0.12,71.84,7.44,0.54,0,0
1723.0,636,636,24,0,612,612,0,0,10,0,0.12,71.81,7.36,0.53,0,0
1724.0,636,636,24,0,612,612,0,0,10,0,0.12,71.81,7.48,0.54,0,0
1725.0,638,638,25,0,613,613,0,0,10,0,0.12,71.79,7.77,0.56,0,1
1726.0,638,638,25,0,613,613,0,0,10,0,0.12,71.79,7.54,0.54,0,0
1727.0,638,638,25,0,613,613,0,0,10,0,0.12,71.79,7.37,0.53,0,0
1728.0,640,640,26,0,614,614,0,0,10,0,0.12,71.75,7.24,0.52,0,0
1729.0,640,640,25,0,615,615,0,0,10,0,0.12,71.71,6.44,0.46,0,0
1730.0,640,640,25,0,615,615,0,0,10,0,0.12,71.71,6.18,0.44,0,0
1731.0,640,640,25,0,615,615,0,0,10,0,0.12,71.71,5.77,0.41,0,0
1732.0,640,640,25,0,615,615,0,0,11,0,0.12,71.71,5.59,0.40,0,0
1733.0,640,640,25,0,615,615,0,0,12,0,0.12,71.71,5.29,0.38,0,0
1734.0,640,640,25,0,615,615,0,0,12,0,0.12,71.71,5.31,0.38,0,0
1735.0,640,640,25,0,615,615,0,0,13,0,0.12,71.71,5.28,0.38,0,0
1736.0,640,640,25,0,615,615,0,0,14,0,0.12,71.71,5.4,0.39,0,0
1737.0,640,640,25,0,615,615,0,0,11,0,0.12,71.71,5.49,0.39,0,0
1738.0,640,640,25,0,615,615,0,0,9,0,0.12,71.71,5.67,0.41,0,0
1739.0,640,640,25,0,615,615,0,0,7,0,0.12,71.71,5.63,0.40,0,0
1740.0,646,645,30,1,615,615,0,0,6,0,0.12,71.71,7.29,0.52,0,0
1741.0,646,646,31,0,615,615,0,0,5,0,0.12,71.71,7.73,0.56,0,0
1742.0,646,646,31,0,615,615,0,0,5,0,0.12,71.71,8.18,0.59,0,0
1743.0,646,646,31,0,615,615,0,0,4,0,0.12,71.71,8.54,0.61,0,0
1744.0,646,646,30,0,616,616,0,0,4,0,0.12,71.68,8.78,0.63,0,0
1745.0,646,646,30,0,616,616,0,0,4,0,0.12,71.68,9.17,0.66,0,0
1746.0,646,646,29,0,617,617,0,0,4,0,0.12,71.65,9.32,0.67,0,0
1747.0,646,646,29,0,617,617,0,0,4,0,0.12,71.65,9.52,0.68,0,0
1748.0,646,646,29,0,617,617,0,0,4,0,0.12,71.65,9.87,0.71,0,0
1749.0,646,646,29,0,617,617,0,0,4,0,0.12,71.65,10.12,0.73,0,0
1750.0,646,646,29,0,617,617,0,0,4,0,0.12,71.65,10.17,0.73,0,0
1751.0,646,646,29,0,617,617,0,0,4,0,0.12,71.65,10.27,0.74,0,0
1752.0,648,648,30,0,618,618,0,0,5,0,0.12,71.61,10.24,0.74,0,0
1753.0,648,648,30,0,618,618,0,0,5,0,0.12,71.61,10.16,0.73,0,0
1754.0,648,648,30,0,618,618,0,0,6,0,0.12,71.61,10.14,0.73,0,0
1755.0,650,650,31,0,619,619,0,0,6,0,0.12,71.58,10.32,0.74,0,0
1756.0,650,650,31,0,619,619,0,0,6,0,0.12,71.58,10.33,0.74,0,0
1757.0,650,650,31,0,619,619,0,0,6,0,0.12,71.58,10.32,0.74,0,0
1758.0,650,650,30,0,620,620,0,0,6,0,0.12,71.54,10.3,0.74,0,1
1759.0,650,650,30,0,620,620,0,0,6,0,0.12,71.54,10.25,0.74,0,0
1760.0,650,650,30,0,620,620,0,0,6,0,0.12,71.54,10.16,0.73,0,0
1761.0,650,650,30,0,620,620,0,0,5,0,0.12,71.54,9.72,0.70,0,0
1762.0,650,650,30,0,620,620,0,0,5,0,0.12,71.54,9.01,0.65,0,0
1763.0,650,650,28,0,622,622,0,0,5,0,0.12,71.68,8.1,0.58,0,0
1764.0,652,652,30,0,622,622,0,0,7,0,0.12,71.68,8.22,0.59,0,0
1765.0,652,652,28,0,624,624,0,0,9,0,0.12,71.77,7.81,0.56,0,0
1766.0,652,652,27,0,625,625,0,0,9,0,0.12,71.79,7.75,0.56,0,1
1767.0,652,652,26,0,626,626,0,0,10,0,0.12,71.81,7.6,0.55,0,0
1768.0,652,652,26,0,626,626,0,0,10,0,0.12,71.81,7.72,0.56,0,0
1769.0,652,652,26,0,626,626,0,0,10,0,0.12,71.81,7.68,0.55,0,0
1770.0,654,654,26,0,628,628,0,0,10,0,0.12,71.85,7.76,0.56,0,0
1771.0,654,654,26,0,628,628,0,0,10,0,0.12,71.85,7.68,0.55,0,0
1772.0,654,654,25,0,629,629,0,0,10,0,0.12,71.83,7.32,0.53,0,0
1773.0,654,654,23,0,631,631,0,0,7,0,0.12,71.80,6.94,0.50,0,0
1774.0,654,654,23,0,631,631,0,0,5,0,0.12,71.80,6.91,0.50,0,1
1775.0,654,654,22,0,632,632,0,0,4,0,0.12,71.79,7.04,0.51,0,0
1776.0,656,656,24,0,632,632,0,0,3,0,0.12,71.79,7.91,0.57,0,0
1777.0,656,656,23,0,633,633,0,0,3,0,0.12,71.78,7.96,0.57,0,0
1778.0,656,656,23,0,633,633,0,0,3,0,0.12,71.78,7.72,0.56,0,0
1779.0,656,656,23,0,633,633,0,0,3,0,0.12,71.78,7.69,0.55,0,0
1780.0,656,656,22,0,634,634,0,0,4,0,0.12,71.75,7.6,0.55,0,0
1781.0,656,656,22,0,634,634,0,0,4,0,0.12,71.75,7.75,0.56,0,0
1782.0,656,656,22,0,634,634,0,0,5,0,0.12,71.75,7.95,0.57,0,0
1783.0,656,656,22,0,634,634,0,0,5,0,0.12,71.75,8.19,0.59,0,0
1784.0,656,656,22,0,634,634,0,0,5,0,0.12,71.75,8.4,0.60,0,0
1785.0,658,658,24,0,634,634,0,0,5,0,0.12,71.75,8.77,0.63,0,0
1786.0,658,658,24,0,634,634,0,0,5,0,0.12,71.75,8.71,0.63,0,0
1787.0,658,658,24,0,634,634,0,0,5,0,0.12,71.75,8.82,0.63,0,0
1788.0,660,660,26,0,634,634,0,0,5,0,0.12,71.75,9.3,0.67,0,0
1789.0,660,660,26,0,634,634,0,0,5,0,0.12,71.75,9.25,0.67,0,0
1790.0,660,660,25,0,635,635,0,0,5,0,0.12,71.81,9.26,0.67,0,0
1791.0,660,660,25,0,635,635,0,0,5,0,0.12,71.81,9.23,0.66,0,0
1792.0,660,660,24,0,636,636,0,0,6,0,0.12,71.78,8.95,0.64,0,0
1793.0,660,660,24,0,636,636,0,0,6,0,0.12,71.78,9.05,0.65,0,0
1794.0,660,660,24,0,636,636,0,0,6,0,0.12,71.78,9.22,0.66,0,0
1795.0,660,660,24,0,636,636,0,0,7,0,0.12,71.78,9.25,0.67,0,0
1796.0,660,660,24,0,636,636,0,0,7,0,0.12,71.78,9.33,0.67,0,0
1797.0,660,660,24,0,636,636,0,0,7,0,0.12,71.78,8.97,0.65,0,0
1798.0,660,660,22,0,638,638,0,0,7,0,0.12,71.82,8.26,0.59,0,0
1799.0,660,660,21,0,639,639,0,0,7,0,0.12,71.84,7.63,0.55,0,0
1800.0,669,667,28,2,639,639,0,0,7,0,0.12,71.84,9.05,0.65,0,0
1801.0,669,668,29,1,639,639,0,0,7,0,0.12,71.84,9.12,0.66,0,0
1802.0,669,668,28,1,640,640,0,0,7,0,0.12,71.85,9.08,0.65,0,0
1803.0,669,669,29,0,640,640,0,0,7,0,0.13,71.85,9.09,0.65,0,0
1804.0,669,669,29,0,640,640,0,0,7,0,0.13,71.85,9.17,0.66,0,0
1805.0,669,669,28,0,641,641,0,0,7,0,0.13,71.85,8.94,0.64,0,0
1806.0,669,669,26,0,643,643,0,0,7,0,0.13,71.84,8.6,0.62,0,0
1807.0,669,669,26,0,643,643,0,0,7,0,0.13,71.84,8.18,0.59,0,0
1808.0,669,669,26,0,643,643,0,0,8,0,0.13,71.84,8.35,0.60,0,0
1809.0,669,669,25,0,644,644,0,0,9,0,0.13,71.81,8.02,0.58,0,0
1810.0,669,669,25,0,644,644,0,0,9,0,0.13,71.81,7.69,0.55,0,1
1811.0,669,669,25,0,644,644,0,0,9,0,0.13,71.81,7.4,0.53,0,0
1812.0,671,671,25,0,646,646,0,0,9,0,0.13,71.76,7.33,0.53,0,0
1813.0,671,671,25,0,646,646,0,0,9,0,0.13,71.76,7.21,0.52,0,0
1814.0,671,671,24,0,647,647,0,0,9,0,0.13,71.72,7.17,0.52,0,0
1815.0,673,673,26,0,647,647,0,0,9,0,0.12,71.72,7.84,0.56,0,0
1816.0,673,673,26,0,647,647,0,0,9,0,0.12,71.72,7.78,0.56,0,0
1817.0,673,673,26,0,647,647,0,0,9,0,0.12,71.72,7.99,0.57,0,0
1818.0,673,673,26,0,647,647,0,0,9,0,0.12,71.72,8.08,0.58,0,0
1819.0,673,673,26,0,647,647,0,0,9,0,0.12,71.72,8.05,0.58,0,0
1820.0,673,673,26,0,647,647,0,0,9,0,0.12,71.72,7.66,0.55,0,0
1821.0,673,673,26,0,647,647,0,0,10,0,0.12,71.72,6.9,0.50,0,0
1822.0,673,673,26,0,647,647,0,0,10,0,0.12,71.72,6.15,0.44,0,0
1823.0,673,673,26,0,647,647,0,0,10,0,0.12,71.72,5.45,0.39,0,0
1824.0,675,675,26,0,649,649,0,0,12,0,0.12,71.65,4.95,0.36,0,0
1825.0,675,675,26,0,649,649,0,0,14,0,0.12,71.65,4.88,0.35,0,0
1826.0,675,675,26,0,649,649,0,0,15,0,0.12,71.65,4.72,0.34,0,0
1827.0,675,675,26,0,649,649,0,0,12,0,0.12,71.65,4.97,0.36,0,1
1828.0,675,675,26,0,649,649,0,0,10,0,0.12,71.65,5.31,0.38,0,0
1829.0,675,675,26,0,649,649,0,0,9,0,0.12,71.65,5.71,0.41,0,0
1830.0,677,677,28,0,649,649,0,0,7,0,0.12,71.65,6.66,0.48,0,0
1831.0,677,677,28,0,649,649,0,0,5,0,0.12,71.65,7.05,0.51,0,0
1832.0,677,677,28,0,649,649,0,0,5,0,0.12,71.65,7.33,0.53,0,0
1833.0,677,677,28,0,649,649,0,0,4,0,0.12,71.65,7.87,0.57,0,0
1834.0,677,677,28,0,649,649,0,0,3,0,0.12,71.65,8.12,0.58,0,0
1835.0,677,677,28,0,649,649,0,0,3,0,0.12,71.65,8.37,0.60,0,0
1836.0,679,679,30,0,649,649,0,0,3,0,0.12,71.65,9.12,0.66,0,1
1837.0,679,679,29,0,650,650,0,0,3,0,0.12,71.62,9.29,0.67,0,0
1838.0,679,679,28,0,651,651,0,0,4,0,0.12,71.58,9.75,0.70,0,0
1839.0,679,679,28,0,651,651,0,0,4,0,0.12,71.58,9.78,0.70,0,0
1840.0,679,679,28,0,651,651,0,0,4,0,0.12,71.58,9.82,0.71,0,0
1841.0,679,679,28,0,651,651,0,0,4,0,0.12,71.58,9.8,0.71,0,0
1842.0,679,679,28,0,651,651,0,0,5,0,0.12,71.58,9.76,0.70,0,0
1843.0,679,679,28,0,651,651,0,0,5,0,0.12,71.58,9.91,0.71,0,0
1844.0,679,679,28,0,651,651,0,0,5,0,0.12,71.58,9.99,0.72,0,0
1845.0,681,681,30,0,651,651,0,0,5,0,0.12,71.58,9.94,0.71,0,1
1846.0,681,681,30,0,651,651,0,0,5,0,0.12,71.58,9.9,0.71,0,0
1847.0,681,681,30,0,651,651,0,0,5,0,0.12,71.58,9.83,0.71,0,0
1848.0,683,683,30,0,653,653,0,0,6,0,0.12,71.51,9.79,0.70,0,0
1849.0,683,683,30,0,653,653,0,0,6,0,0.12,71.51,9.63,0.69,0,0
1850.0,683,683,30,0,653,653,0,0,6,0,0.12,71.51,9.64,0.69,0,0
1851.0,683,683,30,0,653,653,0,0,5,0,0.12,71.51,9.49,0.68,0,0
1852.0,683,683,30,0,653,653,0,0,6,0,0.12,71.51,9.22,0.66,0,0
1853.0,683,683,28,0,655,655,0,0,6,0,0.12,71.64,8.77,0.63,0,1
1854.0,683,683,27,0,656,656,0,0,6,0,0.12,71.70,8.61,0.62,0,0
1855.0,683,683,27,0,656,656,0,0,7,0,0.12,71.70,8.48,0.61,0,0
1856.0,683,683,27,0,656,656,0,0,8,0,0.12,71.70,8.2,0.59,0,0
1857.0,683,683,26,0,657,657,0,0,8,0,0.12,71.75,7.85,0.56,0,0
1858.0,683,683,26,0,657,657,0,0,8,0,0.12,71.75,7.78,0.56,0,0
1859.0,683,683,25,0,658,658,0,0,9,0,0.12,71.77,7.51,0.54,0,0
1860.0,689,688,28,1,660,660,0,0,10,0,0.12,71.83,8.13,0.58,0,0
1861.0,689,689,28,0,661,661,0,0,10,0,0.12,71.86,8.06,0.58,0,0
1862.0,689,689,28,0,661,661,0,0,10,0,0.12,71.86,7.99,0.58,0,0
1863.0,689,689,26,0,663,663,0,0,7,0,0.12,71.85,8.04,0.58,0,0
1864.0,689,689,25,0,664,664,0,0,5,0,0.12,71.82,8.12,0.58,0,0
1865.0,689,689,24,0,665,665,0,0,3,0,0.12,71.81,8.35,0.60,0,0
1866.0,689,689,24,0,665,665,0,0,2,0,0.12,71.81,8.57,0.62,0,0
1867.0,689,689,23,0,666,666,0,0,2,0,0.12,71.80,8.7,0.63,0,0
1868.0,689,689,23,0,666,666,0,0,2,0,0.12,71.80,8.74,0.63,0,0
1869.0,689,689,22,0,667,667,0,0,2,0,0.12,71.79,8.34,0.60,0,0
1870.0,689,689,22,0,667,667,0,0,2,0,0.12,71.79,8.22,0.59,0,0
1871.0,689,689,21,0,668,668,0,0,3,0,0.12,71.77,7.63,0.55,0,0
1872.0,691,691,23,0,668,668,0,0,3,0,0.12,71.77,8.27,0.59,0,0
1873.0,691,691,23,0,668,668,0,0,3,0,0.12,71.77,8.54,0.61,0,0
1874.0,691,691,23,0,668,668,0,0,4,0,0.12,71.77,8.81,0.63,0,0
1875.0,693,693,25,0,668,668,0,0,4,0,0.12,71.77,9.37,0.67,0,0
1876.0,693,693,25,0,668,668,0,0,4,0,0.12,71.77,9.46,0.68,0,0
1877.0,693,693,24,0,669,669,0,0,4,0,0.12,71.77,9.55,0.69,0,1
1878.0,693,693,24,0,669,669,0,0,4,0,0.12,71.77,9.69,0.70,0,0
1879.0,693,693,24,0,669,669,0,0,4,0,0.12,71.77,9.86,0.71,0,0
1880.0,693,693,24,0,669,669,0,0,4,0,0.12,71.77,10.07,0.72,0,0
1881.0,693,693,24,0,669,669,0,0,4,0,0.12,71.77,9.44,0.68,0,0
1882.0,693,693,24,0,669,669,0,0,4,0,0.12,71.77,8.66,0.62,0,0
1883.0,693,693,24,0,669,669,0,0,4,0,0.12,71.77,8.14,0.59,0,0
1884.0,695,695,26,0,669,669,0,0,5,0,0.12,71.77,8.19,0.59,0,0
1885.0,695,695,26,0,669,669,0,0,6,0,0.12,71.77,8.08,0.58,0,0
1886.0,695,695,26,0,669,669,0,0,7,0,0.12,71.77,8.28,0.60,0,0
1887.0,695,695,26,0,669,669,0,0,8,0,0.12,71.77,8.25,0.59,0,0
1888.0,695,695,26,0,669,669,0,0,8,0,0.12,71.77,8.34,0.60,0,1
1889.0,695,695,26,0,669,669,0,0,8,0,0.12,71.77,8.61,0.62,0,0
1890.0,700,699,29,1,670,670,0,0,8,0,0.12,71.80,9.26,0.67,0,0
1891.0,700,699,29,1,670,670,0,0,8,0,0.12,71.80,9.12,0.66,0,0
1892.0,700,700,30,0,670,670,0,0,8,0,0.12,71.80,9.28,0.67,0,0
1893.0,700,700,27,0,673,673,0,0,8,0,0.12,71.86,8.78,0.63,0,0
1894.0,700,700,27,0,673,673,0,0,8,0,0.12,71.86,8.43,0.61,0,0
1895.0,700,700,26,0,674,674,0,0,8,0,0.12,71.86,7.7,0.55,0,1
1896.0,702,702,27,0,675,675,0,0,9,0,0.12,71.86,7.57,0.54,0,0
1897.0,702,702,27,0,675,675,0,0,9,0,0.12,71.86,7.56,0.54,0,0
1898.0,702,702,26,0,676,676,0,0,9,0,0.12,71.84,7.26,0.52,0,0
1899.0,702,702,25,0,677,677,0,0,9,0,0.12,71.83,7.27,0.52,0,0
1900.0,702,702,24,0,678,678,0,0,10,0,0.12,71.80,7.29,0.52,0,0
1901.0,702,702,24,0,678,678,0,0,10,0,0.12,71.80,7.33,0.53,0,0
1902.0,702,702,23,0,679,679,0,0,10,0,0.12,71.78,7.18,0.52,0,0
1903.0,702,702,23,0,679,679,0,0,10,0,0.12,71.78,7.23,0.52,0,0
1904.0,702,702,23,0,679,679,0,0,10,0,0.12,71.78,7.21,0.52,0,0
1905.0,704,704,25,0,679,679,0,0,10,0,0.12,71.78,7.67,0.55,0,0
1906.0,704,704,25,0,679,679,0,0,10,0,0.12,71.78,7.48,0.54,0,0
1907.0,704,704,25,0,679,679,0,0,10,0,0.12,71.78,7.39,0.53,0,0
1908.0,706,706,25,0,681,681,0,0,10,0,0.12,71.71,7.19,0.52,0,0
1909.0,706,706,25,0,681,681,0,0,10,0,0.12,71.71,6.84,0.49,0,0
1910.0,706,706,25,0,681,681,0,0,10,0,0.12,71.71,6.41,0.46,0,0
1911.0,706,706,25,0,681,681,0,0,10,0,0.12,71.71,6.08,0.44,0,0
1912.0,706,706,25,0,681,681,0,0,11,0,0.12,71.71,5.5,0.40,0,1
1913.0,706,706,25,0,681,681,0,0,11,0,0.12,71.71,5.26,0.38,0,0
1914.0,706,706,25,0,681,681,0,0,12,0,0.12,71.71,5.18,0.37,0,0
1915.0,706,706,25,0,681,681,0,0,13,0,0.12,71.71,5.37,0.39,0,0
1916.0,706,706,25,0,681,681,0,0,14,0,0.12,71.71,5.61,0.40,0,0
1917.0,706,706,25,0,681,681,0,0,11,0,0.12,71.71,5.78,0.42,0,0
1918.0,706,706,25,0,681,681,0,0,9,0,0.12,71.71,5.74,0.41,0,0
1919.0,706,706,25,0,681,681,0,0,7,0,0.12,71.71,5.8,0.42,0,0
1920.0,712,711,29,1,682,682,0,0,5,0,0.12,71.67,6.9,0.50,0,0
1921.0,712,712,30,0,682,682,0,0,4,0,0.12,71.67,7.34,0.53,0,0
1922.0,712,712,30,0,682,682,0,0,5,0,0.12,71.67,7.83,0.56,0,0
1923.0,712,712,30,0,682,682,0,0,4,0,0.12,71.67,8.09,0.58,0,0
1924.0,712,712,29,0,683,683,0,0,4,0,0.12,71.64,8.21,0.59,0,0
1925.0,712,712,29,0,683,683,0,0,4,0,0.12,71.64,8.58,0.62,0,0
1926.0,712,712,29,0,683,683,0,0,4,0,0.12,71.64,8.79,0.63,0,0
1927.0,712,712,29,0,683,683,0,0,4,0,0.12,71.64,9.04,0.65,0,0
1928.0,712,712,29,0,683,683,0,0,4,0,0.12,71.64,9.46,0.68,0,1
1929.0,712,712,29,0,683,683,0,0,4,0,0.12,71.64,9.49,0.68,0,0
1930.0,712,712,29,0,683,683,0,0,4,0,0.12,71.64,9.47,0.68,0,0
1931.0,712,712,29,0,683,683,0,0,4,0,0.12,71.64,9.44,0.68,0,0
1932.0,714,714,31,0,683,683,0,0,4,0,0.12,71.64,9.64,0.69,0,0
1933.0,714,714,30,0,684,684,0,0,6,0,0.12,71.61,9.52,0.69,0,0
1934.0,714,714,30,0,684,684,0,0,6,0,0.12,71.61,9.57,0.69,0,0
1935.0,716,716,32,0,684,684,0,0,6,0,0.12,71.61,9.9,0.71,0,0
1936.0,716,716,32,0,684,684,0,0,6,0,0.12,71.61,9.93,0.71,0,1
1937.0,716,716,31,0,685,685,0,0,6,0,0.12,71.57,9.74,0.70,0,0
1938.0,716,716,31,0,685,685,0,0,5,0,0.12,71.57,9.84,0.71,0,0
1939.0,716,716,30,0,686,686,0,0,5,0,0.12,71.55,9.98,0.72,0,0
1940.0,716,716,30,0,686,686,0,0,5,0,0.12,71.55,9.95,0.72,0,0
1941.0,716,716,30,0,686,686,0,0,5,0,0.12,71.55,9.8,0.71,0,0
1942.0,716,716,29,0,687,687,0,0,5,0,0.12,71.61,9.48,0.68,0,0
1943.0,716,716,28,0,688,688,0,0,5,0,0.12,71.67,9.11,0.66,0,0
1944.0,718,718,30,0,688,688,0,0,6,0,0.12,71.67,9.17,0.66,0,0
1945.0,718,718,30,0,688,688,0,0,6,0,0.12,71.67,8.83,0.64,0,1
1946.0,718,718,30,0,688,688,0,0,6,0,0.12,71.67,8.64,0.62,0,0
1947.0,718,718,30,0,688,688,0,0,8,0,0.12,71.67,8.42,0.61,0,0
1948.0,718,718,29,0,689,689,0,0,8,0,0.12,71.71,7.99,0.57,0,0
1949.0,718,718,29,0,689,689,0,0,9,0,0.12,71.71,8.04,0.58,0,0
1950.0,720,720,28,0,692,692,0,0,9,0,0.12,71.81,8.04,0.58,0,0
1951.0,720,720,27,0,693,693,0,0,10,0,0.12,71.84,7.83,0.56,0,0
1952.0,720,720,26,0,694,694,0,0,10,0,0.12,71.85,7.62,0.55,0,0
1953.0,720,720,25,0,695,695,0,0,7,0,0.12,71.86,7.6,0.55,0,1
1954.0,720,720,24,0,696,696,0,0,5,0,0.12,71.85,7.44,0.54,0,0
1955.0,720,720,22,0,698,698,0,0,3,0,0.12,71.81,6.98,0.50,0,0
1956.0,722,722,24,0,698,698,0,0,3,0,0.12,71.81,7.92,0.57,0,0
1957.0,722,722,23,0,699,699,0,0,3,0,0.12,71.80,7.51,0.54,0,0
1958.0,722,722,23,0,699,699,0,0,3,0,0.12,71.80,7.56,0.54,0,0
1959.0,722,722,22,0,700,700,0,0,3,0,0.12,71.77,7.58,0.55,0,0
1960.0,722,722,22,0,700,700,0,0,4,0,0.12,71.77,7.95,0.57,0,0
1961.0,722,722,22,0,700,700,0,0,5,0,0.12,71.77,7.95,0.57,0,1
1962.0,722,722,22,0,700,700,0,0,5,0,0.12,71.77,8.23,0.59,0,0
1963.0,722,722,21,0,701,701,0,0,5,0,0.12,71.81,8.19,0.59,0,0
1964.0,722,722,21,0,701,701,0,0,5,0,0.12,71.81,8.33,0.60,0,0
1965.0,724,724,23,0,701,701,0,0,5,0,0.12,71.81,8.99,0.65,0,0
1966.0,724,724,23,0,701,701,0,0,5,0,0.12,71.81,8.93,0.64,0,0
1967.0,724,724,22,0,702,702,0,0,5,0,0.12,71.78,8.6,0.62,0,0
1968.0,726,726,24,0,702,702,0,0,5,0,0.12,71.78,9.07,0.65,0,0
1969.0,726,726,24,0,702,702,0,0,5,0,0.12,71.78,9.1,0.65,0,0
1970.0,726,726,24,0,702,702,0,0,5,0,0.12,71.78,9.07,0.65,0,1
1971.0,726,726,24,0,702,702,0,0,5,0,0.12,71.78,8.92,0.64,0,0
1972.0,726,726,24,0,702,702,0,0,5,0,0.12,71.78,8.68,0.62,0,0
1973.0,726,726,24,0,702,702,0,0,6,0,0.12,71.78,8.74,0.63,0,0
1974.0,726,726,24,0,702,702,0,0,7,0,0.12,71.78,8.99,0.65,0,0
1975.0,726,726,24,0,702,702,0,0,7,0,0.12,71.78,9.03,0.65,0,0
1976.0,726,726,24,0,702,702,0,0,7,0,0.12,71.78,8.99,0.65,0,0
1977.0,726,726,24,0,702,702,0,0,7,0,0.12,71.78,8.77,0.63,0,0
1978.0,726,726,22,0,704,704,0,0,7,0,0.12,71.82,7.94,0.57,0,0
1979.0,726,726,21,0,705,705,0,0,7,0,0.12,71.83,7.42,0.53,0,0
1980.0,735,733,28,2,705,705,0,0,7,0,0.12,71.83,9.04,0.65,0,1
1981.0,735,734,29,1,705,705,0,0,7,0,0.12,71.83,9.07,0.65,0,0
1982.0,735,734,29,1,705,705,0,0,7,0,0.12,71.83,9.17,0.66,0,0
1983.0,735,735,28,0,707,707,0,0,7,0,0.13,71.84,9.13,0.66,0,0
1984.0,735,735,28,0,707,707,0,0,7,0,0.13,71.84,9.16,0.66,0,0
1985.0,735,735,27,0,708,708,0,0,7,0,0.13,71.83,9.03,0.65,0,0
1986.0,735,735,27,0,708,708,0,0,7,0,0.13,71.83,8.8,0.63,0,0
1987.0,735,735,27,0,708,708,0,0,8,0,0.13,71.83,8.51,0.61,0,0
1988.0,735,735,26,0,709,709,0,0,9,0,0.13,71.81,8.25,0.59,0,0
1989.0,735,735,26,0,709,709,0,0,9,0,0.13,71.81,8.17,0.59,0,1
1990.0,735,735,26,0,709,709,0,0,9,0,0.13,71.81,8.03,0.58,0,0
1991.0,735,735,25,0,710,710,0,0,9,0,0.13,71.81,7.62,0.55,0,0
1992.0,737,737,27,0,710,710,0,0,9,0,0.12,71.81,7.96,0.57,0,0
1993.0,737,737,25,0,712,712,0,0,9,0,0.12,71.76,7.6,0.55,0,0
1994.0,737,737,25,0,712,712,0,0,9,0,0.12,71.76,7.67,0.55,0,0
1995.0,739,739,26,0,713,713,0,0,9,0,0.12,71.73,8.06,0.58,0,0
1996.0,739,739,26,0,713,713,0,0,9,0,0.12,71.73,8.12,0.58,0,0
1997.0,739,739,26,0,713,713,0,0,9,0,0.12,71.73,8.26,0.59,0,1
1998.0,739,739,26,0,713,713,0,0,9,0,0.12,71.73,8.27,0.60,0,0
1999.0,739,739,26,0,713,713,0,0,9,0,0.12,71.73,7.94,0.57,0,0
2000.0,739,739,26,0,713,713,0,0,9,0,0.12,71.73,7.44,0.53,0,0
2001.0,739,739,26,0,713,713,0,0,9,0,0.12,71.73,6.69,0.48,0,0
2002.0,739,739,26,0,713,713,0,0,10,0,0.12,71.73,5.76,0.41,0,0
2003.0,739,739,26,0,713,713,0,0,11,0,0.12,71.73,5.16,0.37,0,0
2004.0,741,741,26,0,715,715,0,0,12,0,0.12,71.67,4.99,0.36,0,0
2005.0,741,741,26,0,715,715,0,0,14,0,0.12,71.67,5.27,0.38,0,0
2006.0,741,741,26,0,715,715,0,0,14,0,0.12,71.67,5.5,0.40,0,0
2007.0,741,741,26,0,715,715,0,0,11,0,0.12,71.67,5.88,0.42,0,0
2008.0,741,741,26,0,715,715,0,0,9,0,0.12,71.67,6.12,0.44,0,0
2009.0,741,741,26,0,715,715,0,0,7,0,0.12,71.67,6.49,0.47,0,0
2010.0,743,743,28,0,715,715,0,0,5,0,0.12,71.67,7.25,0.52,0,0
2011.0,743,743,28,0,715,715,0,0,3,0,0.12,71.67,7.75,0.56,0,0
2012.0,743,743,28,0,715,715,0,0,4,0,0.12,71.67,8.0,0.58,0,0
2013.0,743,743,28,0,715,715,0,0,3,0,0.12,71.67,8.25,0.59,0,1
2014.0,743,743,28,0,715,715,0,0,2,0,0.12,71.67,8.49,0.61,0,0
2015.0,743,743,28,0,715,715,0,0,2,0,0.12,71.67,8.87,0.64,0,0
2016.0,745,745,30,0,715,715,0,0,2,0,0.12,71.67,9.42,0.68,0,0
2017.0,745,745,29,0,716,716,0,0,4,0,0.12,71.63,9.63,0.69,0,0
2018.0,745,745,29,0,716,716,0,0,4,0,0.12,71.63,9.96,0.72,0,0
2019.0,745,745,28,0,717,717,0,0,4,0,0.12,71.61,10.07,0.72,0,0
2020.0,745,745,28,0,717,717,0,0,4,0,0.12,71.61,10.12,0.73,0,0
2021.0,745,745,28,0,717,717,0,0,4,0,0.12,71.61,10.01,0.72,0,0
2022.0,745,745,28,0,717,717,0,0,4,0,0.12,71.61,10.16,0.73,0,1
2023.0,745,745,28,0,717,717,0,0,4,0,0.12,71.61,10.29,0.74,0,0
2024.0,745,745,28,0,717,717,0,0,4,0,0.12,71.61,10.24,0.74,0,0
2025.0,747,747,30,0,717,717,0,0,4,0,0.12,71.61,10.25,0.74,0,0
2026.0,747,747,29,0,718,718,0,0,4,0,0.12,71.57,10.02,0.72,0,0
2027.0,747,747,29,0,718,718,0,0,4,0,0.12,71.57,9.77,0.70,0,0
2028.0,749,749,29,0,720,720,0,0,6,0,0.12,71.50,9.78,0.70,0,0
2029.0,749,749,29,0,720,720,0,0,6,0,0.12,71.50,9.86,0.71,0,0
2030.0,749,749,29,0,720,720,0,0,5,0,0.12,71.50,9.89,0.71,0,0
2031.0,749,749,29,0,720,720,0,0,5,0,0.12,71.50,9.84,0.71,0,1
2032.0,749,749,29,0,720,720,0,0,5,0,0.12,71.50,9.83,0.71,0,0
2033.0,749,749,29,0,720,720,0,0,5,0,0.12,71.50,9.79,0.70,0,0
2034.0,749,749,28,0,721,721,0,0,5,0,0.12,71.56,9.52,0.68,0,0
2035.0,749,749,26,0,723,723,0,0,6,0,0.12,71.68,9.28,0.67,0,0
2036.0,749,749,26,0,723,723,0,0,6,0,0.12,71.68,9.14,0.66,0,0
2037.0,749,749,25,0,724,724,0,0,7,0,0.12,71.72,8.73,0.63,0,0
2038.0,749,749,24,0,725,725,0,0,7,0,0.12,71.77,8.45,0.61,0,0
2039.0,749,749,23,0,726,726,0,0,7,0,0.12,71.79,8.05,0.58,0,0
2040.0,755,754,26,1,728,728,0,0,7,0,0.12,71.82,8.44,0.61,0,1
2041.0,755,755,27,0,728,728,0,0,9,0,0.12,71.82,8.41,0.60,0,0
2042.0,755,755,25,0,730,730,0,0,9,0,0.12,71.81,8.06,0.58,0,0
2043.0,755,755,25,0,730,730,0,0,6,0,0.12,71.81,8.46,0.61,0,0
2044.0,755,755,23,0,732,732,0,0,4,0,0.12,71.77,8.34,0.60,0,0
2045.0,755,755,23,0,732,732,0,0,2,0,0.12,71.77,8.81,0.63,0,1
2046.0,755,755,22,0,733,733,0,0,2,0,0.12,71.76,8.87,0.64,0,0
2047.0,755,755,22,0,733,733,0,0,2,0,0.12,71.76,8.88,0.64,0,0
2048.0,755,755,21,0,734,734,0,0,2,0,0.12,71.75,8.52,0.61,0,0
2049.0,755,755,21,0,734,734,0,0,3,0,0.12,71.75,8.86,0.64,0,0
2050.0,755,755,21,0,734,734,0,0,3,0,0.12,71.75,8.58,0.62,0,0
2051.0,755,755,20,0,735,735,0,0,4,0,0.12,71.73,8.42,0.61,0,0
2052.0,757,757,22,0,735,735,0,0,4,0,0.12,71.73,9.03,0.65,0,0
2053.0,757,757,22,0,735,735,0,0,4,0,0.12,71.73,9.1,0.65,0,0
2054.0,757,757,22,0,735,735,0,0,4,0,0.12,71.73,9.25,0.67,0,0
2055.0,759,759,23,0,736,736,0,0,4,0,0.12,71.74,9.43,0.68,0,0
2056.0,759,759,23,0,736,736,0,0,4,0,0.12,71.74,9.47,0.68,0,0
2057.0,759,759,23,0,736,736,0,0,4,0,0.12,71.74,9.84,0.71,0,0
2058.0,759,759,23,0,736,736,0,0,4,0,0.12,71.74,10.12,0.73,0,0
2059.0,759,759,23,0,736,736,0,0,4,0,0.12,71.74,10.2,0.73,0,0
2060.0,759,759,23,0,736,736,0,0,4,0,0.12,71.74,10.03,0.72,0,0
2061.0,759,759,23,0,736,736,0,0,4,0,0.12,71.74,9.34,0.67,0,0
2062.0,759,759,23,0,736,736,0,0,4,0,0.12,71.74,8.48,0.61,0,0
2063.0,759,759,23,0,736,736,0,0,5,0,0.12,71.74,8.16,0.59,0,0
2064.0,761,761,25,0,736,736,0,0,6,0,0.12,71.74,8.34,0.60,0,0
2065.0,761,761,25,0,736,736,0,0,6,0,0.12,71.74,8.6,0.62,0,1
2066.0,761,761,25,0,736,736,0,0,7,0,0.12,71.74,8.57,0.62,0,0
2067.0,761,761,25,0,736,736,0,0,7,0,0.12,71.74,8.69,0.63,0,0
2068.0,761,761,23,0,738,738,0,0,7,0,0.12,71.75,8.06,0.58,0,0
2069.0,761,761,23,0,738,738,0,0,7,0,0.12,71.75,8.29,0.60,0,0
2070.0,766,765,27,1,738,738,0,0,8,0,0.12,71.75,9.11,0.66,0,0
2071.0,766,765,27,1,738,738,0,0,8,0,0.12,71.75,8.95,0.64,0,0
2072.0,766,766,26,0,740,740,0,0,8,0,0.12,71.74,8.69,0.63,0,0
2073.0,766,766,26,0,740,740,0,0,8,0,0.12,71.74,8.61,0.62,0,1
2074.0,766,766,25,0,741,741,0,0,8,0,0.12,71.77,8.14,0.59,0,0
2075.0,766,766,25,0,741,741,0,0,8,0,0.12,71.77,7.45,0.54,0,0
2076.0,768,768,25,0,743,743,0,0,8,0,0.12,71.74,7.12,0.51,0,0
2077.0,768,768,25,0,743,743,0,0,8,0,0.12,71.74,6.83,0.49,0,0
2078.0,768,768,25,0,743,743,0,0,10,0,0.12,71.74,6.93,0.50,0,0
2079.0,768,768,25,0,743,743,0,0,10,0,0.12,71.74,7.14,0.51,0,0
2080.0,768,768,24,0,744,744,0,0,10,0,0.12,71.71,7.08,0.51,0,0
2081.0,768,768,24,0,744,744,0,0,10,0,0.12,71.71,7.15,0.51,0,0
2082.0,768,768,24,0,744,744,0,0,10,0,0.12,71.71,7.4,0.53,0,0
2083.0,768,768,24,0,744,744,0,0,10,0,0.12,71.71,7.35,0.53,0,0
2084.0,768,768,23,0,745,745,0,0,10,0,0.12,71.69,7.28,0.52,0,0
2085.0,770,770,25,0,745,745,0,0,10,0,0.12,71.69,7.59,0.55,0,0
2086.0,770,770,25,0,745,745,0,0,10,0,0.12,71.69,7.37,0.53,0,0
2087.0,770,770,25,0,745,745,0,0,10,0,0.12,71.69,7.12,0.51,0,0
2088.0,772,772,25,0,747,747,0,0,10,0,0.12,71.63,6.93,0.50,0,0
2089.0,772,772,25,0,747,747,0,0,10,0,0.12,71.63,6.8,0.49,0,0
2090.0,772,772,25,0,747,747,0,0,10,0,0.12,71.63,6.73,0.48,0,0
2091.0,772,772,25,0,747,747,0,0,10,0,0.12,71.63,6.47,0.47,0,0
2092.0,772,772,25,0,747,747,0,0,10,0,0.12,71.63,6.09,0.44,0,0
2093.0,772,772,25,0,747,747,0,0,11,0,0.12,71.63,5.71,0.41,0,0
2094.0,772,772,25,0,747,747,0,0,11,0,0.12,71.63,5.61,0.40,0,0
2095.0,772,772,25,0,747,747,0,0,13,0,0.12,71.63,5.46,0.39,0,0
2096.0,772,772,25,0,747,747,0,0,13,0,0.12,71.63,5.66,0.41,0,0
2097.0,772,772,25,0,747,747,0,0,11,0,0.12,71.63,5.65,0.41,0,0
2098.0,772,772,25,0,747,747,0,0,9,0,0.12,71.63,5.56,0.40,0,0
2099.0,772,772,25,0,747,747,0,0,7,0,0.12,71.63,5.41,0.39,0,0
2100.0,778,777,30,1,747,747,0,0,5,0,0.12,71.63,7.08,0.51,0,0
2101.0,778,778,30,0,748,748,0,0,4,0,0.12,71.59,7.32,0.53,0,0
2102.0,778,778,30,0,748,748,0,0,5,0,0.12,71.59,7.68,0.55,0,0
2103.0,778,778,29,0,749,749,0,0,4,0,0.12,71.57,8.1,0.58,0,0
2104.0,778,778,29,0,749,749,0,0,4,0,0.12,71.57,8.47,0.61,0,0
2105.0,778,778,29,0,749,749,0,0,4,0,0.12,71.57,8.89,0.64,0,1
2106.0,778,778,29,0,749,749,0,0,4,0,0.12,71.57,9.32,0.67,0,0
2107.0,778,778,29,0,749,749,0,0,4,0,0.12,71.57,9.53,0.69,0,0
2108.0,778,778,29,0,749,749,0,0,4,0,0.12,71.57,9.8,0.71,0,0
2109.0,778,778,29,0,749,749,0,0,4,0,0.12,71.57,10.01,0.72,0,0
2110.0,778,778,29,0,749,749,0,0,4,0,0.12,71.57,10.03,0.72,0,0
2111.0,778,778,29,0,749,749,0,0,4,0,0.12,71.57,9.79,0.70,0,0
2112.0,780,780,30,0,750,750,0,0,4,0,0.12,71.54,9.73,0.70,0,0
2113.0,780,780,30,0,750,750,0,0,6,0,0.12,71.54,9.75,0.70,0,0
2114.0,780,780,30,0,750,750,0,0,6,0,0.12,71.54,9.7,0.70,0,0
2115.0,782,782,31,0,751,751,0,0,6,0,0.12,71.51,9.93,0.71,0,0
2116.0,782,782,30,0,752,752,0,0,6,0,0.12,71.47,9.9,0.71,0,0
2117.0,782,782,30,0,752,752,0,0,6,0,0.12,71.47,9.89,0.71,0,0
2118.0,782,782,30,0,752,752,0,0,6,0,0.12,71.47,9.97,0.72,0,0
2119.0,782,782,30,0,752,752,0,0,6,0,0.12,71.47,10.19,0.73,0,0
2120.0,782,782,30,0,752,752,0,0,6,0,0.12,71.47,9.92,0.71,0,0
2121.0,782,782,30,0,752,752,0,0,5,0,0.12,71.47,9.51,0.68,0,0
2122.0,782,782,30,0,752,752,0,0,5,0,0.12,71.47,9.01,0.65,0,0
2123.0,782,782,29,0,753,753,0,0,6,0,0.12,71.53,8.23,0.59,0,1
2124.0,784,784,31,0,753,753,0,0,7,0,0.12,71.53,8.29,0.60,0,0
2125.0,784,784,31,0,753,753,0,0,7,0,0.12,71.53,8.01,0.58,0,0
2126.0,784,784,30,0,754,754,0,0,8,0,0.12,71.59,7.93,0.57,0,0
2127.0,784,784,29,0,755,755,0,0,10,0,0.12,71.63,7.96,0.57,0,0
2128.0,784,784,28,0,756,756,0,0,10,0,0.12,71.67,7.89,0.57,0,0
2129.0,784,784,27,0,757,757,0,0,10,0,0.12,71.69,7.74,0.56,0,0
2130.0,786,786,27,0,759,759,0,0,10,0,0.12,71.74,7.87,0.57,0,1
2131.0,786,786,27,0,759,759,0,0,10,0,0.12,71.74,7.83,0.56,0,0
2132.0,786,786,25,0,761,761,0,0,10,0,0.12,71.75,7.26,0.52,0,0
2133.0,786,786,24,0,762,762,0,0,7,0,0.12,71.74,7.13,0.51,0,0
2134.0,786,786,24,0,762,762,0,0,5,0,0.12,71.74,7.08,0.51,0,0
2135.0,786,786,23,0,763,763,0,0,3,0,0.12,71.71,6.89,0.50,0,0
2136.0,788,788,24,0,764,764,0,0,3,0,0.12,71.71,7.39,0.53,0,0
2137.0,788,788,24,0,764,764,0,0,3,0,0.12,71.71,7.38,0.53,0,0
2138.0,788,788,23,0,765,765,0,0,3,0,0.12,71.70,7.24,0.52,0,0
2139.0,788,788,23,0,765,765,0,0,4,0,0.12,71.70,7.6,0.55,0,0
2140.0,788,788,22,0,766,766,0,0,4,0,0.12,71.68,7.45,0.54,0,0
2141.0,788,788,22,0,766,766,0,0,5,0,0.12,71.68,7.62,0.55,0,0
2142.0,788,788,22,0,766,766,0,0,5,0,0.12,71.68,7.95,0.57,0,1
2143.0,788,788,22,0,766,766,0,0,5,0,0.12,71.68,8.06,0.58,0,0
2144.0,788,788,22,0,766,766,0,0,5,0,0.12,71.68,8.17,0.59,0,0
2145.0,790,790,24,0,766,766,0,0,5,0,0.12,71.68,8.74,0.63,0,0
2146.0,790,790,24,0,766,766,0,0,5,0,0.12,71.68,8.58,0.62,0,0
2147.0,790,790,24,0,766,766,0,0,5,0,0.12,71.68,8.72,0.63,0,0
2148.0,792,792,26,0,766,766,0,0,5,0,0.12,71.68,9.08,0.65,0,0
2149.0,792,792,26,0,766,766,0,0,5,0,0.12,71.68,9.14,0.66,0,0
2150.0,792,792,26,0,766,766,0,0,5,0,0.12,71.68,9.01,0.65,0,0
2151.0,792,792,25,0,767,767,0,0,5,0,0.12,71.73,8.76,0.63,0,0
2152.0,792,792,25,0,767,767,0,0,5,0,0.12,71.73,8.72,0.63,0,0
2153.0,792,792,24,0,768,768,0,0,6,0,0.12,71.70,8.89,0.64,0,0
2154.0,792,792,24,0,768,768,0,0,7,0,0.12,71.70,8.85,0.64,0,0
2155.0,792,792,24,0,768,768,0,0,7,0,0.12,71.70,9.06,0.65,0,0
2156.0,792,792,24,0,768,768,0,0,7,0,0.12,71.70,9.07,0.65,0,0
2157.0,792,792,24,0,768,768,0,0,7,0,0.12,71.70,8.96,0.64,0,0
2158.0,792,792,23,0,769,769,0,0,7,0,0.12,71.72,8.42,0.61,0,0
2159.0,792,792,21,0,771,771,0,0,7,0,0.12,71.75,7.69,0.55,0,0
2160.0,801,799,28,2,771,771,0,0,7,0,0.12,71.75,8.98,0.65,0,1
2161.0,801,800,29,1,771,771,0,0,7,0,0.12,71.75,9.0,0.65,0,0
2162.0,801,800,28,1,772,772,0,0,7,0,0.12,71.76,8.93,0.64,0,0
2163.0,801,801,29,0,772,772,0,0,7,0,0.12,71.76,9.08,0.65,0,0
2164.0,801,801,28,0,773,773,0,0,7,0,0.12,71.76,9.03,0.65,0,0
2165.0,801,801,28,0,773,773,0,0,7,0,0.12,71.76,9.02,0.65,0,0
2166.0,801,801,27,0,774,774,0,0,7,0,0.12,71.76,8.58,0.62,0,0
2167.0,801,801,27,0,774,774,0,0,7,0,0.12,71.76,8.45,0.61,0,1
2168.0,801,801,27,0,774,774,0,0,7,0,0.12,71.76,8.33,0.60,0,0
2169.0,801,801,27,0,774,774,0,0,9,0,0.12,71.76,8.16,0.59,0,0
2170.0,801,801,26,0,775,775,0,0,9,0,0.12,71.75,7.93,0.57,0,0
2171.0,801,801,25,0,776,776,0,0,9,0,0.12,71.74,7.47,0.54,0,0
2172.0,803,803,26,0,777,777,0,0,9,0,0.12,71.72,7.61,0.55,0,0
2173.0,803,803,26,0,777,777,0,0,9,0,0.12,71.72,7.67,0.55,0,0
2174.0,803,803,25,0,778,778,0,0,9,0,0.12,71.69,7.54,0.54,0,0
2175.0,805,805,26,0,779,779,0,0,9,0,0.12,71.67,7.88,0.57,0,1
2176.0,805,805,26,0,779,779,0,0,9,0,0.12,71.67,7.9,0.57,0,0
2177.0,805,805,26,0,779,779,0,0,9,0,0.12,71.67,8.15,0.59,0,0
2178.0,805,805,26,0,779,779,0,0,9,0,0.12,71.67,8.3,0.60,0,0
2179.0,805,805,26,0,779,779,0,0,9,0,0.12,71.67,8.04,0.58,0,0
2180.0,805,805,26,0,779,779,0,0,9,0,0.12,71.67,7.72,0.56,0,0
2181.0,805,805,26,0,779,779,0,0,9,0,0.12,71.67,7.12,0.51,0,0
2182.0,805,805,26,0,779,779,0,0,11,0,0.12,71.67,6.17,0.44,0,0
2183.0,805,805,26,0,779,779,0,0,11,0,0.12,71.67,5.58,0.40,0,0
2184.0,807,807,27,0,780,780,0,0,13,0,0.12,71.64,5.46,0.39,0,1
2185.0,807,807,26,0,781,781,0,0,13,0,0.12,71.61,4.94,0.36,0,0
2186.0,807,807,26,0,781,781,0,0,15,0,0.12,71.61,4.62,0.33,0,0
2187.0,807,807,26,0,781,781,0,0,12,0,0.12,71.61,4.74,0.34,0,0
2188.0,807,807,26,0,781,781,0,0,11,0,0.12,71.61,5.13,0.37,0,0
2189.0,807,807,26,0,781,781,0,0,9,0,0.12,71.61,5.3,0.38,0,0
2190.0,809,809,28,0,781,781,0,0,8,0,0.12,71.61,6.2,0.45,0,0
2191.0,809,809,28,0,781,781,0,0,6,0,0.12,71.61,6.58,0.47,0,1
2192.0,809,809,28,0,781,781,0,0,6,0,0.12,71.61,6.98,0.50,0,0
2193.0,809,809,28,0,781,781,0,0,5,0,0.12,71.61,7.04,0.51,0,0
2194.0,809,809,28,0,781,781,0,0,5,0,0.12,71.61,7.24,0.52,0,0
2195.0,809,809,28,0,781,781,0,0,4,0,0.12,71.61,7.58,0.55,0,0
2196.0,811,811,29,0,782,782,0,0,5,0,0.12,71.58,8.17,0.59,0,0
2197.0,811,811,28,0,783,783,0,0,6,0,0.12,71.55,8.34,0.60,0,0
2198.0,811,811,28,0,783,783,0,0,6,0,0.12,71.55,8.71,0.63,0,0
2199.0,811,811,28,0,783,783,0,0,6,0,0.12,71.55,8.96,0.64,0,0
2200.0,811,811,28,0,783,783,0,0,6,0,0.12,71.55,9.15,0.66,0,0
2201.0,811,811,28,0,783,783,0,0,6,0,0.12,71.55,9.07,0.65,0,0
2202.0,811,811,28,0,783,783,0,0,6,0,0.12,71.55,9.01,0.65,0,0
2203.0,811,811,28,0,783,783,0,0,6,0,0.12,71.55,9.02,0.65,0,0
2204.0,811,811,28,0,783,783,0,0,6,0,0.12,71.55,8.96,0.64,0,0
2205.0,813,813,30,0,783,783,0,0,6,0,0.12,71.55,9.1,0.65,0,0
2206.0,813,813,29,0,784,784,0,0,6,0,0.12,71.52,8.76,0.63,0,0
2207.0,813,813,29,0,784,784,0,0,6,0,0.12,71.52,8.76,0.63,0,0
2208.0,815,815,31,0,784,784,0,0,7,0,0.12,71.52,9.16,0.66,0,0
2209.0,815,815,31,0,784,784,0,0,7,0,0.12,71.52,9.12,0.66,0,0
2210.0,815,815,31,0,784,784,0,0,8,0,0.12,71.52,9.23,0.66,0,0
2211.0,815,815,31,0,784,784,0,0,7,0,0.12,71.52,9.42,0.68,0,0
2212.0,815,815,30,0,785,785,0,0,7,0,0.12,71.57,9.27,0.67,0,0
2213.0,815,815,29,0,786,786,0,0,7,0,0.12,71.62,9.08,0.65,0,0
2214.0,815,815,29,0,786,786,0,0,7,0,0.12,71.62,9.2,0.66,0,0
2215.0,815,815,28,0,787,787,0,0,7,0,0.12,71.67,8.82,0.63,0,0
2216.0,815,815,27,0,788,788,0,0,7,0,0.12,71.71,8.37,0.60,0,1
2217.0,815,815,26,0,789,789,0,0,7,0,0.12,71.75,8.32,0.60,0,0
2218.0,815,815,25,0,790,790,0,0,8,0,0.12,71.77,7.82,0.56,0,0
2219.0,815,815,23,0,792,792,0,0,8,0,0.12,71.80,7.22,0.52,0,0
2220.0,821,820,28,1,792,792,0,0,9,0,0.12,71.80,8.17,0.59,0,0
2221.0,821,821,28,0,793,793,0,0,9,0,0.12,71.78,8.06,0.58,0,0
2222.0,821,821,28,0,793,793,0,0,10,0,0.12,71.78,7.92,0.57,0,0
2223.0,821,821,27,0,794,794,0,0,7,0,0.12,71.79,7.89,0.57,0,1
2224.0,821,821,26,0,795,795,0,0,5,0,0.12,71.78,7.84,0.56,0,0
2225.0,821,821,26,0,795,795,0,0,3,0,0.12,71.78,8.15,0.59,0,0
2226.0,821,821,25,0,796,796,0,0,2,0,0.12,71.77,8.12,0.58,0,0
2227.0,821,821,25,0,796,796,0,0,2,0,0.12,71.77,7.93,0.57,0,0
2228.0,821,821,25,0,796,796,0,0,2,0,0.12,71.77,7.8,0.56,0,0
2229.0,821,821,25,0,796,796,0,0,3,0,0.12,71.77,7.79,0.56,0,0
2230.0,821,821,24,0,797,797,0,0,4,0,0.12,71.77,7.63,0.55,0,0
2231.0,821,821,24,0,797,797,0,0,4,0,0.12,71.77,7.77,0.56,0,0
2232.0,823,823,26,0,797,797,0,0,4,0,0.12,71.77,8.45,0.61,0,0
2233.0,823,823,25,0,798,798,0,0,4,0,0.12,71.75,8.52,0.61,0,0
2234.0,823,823,25,0,798,798,0,0,4,0,0.12,71.75,8.66,0.62,0,0
2235.0,825,825,27,0,798,798,0,0,4,0,0.12,71.75,9.14,0.66,0,0
2236.0,825,825,26,0,799,799,0,0,4,0,0.12,71.73,9.2,0.66,0,0
2237.0,825,825,25,0,800,800,0,0,4,0,0.12,71.74,9.43,0.68,0,0
2238.0,825,825,25,0,800,800,0,0,4,0,0.12,71.74,9.62,0.69,0,0
2239.0,825,825,25,0,800,800,0,0,4,0,0.12,71.74,9.71,0.70,0,0
2240.0,825,825,25,0,800,800,0,0,4,0,0.12,71.74,9.85,0.71,0,0
2241.0,825,825,25,0,800,800,0,0,4,0,0.12,71.74,9.26,0.67,0,0
2242.0,825,825,25,0,800,800,0,0,4,0,0.12,71.74,8.61,0.62,0,0
2243.0,825,825,25,0,800,800,0,0,4,0,0.12,71.74,7.78,0.56,0,0
2244.0,827,827,27,0,800,800,0,0,6,0,0.12,71.74,7.84,0.56,0,0
2245.0,827,827,27,0,800,800,0,0,7,0,0.12,71.74,8.02,0.58,0,0
2246.0,827,827,27,0,800,800,0,0,8,0,0.12,71.74,7.95,0.57,0,0
2247.0,827,827,27,0,800,800,0,0,8,0,0.12,71.74,8.19,0.59,0,0
2248.0,827,827,26,0,801,801,0,0,8,0,0.12,71.76,8.24,0.59,0,0
2249.0,827,827,26,0,801,801,0,0,8,0,0.12,71.76,8.4,0.60,0,1
2250.0,832,831,30,1,801,801,0,0,8,0,0.12,71.76,9.1,0.65,0,0
2251.0,832,831,29,1,802,802,0,0,8,0,0.12,71.79,8.94,0.64,0,0
2252.0,832,832,29,0,803,803,0,0,8,0,0.12,71.81,8.99,0.65,0,0
2253.0,832,832,28,0,804,804,0,0,8,0,0.12,71.82,8.89,0.64,0,0
2254.0,832,832,27,0,805,805,0,0,8,0,0.12,71.83,8.46,0.61,0,0
2255.0,832,832,26,0,806,806,0,0,8,0,0.12,71.83,8.0,0.58,0,1
2256.0,834,834,27,0,807,807,0,0,8,0,0.12,71.83,7.95,0.57,0,0
2257.0,834,834,27,0,807,807,0,0,8,0,0.12,71.83,7.53,0.54,0,0
2258.0,834,834,27,0,807,807,0,0,9,0,0.12,71.83,7.26,0.52,0,0
2259.0,834,834,26,0,808,808,0,0,9,0,0.12,71.82,7.04,0.51,0,0
2260.0,834,834,26,0,808,808,0,0,10,0,0.12,71.82,7.02,0.51,0,0
2261.0,834,834,26,0,808,808,0,0,10,0,0.12,71.82,7.3,0.53,0,0
2262.0,834,834,26,0,808,808,0,0,10,0,0.12,71.82,7.49,0.54,0,1
2263.0,834,834,25,0,809,809,0,0,10,0,0.12,71.80,7.28,0.52,0,0
2264.0,834,834,25,0,809,809,0,0,10,0,0.12,71.80,7.33,0.53,0,0
2265.0,836,836,27,0,809,809,0,0,10,0,0.12,71.80,7.85,0.56,0,0
2266.0,836,836,27,0,809,809,0,0,10,0,0.12,71.80,7.47,0.54,0,0
2267.0,836,836,26,0,810,810,0,0,10,0,0.12,71.80,7.11,0.51,0,0
2268.0,838,838,27,0,811,811,0,0,10,0,0.12,71.79,7.3,0.53,0,0
2269.0,838,838,26,0,812,812,0,0,10,0,0.12,71.76,6.99,0.50,0,0
2270.0,838,838,26,0,812,812,0,0,10,0,0.12,71.76,6.95,0.50,0,0
2271.0,838,838,25,0,813,813,0,0,10,0,0.12,71.73,6.52,0.47,0,0
2272.0,838,838,25,0,813,813,0,0,10,0,0.12,71.73,5.93,0.43,0,0
2273.0,838,838,25,0,813,813,0,0,10,0,0.12,71.73,5.56,0.40,0,0
2274.0,838,838,25,0,813,813,0,0,11,0,0.12,71.73,5.44,0.39,0,0
2275.0,838,838,25,0,813,813,0,0,12,0,0.12,71.73,5.44,0.39,0,0
2276.0,838,838,25,0,813,813,0,0,13,0,0.12,71.73,5.61,0.40,0,0
2277.0,838,838,25,0,813,813,0,0,11,0,0.12,71.73,5.59,0.40,0,0
2278.0,838,838,25,0,813,813,0,0,9,0,0.12,71.73,5.49,0.39,0,0
2279.0,838,838,25,0,813,813,0,0,7,0,0.12,71.73,5.47,0.39,0,0
2280.0,844,843,30,1,813,813,0,0,5,0,0.12,71.73,6.98,0.50,0,0
2281.0,844,844,30,0,814,814,0,0,4,0,0.12,71.71,7.22,0.52,0,0
2282.0,844,844,30,0,814,814,0,0,5,0,0.12,71.71,7.59,0.55,0,0
2283.0,844,844,30,0,814,814,0,0,4,0,0.12,71.71,7.97,0.57,0,1
2284.0,844,844,30,0,814,814,0,0,4,0,0.12,71.71,8.3,0.60,0,0
2285.0,844,844,30,0,814,814,0,0,4,0,0.12,71.71,8.72,0.63,0,0
2286.0,844,844,29,0,815,815,0,0,4,0,0.12,71.68,8.88,0.64,0,0
2287.0,844,844,29,0,815,815,0,0,4,0,0.12,71.68,9.1,0.65,0,0
2288.0,844,844,29,0,815,815,0,0,4,0,0.12,71.68,9.19,0.66,0,0
2289.0,844,844,29,0,815,815,0,0,4,0,0.12,71.68,9.53,0.69,0,0
2290.0,844,844,29,0,815,815,0,0,4,0,0.12,71.68,9.66,0.70,0,0
2291.0,844,844,29,0,815,815,0,0,4,0,0.12,71.68,9.76,0.70,0,0
2292.0,846,846,31,0,815,815,0,0,4,0,0.12,71.68,10.04,0.72,0,1
2293.0,846,846,30,0,816,816,0,0,4,0,0.12,71.66,9.57,0.69,0,0
2294.0,846,846,29,0,817,817,0,0,5,0,0.12,71.63,9.4,0.68,0,0
2295.0,848,848,31,0,817,817,0,0,5,0,0.12,71.63,9.64,0.69,0,0
2296.0,848,848,30,0,818,818,0,0,5,0,0.12,71.60,9.47,0.68,0,0
2297.0,848,848,30,0,818,818,0,0,6,0,0.12,71.60,9.55,0.69,0,0
2298.0,848,848,30,0,818,818,0,0,6,0,0.12,71.60,9.58,0.69,0,0
2299.0,848,848,30,0,818,818,0,0,6,0,0.12,71.60,9.58,0.69,0,1
2300.0,848,848,30,0,818,818,0,0,6,0,0.12,71.60,9.35,0.67,0,0
2301.0,848,848,30,0,818,818,0,0,5,0,0.12,71.60,8.75,0.63,0,0
2302.0,848,848,30,0,818,818,0,0,5,0,0.12,71.60,8.21,0.59,0,0
2303.0,848,848,30,0,818,818,0,0,6,0,0.12,71.60,7.74,0.56,0,0
2304.0,850,850,32,0,818,818,0,0,8,0,0.12,71.60,7.99,0.57,0,0
2305.0,850,850,32,0,818,818,0,0,8,0,0.12,71.60,7.89,0.57,0,0
2306.0,850,850,31,0,819,819,0,0,8,0,0.12,71.65,7.75,0.56,0,0
2307.0,850,850,31,0,819,819,0,0,10,0,0.12,71.65,7.78,0.56,0,0
2308.0,850,850,30,0,820,820,0,0,10,0,0.12,71.69,7.67,0.55,0,1
2309.0,850,850,30,0,820,820,0,0,10,0,0.12,71.69,7.66,0.55,0,0
2310.0,852,852,30,0,822,822,0,0,10,0,0.12,71.73,7.7,0.55,0,0
2311.0,852,852,29,0,823,823,0,0,10,0,0.12,71.79,7.53,0.54,0,0
2312.0,852,852,28,0,824,824,0,0,10,0,0.12,71.84,7.14,0.51,0,0
2313.0,852,852,27,0,825,825,0,0,7,0,0.12,71.84,7.07,0.51,0,0
2314.0,852,852,26,0,826,826,0,0,5,0,0.12,71.87,7.05,0.51,0,0
2315.0,852,852,26,0,826,826,0,0,5,0,0.12,71.87,7.56,0.54,0,1
2316.0,854,854,27,0,827,827,0,0,3,0,0.12,71.88,8.29,0.60,0,0
2317.0,854,854,26,0,828,828,0,0,3,0,0.12,71.88,8.23,0.59,0,0
2318.0,854,854,25,0,829,829,0,0,3,0,0.12,71.87,7.91,0.57,0,0
2319.0,854,854,23,0,831,831,0,0,3,0,0.12,71.84,7.77,0.56,0,0
2320.0,854,854,23,0,831,831,0,0,4,0,0.12,71.84,7.93,0.57,0,0
2321.0,854,854,22,0,832,832,0,0,4,0,0.12,71.82,7.97,0.57,0,1
2322.0,854,854,22,0,832,832,0,0,5,0,0.12,71.82,8.05,0.58,0,0
2323.0,854,854,22,0,832,832,0,0,5,0,0.12,71.82,8.15,0.59,0,0
2324.0,854,854,22,0,832,832,0,0,5,0,0.12,71.82,8.32,0.60,0,0
2325.0,856,856,24,0,832,832,0,0,5,0,0.12,71.82,8.72,0.63,0,0
2326.0,856,856,23,0,833,833,0,0,5,0,0.12,71.87,8.56,0.62,0,0
2327.0,856,856,23,0,833,833,0,0,5,0,0.12,71.87,8.49,0.61,0,0
2328.0,858,858,25,0,833,833,0,0,5,0,0.12,71.87,8.94,0.64,0,0
2329.0,858,858,25,0,833,833,0,0,5,0,0.12,71.87,9.01,0.65,0,0
2330.0,858,858,25,0,833,833,0,0,5,0,0.12,71.87,8.76,0.63,0,1
2331.0,858,858,25,0,833,833,0,0,5,0,0.12,71.87,8.76,0.63,0,0
2332.0,858,858,25,0,833,833,0,0,5,0,0.12,71.87,8.77,0.63,0,0
2333.0,858,858,25,0,833,833,0,0,5,0,0.12,71.87,8.89,0.64,0,0
2334.0,858,858,24,0,834,834,0,0,7,0,0.12,71.84,8.65,0.62,0,0
2335.0,858,858,24,0,834,834,0,0,7,0,0.12,71.84,8.85,0.64,0,0
2336.0,858,858,24,0,834,834,0,0,7,0,0.12,71.84,8.86,0.64,0,0
2337.0,858,858,23,0,835,835,0,0,7,0,0.12,71.86,8.64,0.62,0,0
2338.0,858,858,22,0,836,836,0,0,7,0,0.12,71.87,8.31,0.60,0,0
2339.0,858,858,21,0,837,837,0,0,7,0,0.12,71.89,7.85,0.56,0,0
2340.0,867,865,28,2,837,837,0,0,7,0,0.12,71.89,9.28,0.67,0,1
2341.0,867,866,29,1,837,837,0,0,7,0,0.12,71.89,9.14,0.66,0,0
2342.0,867,866,29,1,837,837,0,0,7,0,0.12,71.89,9.0,0.65,0,0
2343.0,867,867,30,0,837,837,0,0,7,0,0.12,71.89,9.12,0.66,0,0
2344.0,867,867,29,0,838,838,0,0,7,0,0.12,71.89,8.95,0.64,0,0
2345.0,867,867,29,0,838,838,0,0,7,0,0.12,71.89,9.02,0.65,0,0
2346.0,867,867,27,0,840,840,0,0,7,0,0.12,71.89,8.66,0.62,0,0
2347.0,867,867,27,0,840,840,0,0,7,0,0.12,71.89,8.69,0.63,0,1
2348.0,867,867,26,0,841,841,0,0,8,0,0.12,71.89,8.69,0.63,0,0
2349.0,867,867,25,0,842,842,0,0,8,0,0.12,71.87,8.21,0.59,0,0
2350.0,867,867,24,0,843,843,0,0,8,0,0.12,71.85,7.53,0.54,0,0
2351.0,867,867,24,0,843,843,0,0,8,0,0.12,71.85,7.06,0.51,0,0
2352.0,869,869,26,0,843,843,0,0,8,0,0.12,71.85,7.54,0.54,0,0
2353.0,869,869,26,0,843,843,0,0,9,0,0.12,71.85,7.68,0.55,0,0
2354.0,869,869,25,0,844,844,0,0,9,0,0.12,71.83,7.49,0.54,0,1
2355.0,871,871,26,0,845,845,0,0,9,0,0.12,71.80,7.84,0.56,0,0
2356.0,871,871,26,0,845,845,0,0,9,0,0.12,71.80,8.0,0.58,0,0
2357.0,871,871,26,0,845,845,0,0,9,0,0.12,71.80,8.04,0.58,0,0
2358.0,871,871,26,0,845,845,0,0,9,0,0.12,71.80,8.14,0.59,0,0
2359.0,871,871,26,0,845,845,0,0,9,0,0.12,71.80,7.76,0.56,0,0
2360.0,871,871,26,0,845,845,0,0,9,0,0.12,71.80,7.49,0.54,0,0
2361.0,871,871,26,0,845,845,0,0,9,0,0.12,71.80,6.85,0.49,0,0
2362.0,871,871,26,0,845,845,0,0,11,0,0.12,71.80,5.99,0.43,0,0
2363.0,871,871,26,0,845,845,0,0,11,0,0.12,71.80,5.32,0.38,0,1
2364.0,873,873,27,0,846,846,0,0,11,0,0.12,71.78,5.52,0.40,0,0
2365.0,873,873,27,0,846,846,0,0,12,0,0.12,71.78,5.43,0.39,0,0
2366.0,873,873,27,0,846,846,0,0,12,0,0.12,71.78,5.47,0.39,0,0
2367.0,873,873,27,0,846,846,0,0,10,0,0.12,71.78,5.55,0.40,0,0
2368.0,873,873,27,0,846,846,0,0,9,0,0.12,71.78,5.89,0.42,0,0
2369.0,873,873,27,0,846,846,0,0,7,0,0.12,71.78,6.33,0.46,0,0
2370.0,875,875,29,0,846,846,0,0,6,0,0.12,71.78,7.23,0.52,0,1
2371.0,875,875,28,0,847,847,0,0,4,0,0.12,71.76,7.32,0.53,0,0
2372.0,875,875,28,0,847,847,0,0,3,0,0.12,71.76,7.78,0.56,0,0
2373.0,875,875,28,0,847,847,0,0,3,0,0.12,71.76,8.08,0.58,0,0
2374.0,875,875,28,0,847,847,0,0,2,0,0.12,71.76,8.4,0.60,0,1
2375.0,875,875,28,0,847,847,0,0,2,0,0.12,71.76,8.76,0.63,0,0
2376.0,877,877,29,0,848,848,0,0,3,0,0.12,71.73,9.18,0.66,0,0
2377.0,877,877,28,0,849,849,0,0,4,0,0.12,71.70,9.15,0.66,0,0
2378.0,877,877,28,0,849,849,0,0,4,0,0.12,71.70,9.56,0.69,0,0
2379.0,877,877,28,0,849,849,0,0,4,0,0.12,71.70,9.75,0.70,0,0
2380.0,877,877,28,0,849,849,0,0,4,0,0.12,71.70,9.76,0.70,0,0
2381.0,877,877,28,0,849,849,0,0,4,0,0.12,71.70,9.91,0.71,0,0
2382.0,877,877,28,0,849,849,0,0,4,0,0.12,71.70,9.92,0.71,0,0
2383.0,877,877,28,0,849,849,0,0,4,0,0.12,71.70,9.93,0.71,0,0
2384.0,877,877,28,0,849,849,0,0,4,0,0.12,71.70,10.03,0.72,0,0
2385.0,879,879,30,0,849,849,0,0,4,0,0.12,71.70,9.94,0.72,0,0
2386.0,879,879,29,0,850,850,0,0,4,0,0.12,71.67,9.65,0.69,0,0
2387.0,879,879,29,0,850,850,0,0,4,0,0.12,71.67,9.53,0.69,0,0
2388.0,881,881,31,0,850,850,0,0,4,0,0.12,71.67,9.79,0.70,0,1
2389.0,881,881,29,0,852,852,0,0,5,0,0.12,71.62,9.42,0.68,0,0
2390.0,881,881,29,0,852,852,0,0,5,0,0.12,71.62,9.83,0.71,0,0
2391.0,881,881,29,0,852,852,0,0,5,0,0.12,71.62,9.63,0.69,0,0
2392.0,881,881,29,0,852,852,0,0,5,0,0.12,71.62,9.89,0.71,0,0
2393.0,881,881,28,0,853,853,0,0,5,0,0.12,71.67,9.8,0.70,0,0
2394.0,881,881,26,0,855,855,0,0,5,0,0.12,71.76,9.44,0.68,0,0
2395.0,881,881,26,0,855,855,0,0,5,0,0.12,71.76,9.37,0.67,0,0
2396.0,881,881,25,0,856,856,0,0,5,0,0.12,71.80,9.12,0.66,0,0
2397.0,881,881,25,0,856,856,0,0,6,0,0.12,71.80,8.93,0.64,0,0
2398.0,881,881,24,0,857,857,0,0,6,0,0.12,71.82,8.52,0.61,0,0
2399.0,881,881,23,0,858,858,0,0,6,0,0.12,71.85,8.05,0.58,0,0
2400.0,887,886,27,1,859,859,0,0,6,0,0.12,71.88,8.43,0.61,0,0
2401.0,887,887,28,0,859,859,0,0,7,0,0.12,71.88,8.3,0.60,0,0
2402.0,887,887,27,0,860,860,0,0,8,0,0.12,71.88,7.93,0.57,0,0
2403.0,887,887,27,0,860,860,0,0,6,0,0.12,71.88,8.32,0.60,0,0
2404.0,887,887,26,0,861,861,0,0,4,0,0.12,71.87,8.38,0.60,0,0
2405.0,887,887,25,0,862,862,0,0,2,0,0.12,71.88,8.69,0.63,0,0
2406.0,887,887,24,0,863,863,0,0,2,0,0.12,71.87,8.67,0.62,0,0
2407.0,887,887,24,0,863,863,0,0,2,0,0.12,71.87,8.77,0.63,0,0
2408.0,887,887,23,0,864,864,0,0,2,0,0.12,71.87,8.4,0.60,0,0
2409.0,887,887,23,0,864,864,0,0,2,0,0.12,71.87,8.51,0.61,0,0
2410.0,887,887,23,0,864,864,0,0,4,0,0.12,71.87,8.63,0.62,0,0
2411.0,887,887,22,0,865,865,0,0,4,0,0.12,71.85,8.4,0.60,0,0
2412.0,889,889,24,0,865,865,0,0,4,0,0.12,71.85,8.8,0.63,0,0
2413.0,889,889,24,0,865,865,0,0,4,0,0.12,71.85,8.77,0.63,0,0
2414.0,889,889,22,0,867,867,0,0,4,0,0.12,71.84,8.85,0.64,0,0
2415.0,891,891,24,0,867,867,0,0,4,0,0.12,71.84,9.45,0.68,0,0
2416.0,891,891,23,0,868,868,0,0,4,0,0.12,71.84,9.5,0.68,0,1
2417.0,891,891,23,0,868,868,0,0,4,0,0.12,71.84,9.67,0.70,0,0
2418.0,891,891,23,0,868,868,0,0,4,0,0.12,71.84,9.95,0.72,0,0
2419.0,891,891,23,0,868,868,0,0,4,0,0.12,71.84,10.16,0.73,0,0
2420.0,891,891,23,0,868,868,0,0,4,0,0.12,71.84,10.04,0.72,0,0
2421.0,891,891,23,0,868,868,0,0,4,0,0.12,71.84,9.63,0.69,0,0
2422.0,891,891,23,0,868,868,0,0,4,0,0.12,71.84,8.94,0.64,0,0
2423.0,891,891,23,0,868,868,0,0,5,0,0.12,71.84,8.35,0.60,0,0
2424.0,893,893,25,0,868,868,0,0,5,0,0.12,71.84,8.75,0.63,0,0
2425.0,893,893,25,0,868,868,0,0,6,0,0.12,71.84,8.63,0.62,0,0
2426.0,893,893,25,0,868,868,0,0,8,0,0.12,71.84,8.43,0.61,0,0
2427.0,893,893,25,0,868,868,0,0,8,0,0.12,71.84,8.25,0.59,0,1
2428.0,893,893,23,0,870,870,0,0,8,0,0.12,71.86,7.44,0.54,0,0
2429.0,893,893,22,0,871,871,0,0,8,0,0.12,71.87,7.13,0.51,0,0
2430.0,898,897,26,1,871,871,0,0,8,0,0.12,71.87,8.08,0.58,0,0
2431.0,898,897,25,1,872,872,0,0,8,0,0.12,71.86,7.94,0.57,0,0
2432.0,898,898,26,0,872,872,0,0,8,0,0.12,71.86,8.01,0.58,0,0
2433.0,898,898,25,0,873,873,0,0,8,0,0.12,71.86,7.93,0.57,0,0
2434.0,898,898,25,0,873,873,0,0,8,0,0.12,71.86,7.6,0.55,0,1
2435.0,898,898,25,0,873,873,0,0,8,0,0.12,71.86,7.36,0.53,0,0
2436.0,900,900,27,0,873,873,0,0,8,0,0.12,71.86,7.26,0.52,0,0
2437.0,900,900,26,0,874,874,0,0,9,0,0.12,71.85,6.57,0.47,0,0
2438.0,900,900,26,0,874,874,0,0,10,0,0.12,71.85,6.69,0.48,0,0
2439.0,900,900,25,0,875,875,0,0,10,0,0.12,71.84,6.52,0.47,0,0
2440.0,900,900,25,0,875,875,0,0,10,0,0.12,71.84,6.7,0.48,0,0
2441.0,900,900,24,0,876,876,0,0,10,0,0.12,71.82,6.59,0.47,0,0
2442.0,900,900,23,0,877,877,0,0,10,0,0.12,71.80,6.62,0.48,0,1
2443.0,900,900,23,0,877,877,0,0,10,0,0.12,71.80,6.84,0.49,0,0
2444.0,900,900,23,0,877,877,0,0,10,0,0.12,71.80,6.74,0.48,0,0
2445.0,902,902,25,0,877,877,0,0,10,0,0.12,71.80,7.08,0.51,0,0
2446.0,902,902,25,0,877,877,0,0,10,0,0.12,71.80,6.65,0.48,0,0
2447.0,902,902,25,0,877,877,0,0,10,0,0.12,71.80,6.48,0.47,0,0
2448.0,904,904,27,0,877,877,0,0,10,0,0.12,71.80,7.06,0.51,0,0
2449.0,904,904,27,0,877,877,0,0,10,0,0.12,71.80,6.95,0.50,0,0
2450.0,904,904,27,0,877,877,0,0,10,0,0.12,71.80,7.01,0.50,0,0
2451.0,904,904,27,0,877,877,0,0,10,0,0.12,71.80,7.06,0.51,0,0
2452.0,904,904,27,0,877,877,0,0,11,0,0.12,71.80,6.97,0.50,0,0
2453.0,904,904,27,0,877,877,0,0,11,0,0.12,71.80,6.92,0.50,0,0
2454.0,904,904,27,0,877,877,0,0,11,0,0.12,71.80,6.79,0.49,0,0
2455.0,904,904,27,0,877,877,0,0,11,0,0.12,71.80,6.49,0.47,0,0
2456.0,904,904,27,0,877,877,0,0,11,0,0.12,71.80,6.38,0.46,0,0
2457.0,904,904,26,0,878,878,0,0,8,0,0.12,71.78,6.17,0.44,0,0
2458.0,904,904,26,0,878,878,0,0,8,0,0.12,71.78,6.09,0.44,0,0
2459.0,904,904,26,0,878,878,0,0,7,0,0.12,71.78,5.92,0.43,0,0
2460.0,910,909,31,1,878,878,0,0,5,0,0.12,71.78,7.29,0.52,0,1
2461.0,910,910,31,0,879,879,0,0,3,0,0.12,71.77,7.58,0.55,0,0
2462.0,910,910,31,0,879,879,0,0,5,0,0.12,71.77,8.09,0.58,0,0
2463.0,910,910,30,0,880,880,0,0,4,0,0.12,71.74,8.38,0.60,0,0
2464.0,910,910,30,0,880,880,0,0,4,0,0.12,71.74,8.82,0.63,0,0
2465.0,910,910,29,0,881,881,0,0,4,0,0.12,71.72,9.18,0.66,0,0
2466.0,910,910,29,0,881,881,0,0,4,0,0.12,71.72,9.46,0.68,0,0
2467.0,910,910,29,0,881,881,0,0,4,0,0.12,71.72,9.49,0.68,0,0
2468.0,910,910,29,0,881,881,0,0,4,0,0.12,71.72,9.68,0.70,0,0
2469.0,910,910,29,0,881,881,0,0,4,0,0.12,71.72,9.52,0.69,0,0
2470.0,910,910,29,0,881,881,0,0,4,0,0.12,71.72,9.15,0.66,0,0
2471.0,910,910,29,0,881,881,0,0,4,0,0.12,71.72,9.11,0.66,0,0
2472.0,912,912,29,0,883,883,0,0,4,0,0.12,71.67,9.17,0.66,0,0
2473.0,912,912,29,0,883,883,0,0,6,0,0.12,71.67,9.15,0.66,0,0
2474.0,912,912,29,0,883,883,0,0,6,0,0.12,71.67,9.31,0.67,0,1
2475.0,914,914,31,0,883,883,0,0,6,0,0.12,71.67,9.57,0.69,0,0
2476.0,914,914,31,0,883,883,0,0,6,0,0.12,71.67,9.61,0.69,0,0
2477.0,914,914,30,0,884,884,0,0,6,0,0.12,71.64,9.48,0.68,0,0
2478.0,914,914,30,0,884,884,0,0,6,0,0.12,71.64,9.54,0.69,0,0
2479.0,914,914,30,0,884,884,0,0,6,0,0.12,71.64,9.7,0.70,0,0
2480.0,914,914,30,0,884,884,0,0,6,0,0.12,71.64,9.58,0.69,0,0
2481.0,914,914,30,0,884,884,0,0,5,0,0.12,71.64,9.07,0.65,0,0
2482.0,914,914,30,0,884,884,0,0,5,0,0.12,71.64,8.31,0.60,0,0
2483.0,914,914,30,0,884,884,0,0,5,0,0.12,71.64,7.85,0.56,0,0
2484.0,916,916,32,0,884,884,0,0,5,0,0.12,71.64,7.93,0.57,0,0
2485.0,916,916,31,0,885,885,0,0,8,0,0.12,71.69,7.67,0.55,0,0
2486.0,916,916,31,0,885,885,0,0,9,0,0.12,71.69,7.7,0.55,0,0
2487.0,916,916,30,0,886,886,0,0,10,0,0.12,71.72,7.63,0.55,0,0
2488.0,916,916,29,0,887,887,0,0,10,0,0.12,71.74,7.66,0.55,0,0
2489.0,916,916,28,0,888,888,0,0,10,0,0.12,71.76,7.37,0.53,0,0
2490.0,918,918,29,0,889,889,0,0,10,0,0.12,71.81,7.64,0.55,0,1
2491.0,918,918,28,0,890,890,0,0,10,0,0.12,71.82,7.32,0.53,0,0
2492.0,918,918,27,0,891,891,0,0,10,0,0.12,71.86,6.98,0.50,0,0
2493.0,918,918,27,0,891,891,0,0,7,0,0.12,71.86,7.01,0.50,0,0
2494.0,918,918,26,0,892,892,0,0,5,0,0.12,71.88,6.93,0.50,0,0
2495.0,918,918,26,0,892,892,0,0,4,0,0.12,71.88,7.01,0.50,0,0
2496.0,920,920,27,0,893,893,0,0,3,0,0.12,71.89,7.33,0.53,0,0
2497.0,920,920,26,0,894,894,0,0,3,0,0.12,71.89,7.23,0.52,0,0
2498.0,920,920,26,0,894,894,0,0,3,0,0.12,71.89,7.29,0.52,0,0
2499.0,920,920,25,0,895,895,0,0,4,0,0.12,71.87,7.42,0.53,0,0
2500.0,920,920,24,0,896,896,0,0,4,0,0.12,71.87,7.67,0.55,0,0
2501.0,920,920,24,0,896,896,0,0,5,0,0.12,71.87,7.83,0.56,0,0
2502.0,920,920,23,0,897,897,0,0,5,0,0.12,71.86,8.01,0.58,0,0
2503.0,920,920,23,0,897,897,0,0,5,0,0.12,71.86,8.4,0.60,0,0
2504.0,920,920,22,0,898,898,0,0,5,0,0.12,71.85,8.42,0.61,0,0
2505.0,922,922,24,0,898,898,0,0,5,0,0.12,71.85,8.96,0.64,0,1
2506.0,922,922,23,0,899,899,0,0,5,0,0.12,71.89,8.88,0.64,0,0
2507.0,922,922,23,0,899,899,0,0,5,0,0.12,71.89,8.93,0.64,0,0
2508.0,924,924,25,0,899,899,0,0,5,0,0.12,71.89,9.23,0.66,0,0
2509.0,924,924,25,0,899,899,0,0,5,0,0.12,71.89,9.3,0.67,0,0
2510.0,924,924,25,0,899,899,0,0,5,0,0.12,71.89,9.23,0.66,0,0
2511.0,924,924,25,0,899,899,0,0,5,0,0.12,71.89,9.32,0.67,0,0
2512.0,924,924,24,0,900,900,0,0,5,0,0.12,71.87,9.16,0.66,0,0
2513.0,924,924,24,0,900,900,0,0,5,0,0.12,71.87,9.24,0.66,0,1
2514.0,924,924,24,0,900,900,0,0,6,0,0.12,71.87,9.46,0.68,0,0
2515.0,924,924,24,0,900,900,0,0,6,0,0.12,71.87,9.61,0.69,0,0
2516.0,924,924,24,0,900,900,0,0,6,0,0.12,71.87,9.6,0.69,0,0
2517.0,924,924,24,0,900,900,0,0,6,0,0.12,71.87,9.08,0.65,0,0
2518.0,924,924,24,0,900,900,0,0,6,0,0.12,71.87,8.66,0.62,0,0
2519.0,924,924,23,0,901,901,0,0,7,0,0.12,71.88,8.18,0.59,0,0
2520.0,933,931,29,2,902,902,0,0,7,0,0.12,71.89,9.1,0.65,0,0
2521.0,933,932,29,1,903,903,0,0,7,0,0.12,71.91,9.01,0.65,0,1
2522.0,933,932,27,1,905,905,0,0,7,0,0.12,71.92,8.76,0.63,0,0
2523.0,933,933,28,0,905,905,0,0,7,0,0.12,71.92,8.88,0.64,0,0
2524.0,933,933,28,0,905,905,0,0,7,0,0.12,71.92,8.96,0.64,0,0
2525.0,933,933,27,0,906,906,0,0,7,0,0.12,71.91,8.57,0.62,0,0
2526.0,933,933,26,0,907,907,0,0,7,0,0.12,71.90,8.32,0.60,0,0
2527.0,933,933,26,0,907,907,0,0,7,0,0.12,71.90,8.07,0.58,0,0
2528.0,933,933,26,0,907,907,0,0,8,0,0.12,71.90,8.07,0.58,0,0
2529.0,933,933,25,0,908,908,0,0,9,0,0.12,71.89,7.73,0.56,0,0
2530.0,933,933,24,0,909,909,0,0,9,0,0.12,71.87,7.29,0.52,0,1
2531.0,933,933,24,0,909,909,0,0,9,0,0.12,71.87,6.98,0.50,0,0
2532.0,935,935,26,0,909,909,0,0,9,0,0.12,71.87,7.27,0.52,0,0
2533.0,935,935,25,0,910,910,0,0,9,0,0.12,71.85,7.12,0.51,0,0
2534.0,935,935,25,0,910,910,0,0,9,0,0.12,71.85,7.26,0.52,0,0
2535.0,937,937,27,0,910,910,0,0,9,0,0.12,71.85,7.87,0.57,0,0
2536.0,937,937,26,0,911,911,0,0,9,0,0.12,71.82,7.73,0.56,0,0
2537.0,937,937,26,0,911,911,0,0,9,0,0.12,71.82,7.95,0.57,0,0
2538.0,937,937,26,0,911,911,0,0,9,0,0.12,71.82,8.13,0.59,0,0
2539.0,937,937,26,0,911,911,0,0,9,0,0.12,71.82,8.04,0.58,0,0
2540.0,937,937,26,0,911,911,0,0,9,0,0.12,71.82,8.09,0.58,0,0
2541.0,937,937,26,0,911,911,0,0,9,0,0.12,71.82,7.54,0.54,0,0
2542.0,937,937,26,0,911,911,0,0,9,0,0.12,71.82,6.88,0.50,0,0
2543.0,937,937,26,0,911,911,0,0,9,0,0.12,71.82,6.29,0.45,0,0
2544.0,939,939,27,0,912,912,0,0,10,0,0.12,71.80,5.99,0.43,0,0
2545.0,939,939,26,0,913,913,0,0,11,0,0.12,71.77,5.09,0.37,0,0
2546.0,939,939,26,0,913,913,0,0,12,0,0.12,71.77,4.89,0.35,0,0
2547.0,939,939,26,0,913,913,0,0,10,0,0.12,71.77,5.16,0.37,0,0
2548.0,939,939,26,0,913,913,0,0,9,0,0.12,71.77,5.51,0.40,0,0
2549.0,939,939,26,0,913,913,0,0,7,0,0.12,71.77,5.98,0.43,0,0
2550.0,941,941,28,0,913,913,0,0,6,0,0.12,71.77,6.93,0.50,0,0
2551.0,941,941,28,0,913,913,0,0,5,0,0.12,71.77,7.3,0.53,0,0
2552.0,941,941,28,0,913,913,0,0,4,0,0.12,71.77,7.62,0.55,0,0
2553.0,941,941,28,0,913,913,0,0,3,0,0.12,71.77,8.02,0.58,0,0
2554.0,941,941,28,0,913,913,0,0,3,0,0.12,71.77,8.48,0.61,0,0
2555.0,941,941,28,0,913,913,0,0,3,0,0.12,71.77,8.85,0.64,0,1
2556.0,943,943,29,0,914,914,0,0,2,0,0.12,71.75,9.19,0.66,0,0
2557.0,943,943,28,0,915,915,0,0,3,0,0.12,71.72,9.29,0.67,0,0
2558.0,943,943,28,0,915,915,0,0,3,0,0.12,71.72,9.72,0.70,0,0
2559.0,943,943,28,0,915,915,0,0,3,0,0.12,71.72,10.1,0.73,0,0
2560.0,943,943,28,0,915,915,0,0,3,0,0.12,71.72,10.28,0.74,0,0
2561.0,943,943,28,0,915,915,0,0,3,0,0.12,71.72,10.1,0.73,0,0
2562.0,943,943,28,0,915,915,0,0,3,0,0.12,71.72,10.01,0.72,0,0
2563.0,943,943,28,0,915,915,0,0,4,0,0.12,71.72,9.88,0.71,0,1
2564.0,943,943,28,0,915,915,0,0,4,0,0.12,71.72,9.93,0.71,0,0
2565.0,945,945,30,0,915,915,0,0,4,0,0.12,71.72,10.11,0.73,0,0
2566.0,945,945,30,0,915,915,0,0,4,0,0.12,71.72,10.12,0.73,0,0
2567.0,945,945,29,0,916,916,0,0,4,0,0.12,71.70,10.1,0.73,0,0
2568.0,947,947,30,0,917,917,0,0,4,0,0.12,71.67,10.07,0.72,0,0
2569.0,947,947,29,0,918,918,0,0,4,0,0.12,71.64,9.66,0.69,0,0
2570.0,947,947,29,0,918,918,0,0,5,0,0.12,71.64,9.6,0.69,0,0
2571.0,947,947,29,0,918,918,0,0,6,0,0.12,71.64,9.47,0.68,0,1
2572.0,947,947,29,0,918,918,0,0,5,0,0.12,71.64,9.53,0.69,0,0
2573.0,947,947,28,0,919,919,0,0,5,0,0.12,71.69,9.2,0.66,0,0
2574.0,947,947,27,0,920,920,0,0,5,0,0.12,71.74,8.92,0.64,0,0
2575.0,947,947,25,0,922,922,0,0,5,0,0.12,71.81,8.52,0.61,0,0
2576.0,947,947,25,0,922,922,0,0,7,0,0.12,71.81,8.2,0.59,0,0
2577.0,947,947,24,0,923,923,0,0,7,0,0.12,71.85,7.72,0.56,0,0
2578.0,947,947,24,0,923,923,0,0,7,0,0.12,71.85,7.48,0.54,0,0
2579.0,947,947,24,0,923,923,0,0,7,0,0.12,71.85,7.26,0.52,0,0
2580.0,953,952,28,1,924,924,0,0,8,0,0.12,71.86,8.17,0.59,0,1
2581.0,953,953,29,0,924,924,0,0,9,0,0.12,71.86,8.1,0.58,0,0
2582.0,953,953,28,0,925,925,0,0,9,0,0.12,71.87,8.02,0.58,0,0
2583.0,953,953,28,0,925,925,0,0,6,0,0.12,71.87,8.27,0.60,0,0
2584.0,953,953,27,0,926,926,0,0,4,0,0.12,71.89,8.49,0.61,0,0
2585.0,953,953,27,0,926,926,0,0,2,0,0.12,71.89,8.65,0.62,0,0
2586.0,953,953,26,0,927,927,0,0,2,0,0.12,71.90,8.93,0.64,0,0
2587.0,953,953,25,0,928,928,0,0,2,0,0.12,71.90,9.12,0.66,0,1
2588.0,953,953,24,0,929,929,0,0,2,0,0.12,71.89,9.07,0.65,0,0
2589.0,953,953,22,0,931,931,0,0,2,0,0.12,71.87,8.84,0.64,0,0
2590.0,953,953,22,0,931,931,0,0,2,0,0.12,71.87,8.82,0.63,0,0
2591.0,953,953,21,0,932,932,0,0,2,0,0.12,71.87,8.42,0.61,0,0
2592.0,955,955,23,0,932,932,0,0,3,0,0.12,71.87,8.45,0.61,0,0
2593.0,955,955,22,0,933,933,0,0,3,0,0.12,71.85,8.45,0.61,0,0
2594.0,955,955,22,0,933,933,0,0,4,0,0.12,71.85,8.69,0.63,0,1
2595.0,957,957,24,0,933,933,0,0,4,0,0.12,71.85,9.19,0.66,0,0
2596.0,957,957,24,0,933,933,0,0,4,0,0.12,71.85,9.32,0.67,0,0
2597.0,957,957,24,0,933,933,0,0,4,0,0.12,71.85,9.63,0.69,0,0
2598.0,957,957,24,0,933,933,0,0,4,0,0.12,71.85,9.73,0.70,0,0
2599.0,957,957,24,0,933,933,0,0,4,0,0.12,71.85,9.93,0.71,0,0
2600.0,957,957,24,0,933,933,0,0,4,0,0.12,71.85,9.94,0.72,0,0
2601.0,957,957,23,0,934,934,0,0,4,0,0.12,71.86,9.5,0.68,0,0
2602.0,957,957,23,0,934,934,0,0,4,0,0.12,71.86,8.93,0.64,0,0
2603.0,957,957,23,0,934,934,0,0,4,0,0.12,71.86,8.07,0.58,0,0
2604.0,959,959,25,0,934,934,0,0,5,0,0.12,71.86,8.15,0.59,0,1
2605.0,959,959,25,0,934,934,0,0,6,0,0.12,71.86,7.68,0.55,0,0
2606.0,959,959,25,0,934,934,0,0,7,0,0.12,71.86,7.74,0.56,0,0
2607.0,959,959,25,0,934,934,0,0,7,0,0.12,71.86,7.72,0.56,0,0
2608.0,959,959,24,0,935,935,0,0,8,0,0.12,71.88,7.67,0.55,0,0
2609.0,959,959,23,0,936,936,0,0,8,0,0.12,71.88,7.46,0.54,0,0
2610.0,964,963,27,1,936,936,0,0,8,0,0.12,71.88,8.49,0.61,0,0
2611.0,964,963,27,1,936,936,0,0,8,0,0.12,71.88,8.43,0.61,0,0
2612.0,964,964,28,0,936,936,0,0,8,0,0.12,71.88,8.65,0.62,0,0
2613.0,964,964,28,0,936,936,0,0,8,0,0.12,71.88,8.66,0.62,0,1
2614.0,964,964,28,0,936,936,0,0,8,0,0.12,71.88,8.36,0.60,0,0
2615.0,964,964,26,0,938,938,0,0,8,0,0.12,71.90,7.63,0.55,0,0
2616.0,966,966,27,0,939,939,0,0,8,0,0.12,71.88,7.76,0.56,0,0
2617.0,966,966,26,0,940,940,0,0,8,0,0.12,71.88,7.1,0.51,0,0
2618.0,966,966,25,0,941,941,0,0,9,0,0.12,71.87,7.1,0.51,0,0
2619.0,966,966,25,0,941,941,0,0,9,0,0.12,71.87,7.13,0.51,0,0
2620.0,966,966,25,0,941,941,0,0,9,0,0.12,71.87,7.14,0.51,0,0
2621.0,966,966,24,0,942,942,0,0,10,0,0.12,71.85,7.22,0.52,0,1
2622.0,966,966,24,0,942,942,0,0,10,0,0.12,71.85,7.3,0.53,0,0
2623.0,966,966,23,0,943,943,0,0,10,0,0.12,71.84,7.07,0.51,0,0
2624.0,966,966,23,0,943,943,0,0,10,0,0.12,71.84,7.14,0.51,0,0
2625.0,968,968,25,0,943,943,0,0,10,0,0.12,71.84,7.65,0.55,0,0
2626.0,968,968,25,0,943,943,0,0,10,0,0.12,71.84,7.37,0.53,0,0
2627.0,968,968,25,0,943,943,0,0,10,0,0.12,71.84,7.02,0.50,0,0
2628.0,970,970,27,0,943,943,0,0,10,0,0.12,71.84,7.27,0.52,0,0
2629.0,970,970,26,0,944,944,0,0,10,0,0.12,71.81,6.81,0.49,0,1
2630.0,970,970,26,0,944,944,0,0,10,0,0.12,71.81,6.81,0.49,0,0
2631.0,970,970,26,0,944,944,0,0,10,0,0.12,71.81,6.55,0.47,0,0
2632.0,970,970,26,0,944,944,0,0,10,0,0.12,71.81,6.57,0.47,0,0
2633.0,970,970,25,0,945,945,0,0,11,0,0.12,71.79,6.06,0.44,0,0
2634.0,970,970,25,0,945,945,0,0,12,0,0.12,71.79,5.62,0.40,0,0
2635.0,970,970,25,0,945,945,0,0,13,0,0.12,71.79,5.31,0.38,0,0
2636.0,970,970,25,0,945,945,0,0,15,0,0.12,71.79,5.14,0.37,0,0
2637.0,970,970,25,0,945,945,0,0,12,0,0.12,71.79,5.36,0.39,0,0
2638.0,970,970,25,0,945,945,0,0,10,0,0.12,71.79,5.39,0.39,0,1
2639.0,970,970,25,0,945,945,0,0,8,0,0.12,71.79,5.56,0.40,0,0
2640.0,976,975,30,1,945,945,0,0,6,0,0.12,71.79,6.97,0.50,0,0
2641.0,976,976,29,0,947,947,0,0,5,0,0.12,71.74,6.85,0.49,0,0
2642.0,976,976,29,0,947,947,0,0,5,0,0.12,71.74,7.17,0.52,0,0
2643.0,976,976,29,0,947,947,0,0,5,0,0.12,71.74,7.63,0.55,0,0
2644.0,976,976,29,0,947,947,0,0,5,0,0.12,71.74,7.84,0.56,0,1
2645.0,976,976,29,0,947,947,0,0,5,0,0.12,71.74,8.15,0.59,0,0
2646.0,976,976,29,0,947,947,0,0,5,0,0.12,71.74,8.45,0.61,0,0
2647.0,976,976,29,0,947,947,0,0,5,0,0.12,71.74,8.65,0.62,0,0
2648.0,976,976,29,0,947,947,0,0,5,0,0.12,71.74,8.87,0.64,0,0
2649.0,976,976,29,0,947,947,0,0,5,0,0.12,71.74,8.89,0.64,0,0
2650.0,976,976,29,0,947,947,0,0,5,0,0.12,71.74,8.99,0.65,0,0
2651.0,976,976,29,0,947,947,0,0,5,0,0.12,71.74,8.72,0.63,0,0
2652.0,978,978,31,0,947,947,0,0,6,0,0.12,71.74,9.26,0.67,0,0
2653.0,978,978,30,0,948,948,0,0,7,0,0.12,71.72,9.14,0.66,0,1
2654.0,978,978,29,0,949,949,0,0,7,0,0.12,71.70,9.03,0.65,0,0
2655.0,980,980,31,0,949,949,0,0,7,0,0.12,71.70,9.32,0.67,0,0
2656.0,980,980,31,0,949,949,0,0,7,0,0.12,71.70,9.31,0.67,0,0
2657.0,980,980,31,0,949,949,0,0,7,0,0.12,71.70,9.44,0.68,0,0
2658.0,980,980,31,0,949,949,0,0,6,0,0.12,71.70,9.5,0.68,0,0
2659.0,980,980,31,0,949,949,0,0,6,0,0.12,71.70,9.49,0.68,0,0
2660.0,980,980,31,0,949,949,0,0,6,0,0.12,71.70,9.32,0.67,0,0
2661.0,980,980,31,0,949,949,0,0,6,0,0.12,71.70,9.19,0.66,0,0
2662.0,980,980,31,0,949,949,0,0,6,0,0.12,71.70,8.82,0.63,0,1
2663.0,980,980,30,0,950,950,0,0,6,0,0.12,71.74,8.55,0.61,0,0
2664.0,982,982,32,0,950,950,0,0,8,0,0.12,71.74,8.78,0.63,0,0
2665.0,982,982,31,0,951,951,0,0,8,0,0.12,71.79,8.52,0.61,0,0
2666.0,982,982,31,0,951,951,0,0,8,0,0.12,71.79,8.28,0.60,0,0
2667.0,982,982,30,0,952,952,0,0,8,0,0.12,71.82,8.07,0.58,0,0
2668.0,982,982,30,0,952,952,0,0,9,0,0.12,71.82,7.83,0.56,0,0
2669.0,982,982,29,0,953,953,0,0,9,0,0.12,71.84,7.65,0.55,0,1
2670.0,984,984,29,0,955,955,0,0,10,0,0.12,71.87,7.84,0.56,0,0
2671.0,984,984,28,0,956,956,0,0,10,0,0.12,71.89,7.5,0.54,0,0
2672.0,984,984,27,0,957,957,0,0,10,0,0.12,71.91,6.96,0.50,0,0
2673.0,984,984,27,0,957,957,0,0,8,0,0.12,71.91,6.89,0.50,0,0
2674.0,984,984,26,0,958,958,0,0,6,0,0.12,71.92,6.74,0.48,0,0
2675.0,984,984,25,0,959,959,0,0,5,0,0.12,71.91,6.64,0.48,0,1
2676.0,986,986,25,0,961,961,0,0,4,0,0.12,71.89,7.03,0.51,0,0
2677.0,986,986,25,0,961,961,0,0,4,0,0.12,71.89,7.31,0.53,0,0
2678.0,986,986,24,0,962,962,0,0,4,0,0.12,71.88,7.32,0.53,0,0
2679.0,986,986,24,0,962,962,0,0,5,0,0.12,71.88,7.61,0.55,0,0
2680.0,986,986,23,0,963,963,0,0,5,0,0.12,71.86,7.71,0.55,0,0
2681.0,986,986,23,0,963,963,0,0,5,0,0.12,71.86,7.77,0.56,0,0
2682.0,986,986,23,0,963,963,0,0,5,0,0.12,71.86,7.95,0.57,0,0
2683.0,986,986,23,0,963,963,0,0,5,0,0.12,71.86,8.02,0.58,0,1
2684.0,986,986,22,0,964,964,0,0,5,0,0.12,71.90,7.87,0.57,0,0
2685.0,988,988,24,0,964,964,0,0,6,0,0.12,71.90,8.48,0.61,0,0
2686.0,988,988,24,0,964,964,0,0,6,0,0.12,71.90,8.64,0.62,0,0
2687.0,988,988,24,0,964,964,0,0,6,0,0.12,71.90,8.75,0.63,0,0
2688.0,990,990,25,0,965,965,0,0,6,0,0.12,71.87,9.09,0.65,0,0
2689.0,990,990,25,0,965,965,0,0,6,0,0.12,71.87,8.83,0.64,0,0
2690.0,990,990,25,0,965,965,0,0,6,0,0.12,71.87,8.57,0.62,0,0
2691.0,990,990,25,0,965,965,0,0,6,0,0.12,71.87,8.56,0.62,0,0
2692.0,990,990,25,0,965,965,0,0,6,0,0.12,71.87,8.5,0.61,0,0
2693.0,990,990,25,0,965,965,0,0,7,0,0.12,71.87,8.45,0.61,0,0
2694.0,990,990,25,0,965,965,0,0,7,0,0.12,71.87,8.72,0.63,0,0
2695.0,990,990,25,0,965,965,0,0,8,0,0.12,71.87,8.74,0.63,0,0
2696.0,990,990,25,0,965,965,0,0,8,0,0.12,71.87,8.79,0.63,0,0
2697.0,990,990,25,0,965,965,0,0,8,0,0.12,71.87,8.76,0.63,0,0
2698.0,990,990,24,0,966,966,0,0,8,0,0.12,71.88,8.27,0.59,0,0
2699.0,990,990,24,0,966,966,0,0,8,0,0.12,71.88,8.19,0.59,0,0
2700.0,999,997,30,2,967,967,0,0,7,0,0.12,71.90,9.16,0.66,0,1
2701.0,999,998,30,1,968,968,0,0,7,0,0.12,71.91,8.95,0.64,0,0
2702.0,999,998,29,1,969,969,0,0,7,0,0.12,71.92,8.94,0.64,0,0
2703.0,999,999,29,0,970,970,0,0,7,0,0.12,71.92,8.82,0.63,0,0
2704.0,999,999,29,0,970,970,0,0,7,0,0.12,71.92,8.87,0.64,0,0
2705.0,999,999,28,0,971,971,0,0,7,0,0.12,71.91,8.77,0.63,0,0
2706.0,999,999,27,0,972,972,0,0,7,0,0.12,71.91,8.42,0.61,0,0
2707.0,999,999,27,0,972,972,0,0,7,0,0.12,71.91,8.35,0.60,0,0
2708.0,999,999,26,0,973,973,0,0,8,0,0.12,71.89,8.24,0.59,0,1
2709.0,999,999,26,0,973,973,0,0,9,0,0.12,71.89,8.07,0.58,0,0
2710.0,999,999,25,0,974,974,0,0,9,0,0.12,71.87,7.51,0.54,0,0
2711.0,999,999,25,0,974,974,0,0,9,0,0.12,71.87,7.26,0.52,0,0
2712.0,1001,1001,26,0,975,975,0,0,9,0,0.12,71.85,7.58,0.55,0,0
2713.0,1001,1001,26,0,975,975,0,0,9,0,0.12,71.85,7.75,0.56,0,0
2714.0,1001,1001,26,0,975,975,0,0,9,0,0.12,71.85,7.85,0.56,0,0
2715.0,1003,1003,28,0,975,975,0,0,9,0,0.12,71.85,8.36,0.60,0,0
2716.0,1003,1003,28,0,975,975,0,0,9,0,0.12,71.85,8.52,0.61,0,1
2717.0,1003,1003,27,0,976,976,0,0,9,0,0.12,71.83,8.45,0.61,0,0
2718.0,1003,1003,27,0,976,976,0,0,9,0,0.12,71.83,8.52,0.61,0,0
2719.0,1003,1003,27,0,976,976,0,0,9,0,0.12,71.83,8.31,0.60,0,0
2720.0,1003,1003,27,0,976,976,0,0,9,0,0.12,71.83,8.14,0.59,0,0
2721.0,1003,1003,27,0,976,976,0,0,9,0,0.12,71.83,7.4,0.53,0,0
2722.0,1003,1003,27,0,976,976,0,0,9,0,0.12,71.83,6.69,0.48,0,0
2723.0,1003,1003,27,0,976,976,0,0,10,0,0.12,71.83,5.71,0.41,0,0
2724.0,1005,1005,29,0,976,976,0,0,11,0,0.12,71.83,5.73,0.41,0,0
2725.0,1005,1005,28,0,977,977,0,0,12,0,0.12,71.81,5.41,0.39,0,1
2726.0,1005,1005,28,0,977,977,0,0,13,0,0.12,71.81,5.6,0.40,0,0
2727.0,1005,1005,28,0,977,977,0,0,11,0,0.12,71.81,5.94,0.43,0,0
2728.0,1005,1005,27,0,978,978,0,0,9,0,0.12,71.85,6.27,0.45,0,0
2729.0,1005,1005,26,0,979,979,0,0,8,0,0.12,71.84,6.26,0.45,0,0
2730.0,1007,1007,28,0,979,979,0,0,6,0,0.12,71.84,7.28,0.52,0,0
2731.0,1007,1007,28,0,979,979,0,0,4,0,0.12,71.84,7.82,0.56,0,0
2732.0,1007,1007,28,0,979,979,0,0,4,0,0.12,71.84,8.14,0.59,0,0
2733.0,1007,1007,28,0,979,979,0,0,3,0,0.12,71.84,8.57,0.62,0,1
2734.0,1007,1007,28,0,979,979,0,0,2,0,0.12,71.84,8.52,0.61,0,0
2735.0,1007,1007,28,0,979,979,0,0,2,0,0.12,71.84,8.61,0.62,0,0
2736.0,1009,1009,28,0,981,981,0,0,2,0,0.12,71.79,8.83,0.64,0,0
2737.0,1009,1009,28,0,981,981,0,0,3,0,0.12,71.79,9.15,0.66,0,0
2738.0,1009,1009,28,0,981,981,0,0,4,0,0.12,71.79,9.33,0.67,0,0
2739.0,1009,1009,28,0,981,981,0,0,4,0,0.12,71.79,9.58,0.69,0,1
2740.0,1009,1009,28,0,981,981,0,0,4,0,0.12,71.79,9.71,0.70,0,0
2741.0,1009,1009,28,0,981,981,0,0,4,0,0.12,71.79,9.69,0.70,0,0
2742.0,1009,1009,28,0,981,981,0,0,4,0,0.12,71.79,9.72,0.70,0,0
2743.0,1009,1009,28,0,981,981,0,0,4,0,0.12,71.79,9.92,0.71,0,0
2744.0,1009,1009,28,0,981,981,0,0,4,0,0.12,71.79,10.03,0.72,0,0
2745.0,1011,1011,30,0,981,981,0,0,4,0,0.12,71.79,10.11,0.73,0,0
2746.0,1011,1011,29,0,982,982,0,0,4,0,0.12,71.76,9.66,0.69,0,0
2747.0,1011,1011,29,0,982,982,0,0,4,0,0.12,71.76,9.51,0.68,0,0
2748.0,1013,1013,29,0,984,984,0,0,4,0,0.12,71.71,9.42,0.68,0,1
2749.0,1013,1013,29,0,984,984,0,0,6,0,0.12,71.71,9.26,0.67,0,0
2750.0,1013,1013,29,0,984,984,0,0,6,0,0.12,71.71,9.25,0.67,0,0
2751.0,1013,1013,29,0,984,984,0,0,5,0,0.12,71.71,9.17,0.66,0,0
2752.0,1013,1013,29,0,984,984,0,0,5,0,0.12,71.71,8.97,0.65,0,0
2753.0,1013,1013,29,0,984,984,0,0,5,0,0.12,71.71,8.78,0.63,0,0
2754.0,1013,1013,29,0,984,984,0,0,5,0,0.12,71.71,8.62,0.62,0,0
2755.0,1013,1013,28,0,985,985,0,0,6,0,0.12,71.76,8.67,0.62,0,0
2756.0,1013,1013,28,0,985,985,0,0,6,0,0.12,71.76,8.46,0.61,0,0
2757.0,1013,1013,27,0,986,986,0,0,7,0,0.12,71.80,8.4,0.60,0,0
2758.0,1013,1013,26,0,987,987,0,0,7,0,0.12,71.85,8.19,0.59,0,1
2759.0,1013,1013,25,0,988,988,0,0,8,0,0.12,71.88,7.96,0.57,0,0
2760.0,1019,1018,30,1,988,988,0,0,8,0,0.12,71.88,8.91,0.64,0,0
2761.0,1019,1019,29,0,990,990,0,0,8,0,0.12,71.93,8.54,0.61,0,0
2762.0,1019,1019,29,0,990,990,0,0,8,0,0.12,71.93,8.47,0.61,0,0
2763.0,1019,1019,27,0,992,992,0,0,5,0,0.12,71.96,8.44,0.61,0,0
2764.0,1019,1019,26,0,993,993,0,0,4,0,0.12,71.97,8.59,0.62,0,1
2765.0,1019,1019,25,0,994,994,0,0,2,0,0.12,71.96,8.89,0.64,0,0
2766.0,1019,1019,24,0,995,995,0,0,2,0,0.12,71.95,8.8,0.63,0,0
2767.0,1019,1019,23,0,996,996,0,0,2,0,0.12,71.95,8.8,0.63,0,0
2768.0,1019,1019,22,0,997,997,0,0,2,0,0.12,71.93,8.65,0.62,0,0
2769.0,1019,1019,21,0,998,998,0,0,2,0,0.12,71.92,8.51,0.61,0,0
2770.0,1019,1019,21,0,998,998,0,0,2,0,0.12,71.92,8.61,0.62,0,0
2771.0,1019,1019,21,0,998,998,0,0,4,0,0.12,71.92,8.63,0.62,0,0
2772.0,1021,1021,23,0,998,998,0,0,4,0,0.12,71.92,9.09,0.65,0,0
2773.0,1021,1021,23,0,998,998,0,0,4,0,0.12,71.92,9.34,0.67,0,0
2774.0,1021,1021,23,0,998,998,0,0,4,0,0.12,71.92,9.34,0.67,0,0
2775.0,1023,1023,25,0,998,998,0,0,4,0,0.12,71.92,9.99,0.72,0,0
2776.0,1023,1023,24,0,999,999,0,0,4,0,0.12,71.91,10.18,0.73,0,0
2777.0,1023,1023,23,0,1000,1000,0,0,4,0,0.12,71.92,10.07,0.72,0,0
2778.0,1023,1023,23,0,1000,1000,0,0,4,0,0.12,71.92,10.31,0.74,0,0
2779.0,1023,1023,23,0,1000,1000,0,0,4,0,0.12,71.92,10.46,0.75,0,0
2780.0,1023,1023,23,0,1000,1000,0,0,4,0,0.12,71.92,10.18,0.73,0,0
2781.0,1023,1023,23,0,1000,1000,0,0,4,0,0.12,71.92,9.52,0.69,0,0
2782.0,1023,1023,23,0,1000,1000,0,0,4,0,0.12,71.92,8.67,0.62,0,0
2783.0,1023,1023,23,0,1000,1000,0,0,5,0,0.12,71.92,8.15,0.59,0,0
2784.0,1025,1025,25,0,1000,1000,0,0,7,0,0.12,71.92,8.3,0.60,0,0
2785.0,1025,1025,25,0,1000,1000,0,0,7,0,0.12,71.92,8.3,0.60,0,0
2786.0,1025,1025,25,0,1000,1000,0,0,7,0,0.12,71.92,8.21,0.59,0,0
2787.0,1025,1025,25,0,1000,1000,0,0,8,0,0.12,71.92,8.42,0.61,0,0
2788.0,1025,1025,24,0,1001,1001,0,0,8,0,0.12,71.92,8.36,0.60,0,0
2789.0,1025,1025,22,0,1003,1003,0,0,8,0,0.12,71.95,8.07,0.58,0,0
2790.0,1030,1029,26,1,1003,1003,0,0,8,0,0.12,71.95,8.76,0.63,0,0
2791.0,1030,1029,26,1,1003,1003,0,0,8,0,0.12,71.95,8.76,0.63,0,0
2792.0,1030,1030,26,0,1004,1004,0,0,8,0,0.12,71.94,8.46,0.61,0,1
2793.0,1030,1030,25,0,1005,1005,0,0,8,0,0.12,71.94,8.21,0.59,0,0
2794.0,1030,1030,25,0,1005,1005,0,0,8,0,0.12,71.94,7.66,0.55,0,0
2795.0,1030,1030,24,0,1006,1006,0,0,8,0,0.12,71.93,6.93,0.50,0,0
2796.0,1032,1032,26,0,1006,1006,0,0,8,0,0.12,71.93,7.04,0.51,0,0
2797.0,1032,1032,26,0,1006,1006,0,0,9,0,0.12,71.93,6.66,0.48,0,0
2798.0,1032,1032,26,0,1006,1006,0,0,10,0,0.12,71.93,6.79,0.49,0,0
2799.0,1032,1032,25,0,1007,1007,0,0,10,0,0.12,71.92,6.86,0.49,0,0
2800.0,1032,1032,24,0,1008,1008,0,0,10,0,0.12,71.90,6.86,0.49,0,0
2801.0,1032,1032,24,0,1008,1008,0,0,10,0,0.12,71.90,6.88,0.50,0,0
2802.0,1032,1032,23,0,1009,1009,0,0,10,0,0.12,71.88,6.74,0.49,0,0
2803.0,1032,1032,23,0,1009,1009,0,0,10,0,0.12,71.88,6.94,0.50,0,0
2804.0,1032,1032,23,0,1009,1009,0,0,10,0,0.12,71.88,6.85,0.49,0,0
2805.0,1034,1034,25,0,1009,1009,0,0,10,0,0.12,71.88,7.49,0.54,0,0
2806.0,1034,1034,25,0,1009,1009,0,0,10,0,0.12,71.88,7.2,0.52,0,0
2807.0,1034,1034,25,0,1009,1009,0,0,10,0,0.12,71.88,7.34,0.53,0,0
2808.0,1036,1036,25,0,1011,1011,0,0,10,0,0.12,71.83,7.04,0.51,0,0
2809.0,1036,1036,25,0,1011,1011,0,0,10,0,0.12,71.83,6.51,0.47,0,0
2810.0,1036,1036,25,0,1011,1011,0,0,10,0,0.12,71.83,6.32,0.45,0,0
2811.0,1036,1036,25,0,1011,1011,0,0,10,0,0.12,71.83,5.94,0.43,0,0
2812.0,1036,1036,25,0,1011,1011,0,0,10,0,0.12,71.83,5.74,0.41,0,0
2813.0,1036,1036,25,0,1011,1011,0,0,11,0,0.12,71.83,5.62,0.40,0,0
2814.0,1036,1036,25,0,1011,1011,0,0,11,0,0.12,71.83,5.71,0.41,0,0
2815.0,1036,1036,25,0,1011,1011,0,0,11,0,0.12,71.83,5.77,0.42,0,0
2816.0,1036,1036,25,0,1011,1011,0,0,12,0,0.12,71.83,5.69,0.41,0,0
2817.0,1036,1036,25,0,1011,1011,0,0,10,0,0.12,71.83,5.89,0.42,0,0
2818.0,1036,1036,25,0,1011,1011,0,0,8,0,0.12,71.83,6.15,0.44,0,0
2819.0,1036,1036,25,0,1011,1011,0,0,6,0,0.12,71.83,6.27,0.45,0,0
2820.0,1042,1041,29,1,1012,1012,0,0,5,0,0.12,71.81,7.64,0.55,0,1
2821.0,1042,1042,30,0,1012,1012,0,0,3,0,0.12,71.81,7.84,0.56,0,0
2822.0,1042,1042,29,0,1013,1013,0,0,4,0,0.12,71.79,8.28,0.60,0,0
2823.0,1042,1042,29,0,1013,1013,0,0,3,0,0.12,71.79,8.75,0.63,0,0
2824.0,1042,1042,29,0,1013,1013,0,0,3,0,0.12,71.79,9.15,0.66,0,0
2825.0,1042,1042,29,0,1013,1013,0,0,3,0,0.12,71.79,9.48,0.68,0,0
2826.0,1042,1042,29,0,1013,1013,0,0,3,0,0.12,71.79,9.78,0.70,0,0
2827.0,1042,1042,29,0,1013,1013,0,0,3,0,0.12,71.79,9.77,0.70,0,1
2828.0,1042,1042,29,0,1013,1013,0,0,3,0,0.12,71.79,10.0,0.72,0,0
2829.0,1042,1042,29,0,1013,1013,0,0,4,0,0.12,71.79,10.1,0.73,0,0
2830.0,1042,1042,29,0,1013,1013,0,0,4,0,0.12,71.79,9.84,0.71,0,0
2831.0,1042,1042,29,0,1013,1013,0,0,4,0,0.12,71.79,9.59,0.69,0,0
2832.0,1044,1044,31,0,1013,1013,0,0,5,0,0.12,71.79,9.8,0.70,0,0
2833.0,1044,1044,31,0,1013,1013,0,0,6,0,0.12,71.79,9.95,0.72,0,0
2834.0,1044,1044,31,0,1013,1013,0,0,6,0,0.12,71.79,10.04,0.72,0,0
2835.0,1046,1046,33,0,1013,1013,0,0,6,0,0.12,71.79,10.27,0.74,0,0
2836.0,1046,1046,32,0,1014,1014,0,0,6,0,0.12,71.76,10.16,0.73,0,1
2837.0,1046,1046,31,0,1015,1015,0,0,6,0,0.12,71.74,10.15,0.73,0,0
2838.0,1046,1046,31,0,1015,1015,0,0,5,0,0.12,71.74,10.26,0.74,0,0
2839.0,1046,1046,30,0,1016,1016,0,0,5,0,0.12,71.73,10.2,0.73,0,0
2840.0,1046,1046,30,0,1016,1016,0,0,5,0,0.12,71.73,10.02,0.72,0,0
2841.0,1046,1046,30,0,1016,1016,0,0,5,0,0.12,71.73,9.73,0.70,0,0
2842.0,1046,1046,30,0,1016,1016,0,0,5,0,0.12,71.73,9.42,0.68,0,0
2843.0,1046,1046,29,0,1017,1017,0,0,6,0,0.12,71.77,9.19,0.66,0,0
2844.0,1048,1048,29,0,1019,1019,0,0,7,0,0.12,71.84,8.92,0.64,0,1
2845.0,1048,1048,29,0,1019,1019,0,0,7,0,0.12,71.84,8.41,0.60,0,0
2846.0,1048,1048,27,0,1021,1021,0,0,7,0,0.12,71.88,8.01,0.58,0,0
2847.0,1048,1048,27,0,1021,1021,0,0,8,0,0.12,71.88,7.97,0.57,0,0
2848.0,1048,1048,25,0,1023,1023,0,0,9,0,0.12,71.89,7.58,0.55,0,0
2849.0,1048,1048,24,0,1024,1024,0,0,9,0,0.12,71.91,7.21,0.52,0,0
2850.0,1050,1050,24,0,1026,1026,0,0,9,0,0.12,71.90,7.31,0.53,0,0
2851.0,1050,1050,24,0,1026,1026,0,0,9,0,0.12,71.90,7.11,0.51,0,0
2852.0,1050,1050,23,0,1027,1027,0,0,10,0,0.12,71.88,6.37,0.46,0,0
2853.0,1050,1050,23,0,1027,1027,0,0,7,0,0.12,71.88,6.24,0.45,0,0
2854.0,1050,1050,23,0,1027,1027,0,0,6,0,0.12,71.88,6.18,0.44,0,0
2855.0,1050,1050,23,0,1027,1027,0,0,4,0,0.12,71.88,6.44,0.46,0,0
2856.0,1052,1052,25,0,1027,1027,0,0,3,0,0.12,71.88,7.26,0.52,0,0
2857.0,1052,1052,25,0,1027,1027,0,0,3,0,0.12,71.88,7.37,0.53,0,0
2858.0,1052,1052,25,0,1027,1027,0,0,3,0,0.12,71.88,7.45,0.54,0,0
2859.0,1052,1052,25,0,1027,1027,0,0,3,0,0.12,71.88,7.68,0.55,0,0
2860.0,1052,1052,24,0,1028,1028,0,0,4,0,0.12,71.88,7.69,0.55,0,0
2861.0,1052,1052,24,0,1028,1028,0,0,4,0,0.12,71.88,7.76,0.56,0,0
2862.0,1052,1052,23,0,1029,1029,0,0,5,0,0.12,71.87,7.94,0.57,0,0
2863.0,1052,1052,23,0,1029,1029,0,0,5,0,0.12,71.87,8.26,0.59,0,0
2864.0,1052,1052,22,0,1030,1030,0,0,5,0,0.12,71.86,8.05,0.58,0,0
2865.0,1054,1054,23,0,1031,1031,0,0,5,0,0.12,71.89,8.47,0.61,0,0
2866.0,1054,1054,23,0,1031,1031,0,0,5,0,0.12,71.89,8.45,0.61,0,0
2867.0,1054,1054,23,0,1031,1031,0,0,5,0,0.12,71.89,8.56,0.62,0,0
2868.0,1056,1056,25,0,1031,1031,0,0,5,0,0.12,71.89,9.13,0.66,0,0
2869.0,1056,1056,25,0,1031,1031,0,0,5,0,0.12,71.89,9.15,0.66,0,0
2870.0,1056,1056,25,0,1031,1031,0,0,5,0,0.12,71.89,9.14,0.66,0,1
2871.0,1056,1056,25,0,1031,1031,0,0,5,0,0.12,71.89,9.01,0.65,0,0
2872.0,1056,1056,24,0,1032,1032,0,0,5,0,0.12,71.87,8.65,0.62,0,0
2873.0,1056,1056,24,0,1032,1032,0,0,5,0,0.12,71.87,8.74,0.63,0,0
2874.0,1056,1056,24,0,1032,1032,0,0,7,0,0.12,71.87,8.92,0.64,0,0
2875.0,1056,1056,24,0,1032,1032,0,0,7,0,0.12,71.87,8.74,0.63,0,0
2876.0,1056,1056,24,0,1032,1032,0,0,7,0,0.12,71.87,8.84,0.64,0,0
2877.0,1056,1056,24,0,1032,1032,0,0,7,0,0.12,71.87,8.57,0.62,0,0
2878.0,1056,1056,24,0,1032,1032,0,0,7,0,0.12,71.87,8.3,0.60,0,0
2879.0,1056,1056,23,0,1033,1033,0,0,7,0,0.12,71.89,7.7,0.55,0,0
2880.0,1065,1063,30,2,1033,1033,0,0,7,0,0.12,71.89,9.0,0.65,0,1
2881.0,1065,1064,30,1,1034,1034,0,0,7,0,0.12,71.90,9.04,0.65,0,0
2882.0,1065,1064,30,1,1034,1034,0,0,7,0,0.12,71.90,8.95,0.64,0,0
2883.0,1065,1065,30,0,1035,1035,0,0,7,0,0.12,71.91,9.02,0.65,0,0
2884.0,1065,1065,30,0,1035,1035,0,0,7,0,0.12,71.91,9.11,0.66,0,0
2885.0,1065,1065,30,0,1035,1035,0,0,7,0,0.12,71.91,8.93,0.64,0,0
2886.0,1065,1065,29,0,1036,1036,0,0,7,0,0.12,71.90,8.69,0.63,0,0
2887.0,1065,1065,28,0,1037,1037,0,0,7,0,0.12,71.92,8.38,0.60,0,0
2888.0,1065,1065,27,0,1038,1038,0,0,7,0,0.12,71.90,8.33,0.60,0,0
2889.0,1065,1065,26,0,1039,1039,0,0,8,0,0.12,71.91,8.24,0.59,0,0
2890.0,1065,1065,25,0,1040,1040,0,0,9,0,0.12,71.91,7.93,0.57,0,0
2891.0,1065,1065,25,0,1040,1040,0,0,9,0,0.12,71.91,7.69,0.55,0,0
2892.0,1067,1067,25,0,1042,1042,0,0,9,0,0.12,71.88,7.7,0.55,0,0
2893.0,1067,1067,25,0,1042,1042,0,0,9,0,0.12,71.88,7.5,0.54,0,0
2894.0,1067,1067,24,0,1043,1043,0,0,9,0,0.12,71.86,7.39,0.53,0,0
2895.0,1069,1069,26,0,1043,1043,0,0,9,0,0.12,71.86,7.82,0.56,0,1
2896.0,1069,1069,26,0,1043,1043,0,0,9,0,0.12,71.86,7.86,0.57,0,0
2897.0,1069,1069,26,0,1043,1043,0,0,9,0,0.12,71.86,8.04,0.58,0,0
2898.0,1069,1069,26,0,1043,1043,0,0,9,0,0.12,71.86,8.1,0.58,0,0
2899.0,1069,1069,26,0,1043,1043,0,0,9,0,0.12,71.86,7.84,0.56,0,0
2900.0,1069,1069,26,0,1043,1043,0,0,9,0,0.12,71.86,7.62,0.55,0,0
2901.0,1069,1069,26,0,1043,1043,0,0,9,0,0.12,71.86,6.89,0.50,0,0
2902.0,1069,1069,26,0,1043,1043,0,0,10,0,0.12,71.86,5.67,0.41,0,0
2903.0,1069,1069,26,0,1043,1043,0,0,11,0,0.12,71.86,4.8,0.35,0,0
2904.0,1071,1071,27,0,1044,1044,0,0,11,0,0.12,71.83,4.82,0.35,0,0
2905.0,1071,1071,26,0,1045,1045,0,0,12,0,0.12,71.81,4.47,0.32,0,1
2906.0,1071,1071,26,0,1045,1045,0,0,14,0,0.12,71.81,4.66,0.33,0,0
2907.0,1071,1071,26,0,1045,1045,0,0,12,0,0.12,71.81,5.12,0.37,0,0
2908.0,1071,1071,26,0,1045,1045,0,0,10,0,0.12,71.81,5.55,0.40,0,0
2909.0,1071,1071,26,0,1045,1045,0,0,8,0,0.12,71.81,6.02,0.43,0,0
2910.0,1073,1073,28,0,1045,1045,0,0,6,0,0.12,71.81,7.15,0.51,0,0
2911.0,1073,1073,28,0,1045,1045,0,0,5,0,0.12,71.81,7.64,0.55,0,0
2912.0,1073,1073,28,0,1045,1045,0,0,4,0,0.12,71.81,8.17,0.59,0,0
2913.0,1073,1073,28,0,1045,1045,0,0,3,0,0.12,71.81,8.38,0.60,0,0
2914.0,1073,1073,28,0,1045,1045,0,0,3,0,0.12,71.81,8.53,0.61,0,1
2915.0,1073,1073,28,0,1045,1045,0,0,2,0,0.12,71.81,8.92,0.64,0,0
2916.0,1075,1075,30,0,1045,1045,0,0,3,0,0.12,71.81,9.32,0.67,0,0
2917.0,1075,1075,29,0,1046,1046,0,0,4,0,0.12,71.79,9.26,0.67,0,0
2918.0,1075,1075,29,0,1046,1046,0,0,4,0,0.12,71.79,9.43,0.68,0,0
2919.0,1075,1075,29,0,1046,1046,0,0,4,0,0.12,71.79,9.77,0.70,0,0
2920.0,1075,1075,28,0,1047,1047,0,0,4,0,0.12,71.77,9.94,0.71,0,0
2921.0,1075,1075,28,0,1047,1047,0,0,4,0,0.12,71.77,10.03,0.72,0,0
2922.0,1075,1075,28,0,1047,1047,0,0,4,0,0.12,71.77,9.91,0.71,0,0
2923.0,1075,1075,28,0,1047,1047,0,0,4,0,0.12,71.77,9.88,0.71,0,1
2924.0,1075,1075,28,0,1047,1047,0,0,4,0,0.12,71.77,9.99,0.72,0,0
2925.0,1077,1077,30,0,1047,1047,0,0,4,0,0.12,71.77,10.41,0.75,0,0
2926.0,1077,1077,30,0,1047,1047,0,0,4,0,0.12,71.77,10.55,0.76,0,0
2927.0,1077,1077,29,0,1048,1048,0,0,4,0,0.12,71.75,10.35,0.74,0,0
2928.0,1079,1079,30,0,1049,1049,0,0,4,0,0.12,71.72,10.18,0.73,0,0
2929.0,1079,1079,29,0,1050,1050,0,0,4,0,0.12,71.70,9.88,0.71,0,0
2930.0,1079,1079,29,0,1050,1050,0,0,4,0,0.12,71.70,9.73,0.70,0,0
2931.0,1079,1079,29,0,1050,1050,0,0,4,0,0.12,71.70,9.72,0.70,0,0
2932.0,1079,1079,29,0,1050,1050,0,0,5,0,0.12,71.70,9.63,0.69,0,1
2933.0,1079,1079,28,0,1051,1051,0,0,5,0,0.12,71.74,9.47,0.68,0,0
2934.0,1079,1079,28,0,1051,1051,0,0,5,0,0.12,71.74,9.15,0.66,0,0
2935.0,1079,1079,26,0,1053,1053,0,0,6,0,0.12,71.81,8.85,0.64,0,0
2936.0,1079,1079,26,0,1053,1053,0,0,6,0,0.12,71.81,8.91,0.64,0,0
2937.0,1079,1079,25,0,1054,1054,0,0,7,0,0.12,71.82,8.46,0.61,0,0
2938.0,1079,1079,25,0,1054,1054,0,0,7,0,0.12,71.82,8.07,0.58,0,0
2939.0,1079,1079,24,0,1055,1055,0,0,7,0,0.12,71.83,7.67,0.55,0,0
2940.0,1085,1084,29,1,1055,1055,0,0,8,0,0.12,71.83,8.54,0.61,0,0
2941.0,1085,1085,28,0,1057,1057,0,0,8,0,0.12,71.85,7.95,0.57,0,1
2942.0,1085,1085,27,0,1058,1058,0,0,9,0,0.12,71.89,7.94,0.57,0,0
2943.0,1085,1085,25,0,1060,1060,0,0,6,0,0.12,71.89,7.95,0.57,0,0
2944.0,1085,1085,24,0,1061,1061,0,0,4,0,0.12,71.90,8.29,0.60,0,0
2945.0,1085,1085,24,0,1061,1061,0,0,2,0,0.12,71.90,8.59,0.62,0,0
2946.0,1085,1085,23,0,1062,1062,0,0,2,0,0.12,71.89,8.58,0.62,0,0
2947.0,1085,1085,23,0,1062,1062,0,0,2,0,0.12,71.89,8.47,0.61,0,0
2948.0,1085,1085,23,0,1062,1062,0,0,2,0,0.12,71.89,8.03,0.58,0,0
2949.0,1085,1085,21,0,1064,1064,0,0,3,0,0.12,71.88,7.38,0.53,0,1
2950.0,1085,1085,21,0,1064,1064,0,0,4,0,0.12,71.88,7.49,0.54,0,0
2951.0,1085,1085,21,0,1064,1064,0,0,4,0,0.12,71.88,7.69,0.55,0,0
2952.0,1087,1087,23,0,1064,1064,0,0,4,0,0.12,71.88,8.17,0.59,0,0
2953.0,1087,1087,23,0,1064,1064,0,0,4,0,0.12,71.88,8.54,0.61,0,0
2954.0,1087,1087,23,0,1064,1064,0,0,4,0,0.12,71.88,8.78,0.63,0,0
2955.0,1089,1089,25,0,1064,1064,0,0,4,0,0.12,71.88,9.21,0.66,0,0
2956.0,1089,1089,24,0,1065,1065,0,0,4,0,0.12,71.89,9.38,0.68,0,0
2957.0,1089,1089,24,0,1065,1065,0,0,4,0,0.12,71.89,9.73,0.70,0,0
2958.0,1089,1089,24,0,1065,1065,0,0,4,0,0.12,71.89,9.76,0.70,0,0
2959.0,1089,1089,24,0,1065,1065,0,0,4,0,0.12,71.89,10.06,0.72,0,1
2960.0,1089,1089,23,0,1066,1066,0,0,4,0,0.12,71.88,10.06,0.72,0,0
2961.0,1089,1089,23,0,1066,1066,0,0,4,0,0.12,71.88,9.76,0.70,0,0
2962.0,1089,1089,23,0,1066,1066,0,0,4,0,0.12,71.88,9.45,0.68,0,0
2963.0,1089,1089,23,0,1066,1066,0,0,4,0,0.12,71.88,9.28,0.67,0,0
2964.0,1091,1091,25,0,1066,1066,0,0,5,0,0.12,71.88,9.45,0.68,0,0
2965.0,1091,1091,25,0,1066,1066,0,0,5,0,0.12,71.88,9.23,0.66,0,0
2966.0,1091,1091,25,0,1066,1066,0,0,5,0,0.12,71.88,9.04,0.65,0,0
2967.0,1091,1091,25,0,1066,1066,0,0,6,0,0.12,71.88,8.88,0.64,0,0
2968.0,1091,1091,23,0,1068,1068,0,0,6,0,0.12,71.90,8.32,0.60,0,0
2969.0,1091,1091,22,0,1069,1069,0,0,6,0,0.12,71.90,7.97,0.57,0,0
2970.0,1096,1095,26,1,1069,1069,0,0,6,0,0.12,71.90,8.84,0.64,0,1
2971.0,1096,1095,26,1,1069,1069,0,0,7,0,0.12,71.90,8.74,0.63,0,0
2972.0,1096,1096,27,0,1069,1069,0,0,8,0,0.12,71.90,8.84,0.64,0,0
2973.0,1096,1096,27,0,1069,1069,0,0,8,0,0.12,71.90,8.7,0.63,0,0
2974.0,1096,1096,27,0,1069,1069,0,0,8,0,0.12,71.90,8.39,0.60,0,0
2975.0,1096,1096,26,0,1070,1070,0,0,8,0,0.12,71.90,7.86,0.57,0,0
2976.0,1098,1098,27,0,1071,1071,0,0,8,0,0.12,71.90,7.76,0.56,0,0
2977.0,1098,1098,26,0,1072,1072,0,0,8,0,0.12,71.89,7.38,0.53,0,1
2978.0,1098,1098,25,0,1073,1073,0,0,9,0,0.12,71.88,7.28,0.52,0,0
2979.0,1098,1098,24,0,1074,1074,0,0,9,0,0.12,71.86,7.15,0.51,0,0
2980.0,1098,1098,23,0,1075,1075,0,0,10,0,0.12,71.85,7.11,0.51,0,0
2981.0,1098,1098,23,0,1075,1075,0,0,10,0,0.12,71.85,7.21,0.52,0,0
2982.0,1098,1098,23,0,1075,1075,0,0,10,0,0.12,71.85,7.3,0.52,0,0
2983.0,1098,1098,23,0,1075,1075,0,0,10,0,0.12,71.85,7.37,0.53,0,0
2984.0,1098,1098,23,0,1075,1075,0,0,10,0,0.12,71.85,7.3,0.53,0,0
2985.0,1100,1100,25,0,1075,1075,0,0,10,0,0.12,71.85,7.61,0.55,0,1
2986.0,1100,1100,25,0,1075,1075,0,0,10,0,0.12,71.85,7.26,0.52,0,0
2987.0,1100,1100,25,0,1075,1075,0,0,10,0,0.12,71.85,6.95,0.50,0,0
2988.0,1102,1102,26,0,1076,1076,0,0,10,0,0.12,71.82,7.3,0.53,0,0
2989.0,1102,1102,26,0,1076,1076,0,0,10,0,0.12,71.82,7.14,0.51,0,0
2990.0,1102,1102,26,0,1076,1076,0,0,10,0,0.12,71.82,7.08,0.51,0,0
2991.0,1102,1102,26,0,1076,1076,0,0,10,0,0.12,71.82,6.67,0.48,0,0
2992.0,1102,1102,26,0,1076,1076,0,0,10,0,0.12,71.82,6.12,0.44,0,0
2993.0,1102,1102,26,0,1076,1076,0,0,12,0,0.12,71.82,5.95,0.43,0,0
2994.0,1102,1102,25,0,1077,1077,0,0,12,0,0.12,71.81,5.38,0.39,0,0
2995.0,1102,1102,25,0,1077,1077,0,0,14,0,0.12,71.81,5.55,0.40,0,0
2996.0,1102,1102,25,0,1077,1077,0,0,14,0,0.12,71.81,5.73,0.41,0,0
2997.0,1102,1102,25,0,1077,1077,0,0,11,0,0.12,71.81,5.8,0.42,0,0
2998.0,1102,1102,25,0,1077,1077,0,0,9,0,0.12,71.81,5.72,0.41,0,0
2999.0,1102,1102,24,0,1078,1078,0,0,7,0,0.12,71.78,5.2,0.37,0,0
3000.0,1108,1107,29,1,1078,1078,0,0,5,0,0.12,71.78,6.9,0.50,0,0
3001.0,1108,1108,29,0,1079,1079,0,0,5,0,0.12,71.76,7.03,0.51,0,0
3002.0,1108,1108,29,0,1079,1079,0,0,4,0,0.12,71.76,7.75,0.56,0,0
3003.0,1108,1108,29,0,1079,1079,0,0,4,0,0.12,71.76,8.41,0.61,0,0
3004.0,1108,1108,29,0,1079,1079,0,0,4,0,0.12,71.76,8.77,0.63,0,0
3005.0,1108,1108,29,0,1079,1079,0,0,4,0,0.12,71.76,8.9,0.64,0,1
3006.0,1108,1108,29,0,1079,1079,0,0,4,0,0.12,71.76,9.08,0.65,0,0
3007.0,1108,1108,29,0,1079,1079,0,0,4,0,0.12,71.76,9.39,0.68,0,0
3008.0,1108,1108,29,0,1079,1079,0,0,4,0,0.12,71.76,9.67,0.70,0,0
3009.0,1108,1108,29,0,1079,1079,0,0,4,0,0.12,71.76,9.82,0.71,0,0
3010.0,1108,1108,29,0,1079,1079,0,0,4,0,0.12,71.76,9.86,0.71,0,0
3011.0,1108,1108,28,0,1080,1080,0,0,4,0,0.12,71.74,9.73,0.70,0,0
3012.0,1110,1110,29,0,1081,1081,0,0,4,0,0.12,71.72,9.81,0.71,0,0
3013.0,1110,1110,29,0,1081,1081,0,0,6,0,0.12,71.72,9.75,0.70,0,1
3014.0,1110,1110,29,0,1081,1081,0,0,6,0,0.12,71.72,9.76,0.70,0,0
3015.0,1112,1112,31,0,1081,1081,0,0,6,0,0.12,71.72,10.07,0.72,0,0
3016.0,1112,1112,31,0,1081,1081,0,0,6,0,0.12,71.72,10.08,0.73,0,0
3017.0,1112,1112,30,0,1082,1082,0,0,6,0,0.12,71.70,10.01,0.72,0,0
3018.0,1112,1112,30,0,1082,1082,0,0,6,0,0.12,71.70,10.05,0.72,0,0
3019.0,1112,1112,30,0,1082,1082,0,0,6,0,0.12,71.70,9.99,0.72,0,0
3020.0,1112,1112,30,0,1082,1082,0,0,6,0,0.12,71.70,9.68,0.70,0,0
3021.0,1112,1112,30,0,1082,1082,0,0,5,0,0.12,71.70,9.46,0.68,0,0
3022.0,1112,1112,30,0,1082,1082,0,0,5,0,0.12,71.70,8.96,0.64,0,1
3023.0,1112,1112,30,0,1082,1082,0,0,5,0,0.12,71.70,8.66,0.62,0,0
3024.0,1114,1114,31,0,1083,1083,0,0,6,0,0.12,71.73,8.61,0.62,0,0
3025.0,1114,1114,30,0,1084,1084,0,0,8,0,0.12,71.77,8.42,0.61,0,0
3026.0,1114,1114,28,0,1086,1086,0,0,8,0,0.12,71.83,8.15,0.59,0,0
3027.0,1114,1114,28,0,1086,1086,0,0,8,0,0.12,71.83,7.94,0.57,0,0
3028.0,1114,1114,27,0,1087,1087,0,0,9,0,0.12,71.84,7.7,0.55,0,0
3029.0,1114,1114,27,0,1087,1087,0,0,9,0,0.12,71.84,7.67,0.55,0,0
3030.0,1116,1116,27,0,1089,1089,0,0,10,0,0.12,71.86,7.73,0.56,0,0
3031.0,1116,1116,27,0,1089,1089,0,0,10,0,0.12,71.86,7.6,0.55,0,0
3032.0,1116,1116,26,0,1090,1090,0,0,10,0,0.12,71.85,7.14,0.51,0,0
3033.0,1116,1116,25,0,1091,1091,0,0,7,0,0.12,71.83,6.95,0.50,0,0
3034.0,1116,1116,24,0,1092,1092,0,0,5,0,0.12,71.85,7.0,0.50,0,0
3035.0,1116,1116,23,0,1093,1093,0,0,4,0,0.12,71.86,7.07,0.51,0,0
3036.0,1118,1118,25,0,1093,1093,0,0,3,0,0.12,71.86,7.65,0.55,0,0
3037.0,1118,1118,24,0,1094,1094,0,0,3,0,0.12,71.85,7.35,0.53,0,0
3038.0,1118,1118,24,0,1094,1094,0,0,3,0,0.12,71.85,7.37,0.53,0,0
3039.0,1118,1118,23,0,1095,1095,0,0,4,0,0.12,71.85,7.41,0.53,0,0
3040.0,1118,1118,23,0,1095,1095,0,0,5,0,0.12,71.85,7.77,0.56,0,0
3041.0,1118,1118,22,0,1096,1096,0,0,5,0,0.12,71.84,7.51,0.54,0,0
3042.0,1118,1118,22,0,1096,1096,0,0,5,0,0.12,71.84,8.03,0.58,0,0
3043.0,1118,1118,22,0,1096,1096,0,0,5,0,0.12,71.84,8.42,0.61,0,0
3044.0,1118,1118,22,0,1096,1096,0,0,5,0,0.12,71.84,8.52,0.61,0,0
3045.0,1120,1120,24,0,1096,1096,0,0,5,0,0.12,71.84,8.9,0.64,0,0
3046.0,1120,1120,24,0,1096,1096,0,0,5,0,0.12,71.84,9.04,0.65,0,1
3047.0,1120,1120,24,0,1096,1096,0,0,5,0,0.12,71.84,9.01,0.65,0,0
3048.0,1122,1122,26,0,1096,1096,0,0,5,0,0.12,71.84,9.21,0.66,0,0
3049.0,1122,1122,26,0,1096,1096,0,0,5,0,0.12,71.84,9.11,0.66,0,0
3050.0,1122,1122,25,0,1097,1097,0,0,5,0,0.12,71.87,9.17,0.66,0,0
3051.0,1122,1122,24,0,1098,1098,0,0,5,0,0.12,71.85,9.11,0.66,0,0
3052.0,1122,1122,24,0,1098,1098,0,0,5,0,0.12,71.85,9.1,0.65,0,0
3053.0,1122,1122,24,0,1098,1098,0,0,6,0,0.12,71.85,8.98,0.65,0,0
3054.0,1122,1122,24,0,1098,1098,0,0,6,0,0.12,71.85,8.78,0.63,0,0
3055.0,1122,1122,24,0,1098,1098,0,0,7,0,0.12,71.85,8.92,0.64,0,0
3056.0,1122,1122,24,0,1098,1098,0,0,7,0,0.12,71.85,8.93,0.64,0,0
3057.0,1122,1122,23,0,1099,1099,0,0,7,0,0.12,71.86,8.8,0.63,0,1
3058.0,1122,1122,23,0,1099,1099,0,0,7,0,0.12,71.86,8.5,0.61,0,0
3059.0,1122,1122,21,0,1101,1101,0,0,7,0,0.12,71.89,7.8,0.56,0,0
3060.0,1131,1129,28,2,1101,1101,0,0,7,0,0.12,71.89,8.96,0.64,0,0
3061.0,1131,1130,29,1,1101,1101,0,0,7,0,0.12,71.89,8.69,0.63,0,0
3062.0,1131,1130,28,1,1102,1102,0,0,7,0,0.12,71.89,8.67,0.62,0,0
3063.0,1131,1131,28,0,1103,1103,0,0,7,0,0.12,71.89,8.58,0.62,0,0
3064.0,1131,1131,28,0,1103,1103,0,0,7,0,0.12,71.89,8.48,0.61,0,0
3065.0,1131,1131,26,0,1105,1105,0,0,7,0,0.12,71.88,7.97,0.57,0,0
3066.0,1131,1131,26,0,1105,1105,0,0,7,0,0.12,71.88,7.82,0.56,0,0
3067.0,1131,1131,26,0,1105,1105,0,0,7,0,0.12,71.88,7.88,0.57,0,0
3068.0,1131,1131,25,0,1106,1106,0,0,8,0,0.12,71.86,7.78,0.56,0,0
3069.0,1131,1131,25,0,1106,1106,0,0,9,0,0.12,71.86,7.73,0.56,0,0
3070.0,1131,1131,25,0,1106,1106,0,0,9,0,0.12,71.86,7.72,0.56,0,0
3071.0,1131,1131,25,0,1106,1106,0,0,9,0,0.12,71.86,7.7,0.55,0,0
3072.0,1133,1133,26,0,1107,1107,0,0,9,0,0.12,71.85,7.88,0.57,0,0
3073.0,1133,1133,25,0,1108,1108,0,0,9,0,0.12,71.83,7.64,0.55,0,1
3074.0,1133,1133,24,0,1109,1109,0,0,9,0,0.12,71.81,7.29,0.52,0,0
3075.0,1135,1135,26,0,1109,1109,0,0,9,0,0.12,71.81,7.65,0.55,0,0
3076.0,1135,1135,26,0,1109,1109,0,0,9,0,0.12,71.81,7.49,0.54,0,0
3077.0,1135,1135,26,0,1109,1109,0,0,9,0,0.12,71.81,7.55,0.54,0,0
3078.0,1135,1135,26,0,1109,1109,0,0,9,0,0.12,71.81,7.52,0.54,0,0
3079.0,1135,1135,26,0,1109,1109,0,0,9,0,0.12,71.81,7.39,0.53,0,0
3080.0,1135,1135,26,0,1109,1109,0,0,9,0,0.12,71.81,7.12,0.51,0,0
3081.0,1135,1135,26,0,1109,1109,0,0,9,0,0.12,71.81,6.5,0.47,0,0
3082.0,1135,1135,26,0,1109,1109,0,0,9,0,0.12,71.81,5.53,0.40,0,0
3083.0,1135,1135,26,0,1109,1109,0,0,9,0,0.12,71.81,5.09,0.37,0,0
3084.0,1137,1137,28,0,1109,1109,0,0,12,0,0.12,71.81,5.16,0.37,0,0
3085.0,1137,1137,27,0,1110,1110,0,0,12,0,0.12,71.79,4.54,0.33,0,0
3086.0,1137,1137,27,0,1110,1110,0,0,14,0,0.12,71.79,4.3,0.31,0,0
3087.0,1137,1137,27,0,1110,1110,0,0,12,0,0.12,71.79,4.56,0.33,0,0
3088.0,1137,1137,27,0,1110,1110,0,0,11,0,0.12,71.79,4.92,0.35,0,0
3089.0,1137,1137,26,0,1111,1111,0,0,10,0,0.12,71.77,5.1,0.37,0,0
3090.0,1139,1139,28,0,1111,1111,0,0,8,0,0.12,71.77,6.06,0.44,0,1
3091.0,1139,1139,28,0,1111,1111,0,0,7,0,0.12,71.77,6.64,0.48,0,0
3092.0,1139,1139,28,0,1111,1111,0,0,6,0,0.12,71.77,7.13,0.51,0,0
3093.0,1139,1139,28,0,1111,1111,0,0,5,0,0.12,71.77,7.65,0.55,0,0
3094.0,1139,1139,28,0,1111,1111,0,0,4,0,0.12,71.77,7.98,0.57,0,0
3095.0,1139,1139,28,0,1111,1111,0,0,4,0,0.12,71.77,8.17,0.59,0,0
3096.0,1141,1141,30,0,1111,1111,0,0,4,0,0.12,71.77,8.67,0.62,0,0
3097.0,1141,1141,30,0,1111,1111,0,0,4,0,0.12,71.77,8.91,0.64,0,0
3098.0,1141,1141,30,0,1111,1111,0,0,5,0,0.12,71.77,9.16,0.66,0,1
3099.0,1141,1141,30,0,1111,1111,0,0,5,0,0.12,71.77,9.22,0.66,0,0
3100.0,1141,1141,30,0,1111,1111,0,0,5,0,0.12,71.77,9.11,0.66,0,0
3101.0,1141,1141,30,0,1111,1111,0,0,5,0,0.12,71.77,8.94,0.64,0,0
3102.0,1141,1141,30,0,1111,1111,0,0,5,0,0.12,71.77,9.05,0.65,0,0
3103.0,1141,1141,30,0,1111,1111,0,0,6,0,0.12,71.77,9.04,0.65,0,0
3104.0,1141,1141,30,0,1111,1111,0,0,6,0,0.12,71.77,8.95,0.64,0,0
3105.0,1143,1143,31,0,1112,1112,0,0,6,0,0.12,71.76,9.02,0.65,0,0
3106.0,1143,1143,31,0,1112,1112,0,0,6,0,0.12,71.76,8.82,0.63,0,0
3107.0,1143,1143,30,0,1113,1113,0,0,6,0,0.12,71.74,8.65,0.62,0,1
3108.0,1145,1145,32,0,1113,1113,0,0,8,0,0.12,71.74,9.01,0.65,0,0
3109.0,1145,1145,32,0,1113,1113,0,0,7,0,0.12,71.74,9.03,0.65,0,0
3110.0,1145,1145,32,0,1113,1113,0,0,7,0,0.12,71.74,9.19,0.66,0,0
3111.0,1145,1145,32,0,1113,1113,0,0,7,0,0.12,71.74,9.19,0.66,0,0
3112.0,1145,1145,32,0,1113,1113,0,0,7,0,0.12,71.74,9.14,0.66,0,0
3113.0,1145,1145,31,0,1114,1114,0,0,7,0,0.12,71.78,9.04,0.65,0,0
3114.0,1145,1145,30,0,1115,1115,0,0,7,0,0.12,71.81,8.61,0.62,0,0
3115.0,1145,1145,30,0,1115,1115,0,0,7,0,0.12,71.81,8.5,0.61,0,0
3116.0,1145,1145,30,0,1115,1115,0,0,8,0,0.12,71.81,8.2,0.59,0,0
3117.0,1145,1145,30,0,1115,1115,0,0,9,0,0.12,71.81,8.0,0.58,0,1
3118.0,1145,1145,28,0,1117,1117,0,0,9,0,0.12,71.88,7.6,0.55,0,0
3119.0,1145,1145,26,0,1119,1119,0,0,10,0,0.12,71.90,7.47,0.54,0,0
3120.0,1151,1150,30,1,1120,1120,0,0,10,0,0.12,71.93,8.36,0.60,0,0
3121.0,1151,1151,29,0,1122,1122,0,0,10,0,0.12,71.95,7.97,0.57,0,0
3122.0,1151,1151,29,0,1122,1122,0,0,10,0,0.12,71.95,7.92,0.57,0,0
3123.0,1151,1151,28,0,1123,1123,0,0,7,0,0.12,71.95,8.1,0.58,0,0
3124.0,1151,1151,27,0,1124,1124,0,0,6,0,0.12,71.95,8.19,0.59,0,0
3125.0,1151,1151,26,0,1125,1125,0,0,4,0,0.12,71.94,8.05,0.58,0,0
3126.0,1151,1151,25,0,1126,1126,0,0,2,0,0.12,71.93,7.76,0.56,0,0
3127.0,1151,1151,24,0,1127,1127,0,0,2,0,0.12,71.92,7.47,0.54,0,0
3128.0,1151,1151,23,0,1128,1128,0,0,2,0,0.12,71.91,7.05,0.51,0,0
3129.0,1151,1151,23,0,1128,1128,0,0,2,0,0.12,71.91,7.07,0.51,0,0
3130.0,1151,1151,23,0,1128,1128,0,0,4,0,0.12,71.91,7.2,0.52,0,1
3131.0,1151,1151,23,0,1128,1128,0,0,4,0,0.12,71.91,7.49,0.54,0,0
3132.0,1153,1153,24,0,1129,1129,0,0,4,0,0.12,71.90,7.84,0.56,0,0
3133.0,1153,1153,24,0,1129,1129,0,0,4,0,0.12,71.90,8.14,0.59,0,0
3134.0,1153,1153,23,0,1130,1130,0,0,4,0,0.12,71.90,8.07,0.58,0,0
3135.0,1155,1155,25,0,1130,1130,0,0,4,0,0.12,71.90,8.67,0.62,0,0
3136.0,1155,1155,25,0,1130,1130,0,0,4,0,0.12,71.90,8.73,0.63,0,0
3137.0,1155,1155,25,0,1130,1130,0,0,4,0,0.12,71.90,8.78,0.63,0,0
3138.0,1155,1155,25,0,1130,1130,0,0,4,0,0.12,71.90,8.98,0.65,0,0
3139.0,1155,1155,25,0,1130,1130,0,0,4,0,0.12,71.90,9.06,0.65,0,0
3140.0,1155,1155,25,0,1130,1130,0,0,4,0,0.12,71.90,9.03,0.65,0,0
3141.0,1155,1155,25,0,1130,1130,0,0,4,0,0.12,71.90,8.72,0.63,0,0
3142.0,1155,1155,25,0,1130,1130,0,0,4,0,0.12,71.90,8.12,0.58,0,0
3143.0,1155,1155,25,0,1130,1130,0,0,6,0,0.12,71.90,7.49,0.54,0,0
3144.0,1157,1157,27,0,1130,1130,0,0,6,0,0.12,71.90,7.65,0.55,0,0
3145.0,1157,1157,27,0,1130,1130,0,0,6,0,0.12,71.90,7.67,0.55,0,1
3146.0,1157,1157,27,0,1130,1130,0,0,7,0,0.12,71.90,8.01,0.58,0,0
3147.0,1157,1157,27,0,1130,1130,0,0,8,0,0.12,71.90,8.14,0.59,0,0
3148.0,1157,1157,26,0,1131,1131,0,0,8,0,0.12,71.91,7.91,0.57,0,0
3149.0,1157,1157,26,0,1131,1131,0,0,8,0,0.12,71.91,8.07,0.58,0,0
3150.0,1162,1161,30,1,1131,1131,0,0,8,0,0.12,71.91,8.87,0.64,0,0
3151.0,1162,1161,30,1,1131,1131,0,0,8,0,0.12,71.91,8.83,0.64,0,0
3152.0,1162,1162,30,0,1132,1132,0,0,8,0,0.12,71.93,8.92,0.64,0,0
3153.0,1162,1162,29,0,1133,1133,0,0,8,0,0.12,71.95,8.79,0.63,0,0
3154.0,1162,1162,29,0,1133,1133,0,0,8,0,0.12,71.95,8.7,0.63,0,0
3155.0,1162,1162,28,0,1134,1134,0,0,8,0,0.12,71.96,8.41,0.60,0,0
3156.0,1164,1164,30,0,1134,1134,0,0,8,0,0.12,71.96,8.4,0.60,0,0
3157.0,1164,1164,29,0,1135,1135,0,0,8,0,0.12,71.96,7.85,0.57,0,0
3158.0,1164,1164,29,0,1135,1135,0,0,9,0,0.12,71.96,7.48,0.54,0,0
3159.0,1164,1164,29,0,1135,1135,0,0,9,0,0.12,71.96,7.5,0.54,0,0
3160.0,1164,1164,27,0,1137,1137,0,0,9,0,0.12,71.97,7.31,0.53,0,0
3161.0,1164,1164,27,0,1137,1137,0,0,10,0,0.12,71.97,7.55,0.54,0,1
3162.0,1164,1164,26,0,1138,1138,0,0,10,0,0.12,71.97,7.47,0.54,0,0
3163.0,1164,1164,26,0,1138,1138,0,0,10,0,0.12,71.97,7.53,0.54,0,0
3164.0,1164,1164,26,0,1138,1138,0,0,10,0,0.12,71.97,7.63,0.55,0,0
3165.0,1166,1166,27,0,1139,1139,0,0,10,0,0.12,71.96,7.67,0.55,0,0
3166.0,1166,1166,26,0,1140,1140,0,0,10,0,0.12,71.96,7.36,0.53,0,0
3167.0,1166,1166,26,0,1140,1140,0,0,10,0,0.12,71.96,7.4,0.53,0,0
3168.0,1168,1168,27,0,1141,1141,0,0,10,0,0.12,71.95,7.28,0.52,0,0
3169.0,1168,1168,27,0,1141,1141,0,0,10,0,0.12,71.95,6.7,0.48,0,0
3170.0,1168,1168,25,0,1143,1143,0,0,10,0,0.12,71.91,5.78,0.42,0,0
3171.0,1168,1168,25,0,1143,1143,0,0,12,0,0.12,71.91,5.57,0.40,0,0
3172.0,1168,1168,25,0,1143,1143,0,0,12,0,0.12,71.91,5.26,0.38,0,0
3173.0,1168,1168,25,0,1143,1143,0,0,13,0,0.12,71.91,5.38,0.39,0,0
3174.0,1168,1168,25,0,1143,1143,0,0,13,0,0.12,71.91,5.28,0.38,0,0
3175.0,1168,1168,25,0,1143,1143,0,0,14,0,0.12,71.91,5.36,0.39,0,0
3176.0,1168,1168,25,0,1143,1143,0,0,14,0,0.12,71.91,5.21,0.38,0,0
3177.0,1168,1168,25,0,1143,1143,0,0,11,0,0.12,71.91,5.06,0.36,0,0
3178.0,1168,1168,25,0,1143,1143,0,0,9,0,0.12,71.91,5.0,0.36,0,1
3179.0,1168,1168,25,0,1143,1143,0,0,8,0,0.12,71.91,4.99,0.36,0,0
3180.0,1174,1173,30,1,1143,1143,0,0,6,0,0.12,71.91,6.62,0.48,0,0
3181.0,1174,1174,31,0,1143,1143,0,0,5,0,0.12,71.91,7.16,0.51,0,0
3182.0,1174,1174,30,0,1144,1144,0,0,6,0,0.12,71.89,7.63,0.55,0,0
3183.0,1174,1174,30,0,1144,1144,0,0,5,0,0.12,71.89,8.05,0.58,0,0
3184.0,1174,1174,30,0,1144,1144,0,0,5,0,0.12,71.89,8.58,0.62,0,1
3185.0,1174,1174,29,0,1145,1145,0,0,5,0,0.12,71.87,8.79,0.63,0,0
3186.0,1174,1174,29,0,1145,1145,0,0,5,0,0.12,71.87,8.88,0.64,0,0
3187.0,1174,1174,29,0,1145,1145,0,0,5,0,0.12,71.87,9.09,0.65,0,0
3188.0,1174,1174,29,0,1145,1145,0,0,5,0,0.12,71.87,9.28,0.67,0,0
3189.0,1174,1174,29,0,1145,1145,0,0,5,0,0.12,71.87,9.19,0.66,0,0
3190.0,1174,1174,29,0,1145,1145,0,0,5,0,0.12,71.87,9.11,0.66,0,0
3191.0,1174,1174,29,0,1145,1145,0,0,5,0,0.12,71.87,9.11,0.66,0,0
3192.0,1176,1176,31,0,1145,1145,0,0,6,0,0.12,71.87,9.37,0.67,0,1
3193.0,1176,1176,30,0,1146,1146,0,0,7,0,0.12,71.85,9.21,0.66,0,0
3194.0,1176,1176,30,0,1146,1146,0,0,7,0,0.12,71.85,9.29,0.67,0,0
3195.0,1178,1178,32,0,1146,1146,0,0,7,0,0.12,71.85,9.56,0.69,0,0
3196.0,1178,1178,32,0,1146,1146,0,0,7,0,0.12,71.85,9.66,0.69,0,0
3197.0,1178,1178,32,0,1146,1146,0,0,7,0,0.12,71.85,9.68,0.70,0,0
3198.0,1178,1178,31,0,1147,1147,0,0,7,0,0.12,71.84,9.73,0.70,0,0
3199.0,1178,1178,31,0,1147,1147,0,0,7,0,0.12,71.84,9.65,0.69,0,0
3200.0,1178,1178,31,0,1147,1147,0,0,7,0,0.12,71.84,9.47,0.68,0,0
3201.0,1178,1178,31,0,1147,1147,0,0,6,0,0.12,71.84,9.1,0.65,0,0
3202.0,1178,1178,31,0,1147,1147,0,0,6,0,0.12,71.84,8.72,0.63,0,0
3203.0,1178,1178,31,0,1147,1147,0,0,6,0,0.12,71.84,8.43,0.61,0,0
3204.0,1180,1180,33,0,1147,1147,0,0,8,0,0.12,71.84,8.46,0.61,0,0
3205.0,1180,1180,32,0,1148,1148,0,0,9,0,0.12,71.87,8.06,0.58,0,0
3206.0,1180,1180,31,0,1149,1149,0,0,9,0,0.12,71.91,8.08,0.58,0,1
3207.0,1180,1180,30,0,1150,1150,0,0,10,0,0.12,71.94,7.88,0.57,0,0
3208.0,1180,1180,28,0,1152,1152,0,0,11,0,0.12,71.98,7.62,0.55,0,0
3209.0,1180,1180,27,0,1153,1153,0,0,11,0,0.12,71.99,7.35,0.53,0,0
3210.0,1182,1182,28,0,1154,1154,0,0,11,0,0.12,72.01,7.55,0.54,0,0
3211.0,1182,1182,27,0,1155,1155,0,0,11,0,0.12,72.01,7.43,0.53,0,0
3212.0,1182,1182,27,0,1155,1155,0,0,11,0,0.12,72.01,7.18,0.52,0,0
3213.0,1182,1182,25,0,1157,1157,0,0,8,0,0.12,72.01,6.56,0.47,0,1
3214.0,1182,1182,24,0,1158,1158,0,0,7,0,0.12,71.99,6.37,0.46,0,0
3215.0,1182,1182,23,0,1159,1159,0,0,6,0,0.12,71.98,6.23,0.45,0,0
3216.0,1184,1184,25,0,1159,1159,0,0,4,0,0.12,71.98,7.09,0.51,0,0
3217.0,1184,1184,24,0,1160,1160,0,0,4,0,0.12,71.98,6.85,0.49,0,0
3218.0,1184,1184,24,0,1160,1160,0,0,5,0,0.12,71.98,6.96,0.50,0,0
3219.0,1184,1184,24,0,1160,1160,0,0,5,0,0.12,71.98,7.24,0.52,0,0
3220.0,1184,1184,24,0,1160,1160,0,0,5,0,0.12,71.98,7.27,0.52,0,0
3221.0,1184,1184,24,0,1160,1160,0,0,6,0,0.12,71.98,7.48,0.54,0,1
3222.0,1184,1184,24,0,1160,1160,0,0,6,0,0.12,71.98,7.56,0.54,0,0
3223.0,1184,1184,23,0,1161,1161,0,0,6,0,0.12,71.97,7.9,0.57,0,0
3224.0,1184,1184,23,0,1161,1161,0,0,6,0,0.12,71.97,8.12,0.58,0,0
3225.0,1186,1186,25,0,1161,1161,0,0,6,0,0.12,71.97,8.63,0.62,0,0
3226.0,1186,1186,24,0,1162,1162,0,0,6,0,0.12,72.00,8.66,0.62,0,0
3227.0,1186,1186,24,0,1162,1162,0,0,6,0,0.12,72.00,8.7,0.63,0,0
3228.0,1188,1188,25,0,1163,1163,0,0,6,0,0.12,71.98,8.79,0.63,0,0
3229.0,1188,1188,25,0,1163,1163,0,0,6,0,0.12,71.98,8.52,0.61,0,0
3230.0,1188,1188,25,0,1163,1163,0,0,6,0,0.12,71.98,8.46,0.61,0,0
3231.0,1188,1188,25,0,1163,1163,0,0,6,0,0.12,71.98,8.56,0.62,0,0
3232.0,1188,1188,25,0,1163,1163,0,0,6,0,0.12,71.98,8.53,0.61,0,0
3233.0,1188,1188,25,0,1163,1163,0,0,6,0,0.12,71.98,8.57,0.62,0,0
3234.0,1188,1188,25,0,1163,1163,0,0,7,0,0.12,71.98,8.6,0.62,0,0
3235.0,1188,1188,25,0,1163,1163,0,0,7,0,0.12,71.98,8.62,0.62,0,0
3236.0,1188,1188,25,0,1163,1163,0,0,8,0,0.12,71.98,8.56,0.62,0,0
3237.0,1188,1188,25,0,1163,1163,0,0,8,0,0.12,71.98,8.6,0.62,0,0
3238.0,1188,1188,23,0,1165,1165,0,0,8,0,0.12,71.99,8.15,0.59,0,0
3239.0,1188,1188,23,0,1165,1165,0,0,8,0,0.12,71.99,7.61,0.55,0,0
3240.0,1197,1195,29,2,1166,1166,0,0,7,0,0.12,72.01,8.82,0.63,0,1
3241.0,1197,1196,30,1,1166,1166,0,0,7,0,0.12,72.01,8.65,0.62,0,0
3242.0,1197,1196,29,1,1167,1167,0,0,7,0,0.12,72.01,8.61,0.62,0,0
3243.0,1197,1197,29,0,1168,1168,0,0,7,0,0.12,72.01,8.74,0.63,0,0
3244.0,1197,1197,29,0,1168,1168,0,0,7,0,0.12,72.01,8.78,0.63,0,0
3245.0,1197,1197,29,0,1168,1168,0,0,7,0,0.12,72.01,8.86,0.64,0,1
3246.0,1197,1197,28,0,1169,1169,0,0,7,0,0.12,72.01,8.54,0.61,0,0
3247.0,1197,1197,28,0,1169,1169,0,0,7,0,0.12,72.01,8.33,0.60,0,0
3248.0,1197,1197,28,0,1169,1169,0,0,9,0,0.12,72.01,8.34,0.60,0,0
3249.0,1197,1197,27,0,1170,1170,0,0,9,0,0.12,72.00,8.33,0.60,0,0
3250.0,1197,1197,27,0,1170,1170,0,0,9,0,0.12,72.00,8.26,0.59,0,0
3251.0,1197,1197,25,0,1172,1172,0,0,9,0,0.12,71.98,7.47,0.54,0,0
3252.0,1199,1199,27,0,1172,1172,0,0,9,0,0.12,71.98,7.79,0.56,0,0
3253.0,1199,1199,27,0,1172,1172,0,0,9,0,0.12,71.98,7.8,0.56,0,1
3254.0,1199,1199,27,0,1172,1172,0,0,9,0,0.12,71.98,8.07,0.58,0,0
3255.0,1201,1201,29,0,1172,1172,0,0,9,0,0.12,71.98,8.57,0.62,0,0
3256.0,1201,1201,29,0,1172,1172,0,0,9,0,0.12,71.98,8.65,0.62,0,0
3257.0,1201,1201,27,0,1174,1174,0,0,9,0,0.12,71.95,8.52,0.61,0,0
3258.0,1201,1201,27,0,1174,1174,0,0,9,0,0.12,71.95,8.61,0.62,0,0
3259.0,1201,1201,27,0,1174,1174,0,0,9,0,0.12,71.95,8.21,0.59,0,0
3260.0,1201,1201,27,0,1174,1174,0,0,9,0,0.12,71.95,7.92,0.57,0,0
3261.0,1201,1201,27,0,1174,1174,0,0,9,0,0.12,71.95,7.13,0.51,0,0
3262.0,1201,1201,27,0,1174,1174,0,0,10,0,0.12,71.95,6.3,0.45,0,0
3263.0,1201,1201,27,0,1174,1174,0,0,11,0,0.12,71.95,5.5,0.40,0,0
3264.0,1203,1203,28,0,1175,1175,0,0,13,0,0.12,71.93,5.03,0.36,0,0
3265.0,1203,1203,28,0,1175,1175,0,0,14,0,0.12,71.93,4.9,0.35,0,0
3266.0,1203,1203,28,0,1175,1175,0,0,16,0,0.12,71.93,4.97,0.36,0,0
3267.0,1203,1203,27,0,1176,1176,0,0,13,0,0.12,71.91,5.02,0.36,0,0
3268.0,1203,1203,27,0,1176,1176,0,0,11,0,0.12,71.91,5.49,0.40,0,0
3269.0,1203,1203,27,0,1176,1176,0,0,9,0,0.12,71.91,5.81,0.42,0,0
3270.0,1205,1205,28,0,1177,1177,0,0,7,0,0.12,71.95,6.61,0.48,0,0
3271.0,1205,1205,28,0,1177,1177,0,0,6,0,0.12,71.95,7.11,0.51,0,0
3272.0,1205,1205,28,0,1177,1177,0,0,5,0,0.12,71.95,7.64,0.55,0,0
3273.0,1205,1205,28,0,1177,1177,0,0,4,0,0.12,71.95,7.59,0.55,0,0
3274.0,1205,1205,28,0,1177,1177,0,0,3,0,0.12,71.95,7.59,0.55,0,0
3275.0,1205,1205,28,0,1177,1177,0,0,3,0,0.12,71.95,7.94,0.57,0,0
3276.0,1207,1207,29,0,1178,1178,0,0,3,0,0.12,71.93,8.42,0.61,0,1
3277.0,1207,1207,28,0,1179,1179,0,0,3,0,0.12,71.91,8.69,0.62,0,0
3278.0,1207,1207,28,0,1179,1179,0,0,5,0,0.12,71.91,9.03,0.65,0,0
3279.0,1207,1207,28,0,1179,1179,0,0,5,0,0.12,71.91,9.3,0.67,0,0
3280.0,1207,1207,28,0,1179,1179,0,0,5,0,0.12,71.91,9.4,0.68,0,0
3281.0,1207,1207,28,0,1179,1179,0,0,5,0,0.12,71.91,9.35,0.67,0,0
3282.0,1207,1207,28,0,1179,1179,0,0,5,0,0.12,71.91,9.56,0.69,0,0
3283.0,1207,1207,28,0,1179,1179,0,0,5,0,0.12,71.91,9.58,0.69,0,0
3284.0,1207,1207,28,0,1179,1179,0,0,5,0,0.12,71.91,9.67,0.70,0,0
3285.0,1209,1209,30,0,1179,1179,0,0,5,0,0.12,71.91,9.72,0.70,0,1
3286.0,1209,1209,30,0,1179,1179,0,0,5,0,0.12,71.91,9.72,0.70,0,0
3287.0,1209,1209,30,0,1179,1179,0,0,5,0,0.12,71.91,9.71,0.70,0,0
3288.0,1211,1211,32,0,1179,1179,0,0,5,0,0.12,71.91,9.8,0.71,0,0
3289.0,1211,1211,32,0,1179,1179,0,0,6,0,0.12,71.91,9.76,0.70,0,0
3290.0,1211,1211,30,0,1181,1181,0,0,6,0,0.12,71.88,9.55,0.69,0,0
3291.0,1211,1211,30,0,1181,1181,0,0,6,0,0.12,71.88,9.63,0.69,0,0
3292.0,1211,1211,30,0,1181,1181,0,0,6,0,0.12,71.88,9.67,0.70,0,0
3293.0,1211,1211,28,0,1183,1183,0,0,6,0,0.12,71.95,9.2,0.66,0,0
3294.0,1211,1211,28,0,1183,1183,0,0,6,0,0.12,71.95,8.99,0.65,0,1
3295.0,1211,1211,28,0,1183,1183,0,0,6,0,0.12,71.95,8.98,0.65,0,0
3296.0,1211,1211,28,0,1183,1183,0,0,7,0,0.12,71.95,8.8,0.63,0,0
3297.0,1211,1211,25,0,1186,1186,0,0,8,0,0.12,72.03,8.21,0.59,0,0
3298.0,1211,1211,25,0,1186,1186,0,0,8,0,0.12,72.03,7.96,0.57,0,0
3299.0,1211,1211,25,0,1186,1186,0,0,9,0,0.12,72.03,8.03,0.58,0,0
3300.0,1217,1216,28,1,1188,1188,0,0,9,0,0.12,72.06,8.46,0.61,0,0
3301.0,1217,1217,29,0,1188,1188,0,0,9,0,0.12,72.06,8.34,0.60,0,0
3302.0,1217,1217,27,0,1190,1190,0,0,9,0,0.12,72.07,7.89,0.57,0,0
3303.0,1217,1217,27,0,1190,1190,0,0,7,0,0.12,72.07,8.06,0.58,0,0
3304.0,1217,1217,26,0,1191,1191,0,0,5,0,0.12,72.06,8.29,0.60,0,0
3305.0,1217,1217,24,0,1193,1193,0,0,3,0,0.12,72.05,8.26,0.59,0,0
3306.0,1217,1217,23,0,1194,1194,0,0,2,0,0.12,72.03,8.29,0.60,0,0
3307.0,1217,1217,23,0,1194,1194,0,0,2,0,0.12,72.03,8.15,0.59,0,0
3308.0,1217,1217,23,0,1194,1194,0,0,2,0,0.12,72.03,8.03,0.58,0,0
3309.0,1217,1217,22,0,1195,1195,0,0,2,0,0.12,72.03,7.75,0.56,0,0
3310.0,1217,1217,22,0,1195,1195,0,0,3,0,0.12,72.03,7.92,0.57,0,0
3311.0,1217,1217,22,0,1195,1195,0,0,4,0,0.12,72.03,8.05,0.58,0,0
3312.0,1219,1219,24,0,1195,1195,0,0,4,0,0.12,72.03,8.72,0.63,0,0
3313.0,1219,1219,23,0,1196,1196,0,0,4,0,0.12,72.02,8.69,0.63,0,0
3314.0,1219,1219,23,0,1196,1196,0,0,4,0,0.12,72.02,8.85,0.64,0,0
3315.0,1221,1221,25,0,1196,1196,0,0,4,0,0.12,72.02,9.54,0.69,0,0
3316.0,1221,1221,24,0,1197,1197,0,0,4,0,0.12,72.02,9.67,0.70,0,0
3317.0,1221,1221,24,0,1197,1197,0,0,4,0,0.12,72.02,9.91,0.71,0,0
3318.0,1221,1221,24,0,1197,1197,0,0,4,0,0.12,72.02,10.08,0.73,0,0
3319.0,1221,1221,24,0,1197,1197,0,0,4,0,0.12,72.02,10.25,0.74,0,1
3320.0,1221,1221,24,0,1197,1197,0,0,4,0,0.12,72.02,10.17,0.73,0,0
3321.0,1221,1221,24,0,1197,1197,0,0,4,0,0.12,72.02,10.02,0.72,0,0
3322.0,1221,1221,24,0,1197,1197,0,0,4,0,0.12,72.02,9.42,0.68,0,0
3323.0,1221,1221,24,0,1197,1197,0,0,4,0,0.12,72.02,8.83,0.64,0,0
3324.0,1223,1223,26,0,1197,1197,0,0,5,0,0.12,72.02,8.73,0.63,0,0
3325.0,1223,1223,26,0,1197,1197,0,0,7,0,0.12,72.02,8.54,0.61,0,0
3326.0,1223,1223,26,0,1197,1197,0,0,7,0,0.12,72.02,8.19,0.59,0,0
3327.0,1223,1223,26,0,1197,1197,0,0,8,0,0.12,72.02,8.17,0.59,0,0
3328.0,1223,1223,24,0,1199,1199,0,0,8,0,0.12,72.05,7.89,0.57,0,1
3329.0,1223,1223,23,0,1200,1200,0,0,8,0,0.12,72.05,7.7,0.55,0,0
3330.0,1228,1227,27,1,1200,1200,0,0,8,0,0.12,72.05,8.59,0.62,0,0
3331.0,1228,1227,26,1,1201,1201,0,0,8,0,0.12,72.06,8.5,0.61,0,0
3332.0,1228,1228,27,0,1201,1201,0,0,8,0,0.12,72.06,8.62,0.62,0,0
3333.0,1228,1228,27,0,1201,1201,0,0,8,0,0.12,72.06,8.44,0.61,0,0
3334.0,1228,1228,27,0,1201,1201,0,0,8,0,0.12,72.06,8.15,0.59,0,0
3335.0,1228,1228,26,0,1202,1202,0,0,8,0,0.12,72.06,7.39,0.53,0,0
3336.0,1230,1230,27,0,1203,1203,0,0,8,0,0.12,72.06,7.38,0.53,0,1
3337.0,1230,1230,27,0,1203,1203,0,0,8,0,0.12,72.06,7.05,0.51,0,0
3338.0,1230,1230,26,0,1204,1204,0,0,8,0,0.12,72.05,7.01,0.50,0,0
3339.0,1230,1230,25,0,1205,1205,0,0,10,0,0.12,72.03,7.03,0.51,0,0
3340.0,1230,1230,25,0,1205,1205,0,0,10,0,0.12,72.03,7.17,0.52,0,0
3341.0,1230,1230,25,0,1205,1205,0,0,10,0,0.12,72.03,7.36,0.53,0,0
3342.0,1230,1230,24,0,1206,1206,0,0,10,0,0.12,72.03,7.23,0.52,0,0
3343.0,1230,1230,24,0,1206,1206,0,0,10,0,0.12,72.03,7.42,0.53,0,1
3344.0,1230,1230,23,0,1207,1207,0,0,10,0,0.12,72.01,7.06,0.51,0,0
3345.0,1232,1232,25,0,1207,1207,0,0,10,0,0.12,72.01,7.64,0.55,0,0
3346.0,1232,1232,25,0,1207,1207,0,0,10,0,0.12,72.01,7.4,0.53,0,0
3347.0,1232,1232,25,0,1207,1207,0,0,10,0,0.12,72.01,7.11,0.51,0,0
3348.0,1234,1234,26,0,1208,1208,0,0,10,0,0.12,71.99,7.15,0.51,0,0
3349.0,1234,1234,26,0,1208,1208,0,0,10,0,0.12,71.99,6.94,0.50,0,0
3350.0,1234,1234,26,0,1208,1208,0,0,10,0,0.12,71.99,6.76,0.49,0,0
3351.0,1234,1234,26,0,1208,1208,0,0,10,0,0.12,71.99,6.49,0.47,0,1
3352.0,1234,1234,26,0,1208,1208,0,0,10,0,0.12,71.99,5.96,0.43,0,0
3353.0,1234,1234,26,0,1208,1208,0,0,10,0,0.12,71.99,5.46,0.39,0,0
3354.0,1234,1234,26,0,1208,1208,0,0,11,0,0.12,71.99,5.3,0.38,0,0
3355.0,1234,1234,26,0,1208,1208,0,0,13,0,0.12,71.99,5.45,0.39,0,0
3356.0,1234,1234,26,0,1208,1208,0,0,14,0,0.12,71.99,5.55,0.40,0,0
3357.0,1234,1234,25,0,1209,1209,0,0,11,0,0.12,71.98,5.65,0.41,0,0
3358.0,1234,1234,25,0,1209,1209,0,0,9,0,0.12,71.98,5.96,0.43,0,0
3359.0,1234,1234,25,0,1209,1209,0,0,7,0,0.12,71.98,6.06,0.44,0,0
3360.0,1240,1239,29,1,1210,1210,0,0,5,0,0.12,71.96,7.36,0.53,0,1
3361.0,1240,1240,29,0,1211,1211,0,0,4,0,0.12,71.94,7.44,0.54,0,0
3362.0,1240,1240,29,0,1211,1211,0,0,4,0,0.12,71.94,7.85,0.56,0,0
3363.0,1240,1240,29,0,1211,1211,0,0,4,0,0.12,71.94,8.22,0.59,0,0
3364.0,1240,1240,29,0,1211,1211,0,0,4,0,0.12,71.94,8.61,0.62,0,0
3365.0,1240,1240,29,0,1211,1211,0,0,4,0,0.12,71.94,8.78,0.63,0,0
3366.0,1240,1240,29,0,1211,1211,0,0,4,0,0.12,71.94,9.06,0.65,0,1
3367.0,1240,1240,29,0,1211,1211,0,0,4,0,0.12,71.94,9.29,0.67,0,0
3368.0,1240,1240,29,0,1211,1211,0,0,4,0,0.12,71.94,9.59,0.69,0,0
3369.0,1240,1240,29,0,1211,1211,0,0,4,0,0.12,71.94,9.96,0.72,0,0
3370.0,1240,1240,29,0,1211,1211,0,0,4,0,0.12,71.94,10.34,0.74,0,0
3371.0,1240,1240,29,0,1211,1211,0,0,4,0,0.12,71.94,10.16,0.73,0,0
3372.0,1242,1242,31,0,1211,1211,0,0,4,0,0.12,71.94,10.05,0.72,0,0
3373.0,1242,1242,30,0,1212,1212,0,0,4,0,0.12,71.92,9.94,0.72,0,1
3374.0,1242,1242,30,0,1212,1212,0,0,5,0,0.12,71.92,9.88,0.71,0,0
3375.0,1244,1244,32,0,1212,1212,0,0,6,0,0.12,71.92,10.03,0.72,0,0
3376.0,1244,1244,32,0,1212,1212,0,0,6,0,0.12,71.92,10.07,0.72,0,0
3377.0,1244,1244,32,0,1212,1212,0,0,6,0,0.12,71.92,10.34,0.74,0,0
3378.0,1244,1244,30,0,1214,1214,0,0,6,0,0.12,71.89,10.06,0.72,0,0
3379.0,1244,1244,30,0,1214,1214,0,0,6,0,0.12,71.89,10.07,0.72,0,0
3380.0,1244,1244,30,0,1214,1214,0,0,6,0,0.12,71.89,9.9,0.71,0,0
3381.0,1244,1244,30,0,1214,1214,0,0,5,0,0.12,71.89,9.4,0.68,0,1
3382.0,1244,1244,30,0,1214,1214,0,0,5,0,0.12,71.89,9.04,0.65,0,0
3383.0,1244,1244,30,0,1214,1214,0,0,6,0,0.12,71.89,8.76,0.63,0,0
3384.0,1246,1246,31,0,1215,1215,0,0,7,0,0.12,71.92,8.73,0.63,0,0
3385.0,1246,1246,29,0,1217,1217,0,0,7,0,0.12,71.98,8.19,0.59,0,0
3386.0,1246,1246,28,0,1218,1218,0,0,8,0,0.12,72.00,8.09,0.58,0,0
3387.0,1246,1246,27,0,1219,1219,0,0,9,0,0.12,72.02,7.84,0.56,0,0
3388.0,1246,1246,27,0,1219,1219,0,0,9,0,0.12,72.02,7.91,0.57,0,1
3389.0,1246,1246,25,0,1221,1221,0,0,9,0,0.12,72.03,7.58,0.55,0,0
3390.0,1248,1248,27,0,1221,1221,0,0,10,0,0.12,72.03,8.02,0.58,0,0
3391.0,1248,1248,27,0,1221,1221,0,0,10,0,0.12,72.03,7.84,0.56,0,0
3392.0,1248,1248,25,0,1223,1223,0,0,10,0,0.12,72.05,7.22,0.52,0,0
3393.0,1248,1248,25,0,1223,1223,0,0,7,0,0.12,72.05,7.18,0.52,0,0
3394.0,1248,1248,24,0,1224,1224,0,0,6,0,0.12,72.05,6.95,0.50,0,0
3395.0,1248,1248,23,0,1225,1225,0,0,5,0,0.12,72.04,7.11,0.51,0,0
3396.0,1250,1250,24,0,1226,1226,0,0,3,0,0.12,72.02,7.86,0.57,0,0
3397.0,1250,1250,23,0,1227,1227,0,0,3,0,0.12,72.02,7.67,0.55,0,0
3398.0,1250,1250,23,0,1227,1227,0,0,3,0,0.12,72.02,7.82,0.56,0,0
3399.0,1250,1250,23,0,1227,1227,0,0,4,0,0.12,72.02,7.86,0.57,0,0
3400.0,1250,1250,22,0,1228,1228,0,0,4,0,0.12,72.00,7.7,0.55,0,0
3401.0,1250,1250,22,0,1228,1228,0,0,4,0,0.12,72.00,7.8,0.56,0,0
3402.0,1250,1250,22,0,1228,1228,0,0,4,0,0.12,72.00,8.01,0.58,0,0
3403.0,1250,1250,22,0,1228,1228,0,0,4,0,0.12,72.00,8.38,0.60,0,0
3404.0,1250,1250,22,0,1228,1228,0,0,4,0,0.12,72.00,8.41,0.61,0,0
3405.0,1252,1252,24,0,1228,1228,0,0,5,0,0.12,72.00,8.83,0.63,0,0
3406.0,1252,1252,23,0,1229,1229,0,0,5,0,0.12,72.03,8.61,0.62,0,0
3407.0,1252,1252,23,0,1229,1229,0,0,5,0,0.12,72.03,8.65,0.62,0,0
3408.0,1254,1254,25,0,1229,1229,0,0,5,0,0.12,72.03,9.26,0.67,0,0
3409.0,1254,1254,24,0,1230,1230,0,0,5,0,0.12,72.01,9.07,0.65,0,0
3410.0,1254,1254,24,0,1230,1230,0,0,5,0,0.12,72.01,8.92,0.64,0,0
3411.0,1254,1254,24,0,1230,1230,0,0,5,0,0.12,72.01,8.89,0.64,0,0
3412.0,1254,1254,24,0,1230,1230,0,0,5,0,0.12,72.01,8.72,0.63,0,0
3413.0,1254,1254,24,0,1230,1230,0,0,7,0,0.12,72.01,8.87,0.64,0,0
3414.0,1254,1254,24,0,1230,1230,0,0,7,0,0.12,72.01,8.92,0.64,0,0
3415.0,1254,1254,24,0,1230,1230,0,0,7,0,0.12,72.01,9.12,0.66,0,0
3416.0,1254,1254,24,0,1230,1230,0,0,7,0,0.12,72.01,9.2,0.66,0,0
3417.0,1254,1254,24,0,1230,1230,0,0,7,0,0.12,72.01,8.88,0.64,0,0
3418.0,1254,1254,22,0,1232,1232,0,0,7,0,0.12,72.03,8.04,0.58,0,0
3419.0,1254,1254,22,0,1232,1232,0,0,7,0,0.12,72.03,7.95,0.57,0,0
3420.0,1263,1261,29,2,1232,1232,0,0,7,0,0.12,72.03,9.09,0.65,0,0
3421.0,1263,1262,30,1,1232,1232,0,0,7,0,0.12,72.03,9.04,0.65,0,1
3422.0,1263,1262,29,1,1233,1233,0,0,7,0,0.12,72.04,9.18,0.66,0,0
3423.0,1263,1263,30,0,1233,1233,0,0,7,0,0.12,72.04,9.31,0.67,0,0
3424.0,1263,1263,28,0,1235,1235,0,0,7,0,0.12,72.05,9.02,0.65,0,0
3425.0,1263,1263,28,0,1235,1235,0,0,7,0,0.12,72.05,8.84,0.64,0,0
3426.0,1263,1263,26,0,1237,1237,0,0,7,0,0.12,72.04,8.43,0.61,0,0
3427.0,1263,1263,26,0,1237,1237,0,0,7,0,0.12,72.04,8.29,0.60,0,0
3428.0,1263,1263,26,0,1237,1237,0,0,9,0,0.12,72.04,8.34,0.60,0,0
3429.0,1263,1263,25,0,1238,1238,0,0,9,0,0.12,72.03,7.92,0.57,0,1
3430.0,1263,1263,24,0,1239,1239,0,0,9,0,0.12,72.02,7.67,0.55,0,0
3431.0,1263,1263,24,0,1239,1239,0,0,9,0,0.12,72.02,7.52,0.54,0,0
3432.0,1265,1265,26,0,1239,1239,0,0,9,0,0.12,72.02,7.97,0.57,0,0
3433.0,1265,1265,26,0,1239,1239,0,0,9,0,0.12,72.02,7.84,0.56,0,0
3434.0,1265,1265,24,0,1241,1241,0,0,9,0,0.12,71.98,7.29,0.52,0,0
3435.0,1267,1267,26,0,1241,1241,0,0,9,0,0.12,71.98,7.77,0.56,0,0
3436.0,1267,1267,26,0,1241,1241,0,0,9,0,0.12,71.98,7.85,0.57,0,0
3437.0,1267,1267,26,0,1241,1241,0,0,9,0,0.12,71.98,7.98,0.57,0,1
3438.0,1267,1267,26,0,1241,1241,0,0,9,0,0.12,71.98,8.0,0.58,0,0
3439.0,1267,1267,26,0,1241,1241,0,0,9,0,0.12,71.98,7.82,0.56,0,0
3440.0,1267,1267,26,0,1241,1241,0,0,9,0,0.12,71.98,7.6,0.55,0,0
3441.0,1267,1267,26,0,1241,1241,0,0,10,0,0.12,71.98,6.99,0.50,0,0
3442.0,1267,1267,26,0,1241,1241,0,0,10,0,0.12,71.98,6.33,0.46,0,0
3443.0,1267,1267,26,0,1241,1241,0,0,10,0,0.12,71.98,5.54,0.40,0,0
3444.0,1269,1269,27,0,1242,1242,0,0,11,0,0.12,71.96,5.19,0.37,0,0
3445.0,1269,1269,26,0,1243,1243,0,0,12,0,0.12,71.94,4.57,0.33,0,0
3446.0,1269,1269,26,0,1243,1243,0,0,14,0,0.12,71.94,4.45,0.32,0,0
3447.0,1269,1269,26,0,1243,1243,0,0,12,0,0.12,71.94,4.82,0.35,0,0
3448.0,1269,1269,26,0,1243,1243,0,0,10,0,0.12,71.94,5.08,0.37,0,0
3449.0,1269,1269,26,0,1243,1243,0,0,9,0,0.12,71.94,5.67,0.41,0,0
3450.0,1271,1271,28,0,1243,1243,0,0,7,0,0.12,71.94,6.6,0.47,0,0
3451.0,1271,1271,28,0,1243,1243,0,0,5,0,0.12,71.94,7.06,0.51,0,0
3452.0,1271,1271,28,0,1243,1243,0,0,5,0,0.12,71.94,7.33,0.53,0,0
3453.0,1271,1271,28,0,1243,1243,0,0,4,0,0.12,71.94,7.66,0.55,0,0
3454.0,1271,1271,28,0,1243,1243,0,0,3,0,0.12,71.94,7.91,0.57,0,1
3455.0,1271,1271,28,0,1243,1243,0,0,3,0,0.12,71.94,8.21,0.59,0,0
3456.0,1273,1273,30,0,1243,1243,0,0,3,0,0.12,71.94,8.89,0.64,0,0
3457.0,1273,1273,29,0,1244,1244,0,0,4,0,0.12,71.93,9.05,0.65,0,0
3458.0,1273,1273,29,0,1244,1244,0,0,4,0,0.12,71.93,9.29,0.67,0,0
3459.0,1273,1273,29,0,1244,1244,0,0,5,0,0.12,71.93,9.54,0.69,0,0
3460.0,1273,1273,29,0,1244,1244,0,0,5,0,0.12,71.93,9.7,0.70,0,0
3461.0,1273,1273,29,0,1244,1244,0,0,5,0,0.12,71.93,9.51,0.68,0,0
3462.0,1273,1273,28,0,1245,1245,0,0,5,0,0.12,71.91,9.59,0.69,0,0
3463.0,1273,1273,28,0,1245,1245,0,0,5,0,0.12,71.91,9.59,0.69,0,0
3464.0,1273,1273,28,0,1245,1245,0,0,5,0,0.12,71.91,9.62,0.69,0,0
3465.0,1275,1275,30,0,1245,1245,0,0,5,0,0.12,71.91,9.82,0.71,0,0
3466.0,1275,1275,30,0,1245,1245,0,0,5,0,0.12,71.91,9.7,0.70,0,0
3467.0,1275,1275,30,0,1245,1245,0,0,5,0,0.12,71.91,9.57,0.69,0,0
3468.0,1277,1277,31,0,1246,1246,0,0,6,0,0.12,71.89,9.5,0.68,0,0
3469.0,1277,1277,31,0,1246,1246,0,0,7,0,0.12,71.89,9.56,0.69,0,0
3470.0,1277,1277,30,0,1247,1247,0,0,7,0,0.12,71.87,9.48,0.68,0,0
3471.0,1277,1277,30,0,1247,1247,0,0,6,0,0.12,71.87,9.45,0.68,0,0
3472.0,1277,1277,30,0,1247,1247,0,0,6,0,0.12,71.87,9.32,0.67,0,0
3473.0,1277,1277,30,0,1247,1247,0,0,6,0,0.12,71.87,9.12,0.66,0,0
3474.0,1277,1277,29,0,1248,1248,0,0,6,0,0.12,71.91,8.72,0.63,0,0
3475.0,1277,1277,27,0,1250,1250,0,0,6,0,0.12,71.98,8.39,0.60,0,0
3476.0,1277,1277,26,0,1251,1251,0,0,8,0,0.12,72.00,8.09,0.58,0,0
3477.0,1277,1277,26,0,1251,1251,0,0,8,0,0.12,72.00,7.84,0.56,0,0
3478.0,1277,1277,25,0,1252,1252,0,0,8,0,0.12,72.01,7.38,0.53,0,0
3479.0,1277,1277,24,0,1253,1253,0,0,9,0,0.12,72.01,7.06,0.51,0,0
3480.0,1283,1282,29,1,1253,1253,0,0,10,0,0.12,72.01,7.93,0.57,0,1
3481.0,1283,1283,30,0,1253,1253,0,0,10,0,0.12,72.01,7.8,0.56,0,0
3482.0,1283,1283,29,0,1254,1254,0,0,10,0,0.12,72.04,7.77,0.56,0,0
3483.0,1283,1283,27,0,1256,1256,0,0,7,0,0.12,72.05,7.85,0.56,0,0
3484.0,1283,1283,27,0,1256,1256,0,0,5,0,0.12,72.05,7.98,0.57,0,0
3485.0,1283,1283,26,0,1257,1257,0,0,3,0,0.12,72.06,8.11,0.58,0,0
3486.0,1283,1283,25,0,1258,1258,0,0,2,0,0.12,72.05,8.14,0.59,0,0
3487.0,1283,1283,24,0,1259,1259,0,0,2,0,0.12,72.05,8.04,0.58,0,1
3488.0,1283,1283,24,0,1259,1259,0,0,2,0,0.12,72.05,7.76,0.56,0,0
3489.0,1283,1283,22,0,1261,1261,0,0,2,0,0.12,72.03,7.67,0.55,0,0
3490.0,1283,1283,22,0,1261,1261,0,0,3,0,0.12,72.03,7.99,0.58,0,0
3491.0,1283,1283,22,0,1261,1261,0,0,4,0,0.12,72.03,7.86,0.57,0,0
3492.0,1285,1285,23,0,1262,1262,0,0,4,0,0.12,72.02,8.32,0.60,0,0
3493.0,1285,1285,23,0,1262,1262,0,0,4,0,0.12,72.02,8.66,0.62,0,0
3494.0,1285,1285,23,0,1262,1262,0,0,4,0,0.12,72.02,8.72,0.63,0,0
3495.0,1287,1287,25,0,1262,1262,0,0,4,0,0.12,72.02,9.04,0.65,0,0
3496.0,1287,1287,25,0,1262,1262,0,0,4,0,0.12,72.02,9.16,0.66,0,0
3497.0,1287,1287,25,0,1262,1262,0,0,4,0,0.12,72.02,9.24,0.67,0,0
3498.0,1287,1287,24,0,1263,1263,0,0,4,0,0.12,72.02,9.32,0.67,0,0
3499.0,1287,1287,24,0,1263,1263,0,0,4,0,0.12,72.02,9.57,0.69,0,0
3500.0,1287,1287,24,0,1263,1263,0,0,4,0,0.12,72.02,9.5,0.68,0,0
3501.0,1287,1287,24,0,1263,1263,0,0,4,0,0.12,72.02,9.37,0.67,0,0
3502.0,1287,1287,24,0,1263,1263,0,0,4,0,0.12,72.02,8.86,0.64,0,0
3503.0,1287,1287,24,0,1263,1263,0,0,4,0,0.12,72.02,8.46,0.61,0,0
3504.0,1289,1289,26,0,1263,1263,0,0,6,0,0.12,72.02,8.71,0.63,0,1
3505.0,1289,1289,26,0,1263,1263,0,0,6,0,0.12,72.02,8.63,0.62,0,0
3506.0,1289,1289,26,0,1263,1263,0,0,7,0,0.12,72.02,8.63,0.62,0,0
3507.0,1289,1289,26,0,1263,1263,0,0,7,0,0.12,72.02,8.42,0.61,0,0
3508.0,1289,1289,26,0,1263,1263,0,0,7,0,0.12,72.02,8.05,0.58,0,0
3509.0,1289,1289,24,0,1265,1265,0,0,7,0,0.12,72.04,7.5,0.54,0,0
3510.0,1294,1293,28,1,1265,1265,0,0,8,0,0.12,72.04,8.33,0.60,0,0
3511.0,1294,1293,27,1,1266,1266,0,0,8,0,0.12,72.05,8.35,0.60,0,0
3512.0,1294,1294,28,0,1266,1266,0,0,8,0,0.12,72.05,8.48,0.61,0,1
3513.0,1294,1294,26,0,1268,1268,0,0,8,0,0.12,72.06,8.12,0.58,0,0
3514.0,1294,1294,26,0,1268,1268,0,0,8,0,0.12,72.06,8.03,0.58,0,0
3515.0,1294,1294,26,0,1268,1268,0,0,8,0,0.12,72.06,7.75,0.56,0,0
3516.0,1296,1296,27,0,1269,1269,0,0,8,0,0.12,72.05,7.79,0.56,0,0
3517.0,1296,1296,26,0,1270,1270,0,0,8,0,0.12,72.05,7.39,0.53,0,0
3518.0,1296,1296,26,0,1270,1270,0,0,9,0,0.12,72.05,7.02,0.51,0,0
3519.0,1296,1296,25,0,1271,1271,0,0,9,0,0.12,72.04,6.64,0.48,0,0
3520.0,1296,1296,25,0,1271,1271,0,0,9,0,0.12,72.04,6.8,0.49,0,0
3521.0,1296,1296,25,0,1271,1271,0,0,10,0,0.12,72.04,6.87,0.49,0,0
3522.0,1296,1296,25,0,1271,1271,0,0,10,0,0.12,72.04,7.0,0.50,0,0
3523.0,1296,1296,25,0,1271,1271,0,0,10,0,0.12,72.04,7.07,0.51,0,0
3524.0,1296,1296,24,0,1272,1272,0,0,10,0,0.12,72.03,6.92,0.50,0,0
3525.0,1298,1298,26,0,1272,1272,0,0,10,0,0.12,72.03,7.37,0.53,0,1
3526.0,1298,1298,25,0,1273,1273,0,0,10,0,0.12,72.02,7.1,0.51,0,0
3527.0,1298,1298,25,0,1273,1273,0,0,10,0,0.12,72.02,6.95,0.50,0,0
3528.0,1300,1300,27,0,1273,1273,0,0,10,0,0.12,72.02,7.47,0.54,0,0
3529.0,1300,1300,27,0,1273,1273,0,0,10,0,0.12,72.02,7.5,0.54,0,0
3530.0,1300,1300,27,0,1273,1273,0,0,10,0,0.12,72.02,7.28,0.52,0,0
3531.0,1300,1300,27,0,1273,1273,0,0,10,0,0.12,72.02,6.9,0.50,0,0
3532.0,1300,1300,27,0,1273,1273,0,0,11,0,0.12,72.02,6.23,0.45,0,0
3533.0,1300,1300,26,0,1274,1274,0,0,12,0,0.12,72.00,5.66,0.41,0,1
3534.0,1300,1300,26,0,1274,1274,0,0,12,0,0.12,72.00,5.35,0.38,0,0
3535.0,1300,1300,26,0,1274,1274,0,0,12,0,0.12,72.00,5.21,0.37,0,0
3536.0,1300,1300,26,0,1274,1274,0,0,13,0,0.12,72.00,5.29,0.38,0,0
3537.0,1300,1300,26,0,1274,1274,0,0,11,0,0.12,72.00,5.29,0.38,0,0
3538.0,1300,1300,26,0,1274,1274,0,0,9,0,0.12,72.00,5.35,0.38,0,0
3539.0,1300,1300,25,0,1275,1275,0,0,7,0,0.12,71.99,5.34,0.38,0,0
3540.0,1306,1305,30,1,1275,1275,0,0,6,0,0.12,71.99,6.82,0.49,0,1
3541.0,1306,1306,30,0,1276,1276,0,0,5,0,0.12,71.98,7.15,0.51,0,0
3542.0,1306,1306,30,0,1276,1276,0,0,5,0,0.12,71.98,7.6,0.55,0,0
3543.0,1306,1306,30,0,1276,1276,0,0,4,0,0.12,71.98,8.28,0.60,0,1
3544.0,1306,1306,30,0,1276,1276,0,0,4,0,0.12,71.98,8.71,0.63,0,0
3545.0,1306,1306,30,0,1276,1276,0,0,4,0,0.12,71.98,9.07,0.65,0,0
3546.0,1306,1306,30,0,1276,1276,0,0,4,0,0.12,71.98,9.27,0.67,0,0
3547.0,1306,1306,30,0,1276,1276,0,0,4,0,0.12,71.98,9.56,0.69,0,0
3548.0,1306,1306,30,0,1276,1276,0,0,4,0,0.12,71.98,9.73,0.70,0,0
3549.0,1306,1306,29,0,1277,1277,0,0,4,0,0.12,71.96,9.73,0.70,0,0
3550.0,1306,1306,29,0,1277,1277,0,0,4,0,0.12,71.96,9.59,0.69,0,0
3551.0,1306,1306,28,0,1278,1278,0,0,4,0,0.12,71.95,9.27,0.67,0,1
3552.0,1308,1308,30,0,1278,1278,0,0,5,0,0.12,71.95,9.57,0.69,0,0
3553.0,1308,1308,30,0,1278,1278,0,0,6,0,0.12,71.95,9.63,0.69,0,0
3554.0,1308,1308,30,0,1278,1278,0,0,6,0,0.12,71.95,9.76,0.70,0,0
3555.0,1310,1310,32,0,1278,1278,0,0,6,0,0.12,71.95,9.95,0.72,0,0
3556.0,1310,1310,32,0,1278,1278,0,0,6,0,0.12,71.95,9.89,0.71,0,0
3557.0,1310,1310,32,0,1278,1278,0,0,6,0,0.12,71.95,10.04,0.72,0,0
3558.0,1310,1310,32,0,1278,1278,0,0,6,0,0.12,71.95,10.19,0.73,0,0
3559.0,1310,1310,32,0,1278,1278,0,0,6,0,0.12,71.95,10.18,0.73,0,0
3560.0,1310,1310,32,0,1278,1278,0,0,6,0,0.12,71.95,10.11,0.73,0,0
3561.0,1310,1310,31,0,1279,1279,0,0,5,0,0.12,71.93,9.81,0.71,0,0
3562.0,1310,1310,31,0,1279,1279,0,0,5,0,0.12,71.93,9.35,0.67,0,0
3563.0,1310,1310,30,0,1280,1280,0,0,5,0,0.12,71.96,8.58,0.62,0,0
3564.0,1312,1312,31,0,1281,1281,0,0,6,0,0.12,71.95,8.42,0.61,0,0
3565.0,1312,1312,29,0,1283,1283,0,0,7,0,0.12,72.01,8.05,0.58,0,0
3566.0,1312,1312,29,0,1283,1283,0,0,9,0,0.12,72.01,8.04,0.58,0,0
3567.0,1312,1312,27,0,1285,1285,0,0,10,0,0.12,72.04,7.65,0.55,0,0
3568.0,1312,1312,27,0,1285,1285,0,0,10,0,0.12,72.04,7.66,0.55,0,0
3569.0,1312,1312,25,0,1287,1287,0,0,10,0,0.12,72.07,7.47,0.54,0,0
3570.0,1314,1314,27,0,1287,1287,0,0,10,0,0.12,72.07,7.9,0.57,0,0
3571.0,1314,1314,26,0,1288,1288,0,0,10,0,0.12,72.07,7.44,0.54,0,0
3572.0,1314,1314,25,0,1289,1289,0,0,10,0,0.12,72.07,7.04,0.51,0,1
3573.0,1314,1314,24,0,1290,1290,0,0,7,0,0.12,72.07,7.1,0.51,0,0
3574.0,1314,1314,24,0,1290,1290,0,0,5,0,0.12,72.07,7.23,0.52,0,0
3575.0,1314,1314,23,0,1291,1291,0,0,4,0,0.12,72.05,7.39,0.53,0,0
3576.0,1316,1316,24,0,1292,1292,0,0,3,0,0.12,72.05,7.65,0.55,0,0
3577.0,1316,1316,24,0,1292,1292,0,0,3,0,0.12,72.05,7.76,0.56,0,0
3578.0,1316,1316,23,0,1293,1293,0,0,3,0,0.12,72.04,7.35,0.53,0,0
3579.0,1316,1316,23,0,1293,1293,0,0,4,0,0.12,72.04,7.62,0.55,0,1
3580.0,1316,1316,23,0,1293,1293,0,0,4,0,0.12,72.04,7.69,0.55,0,0
3581.0,1316,1316,23,0,1293,1293,0,0,4,0,0.12,72.04,7.68,0.55,0,0
3582.0,1316,1316,23,0,1293,1293,0,0,5,0,0.12,72.04,7.84,0.56,0,0
3583.0,1316,1316,22,0,1294,1294,0,0,5,0,0.12,72.03,7.98,0.57,0,0
3584.0,1316,1316,22,0,1294,1294,0,0,5,0,0.12,72.03,8.07,0.58,0,0
3585.0,1318,1318,24,0,1294,1294,0,0,5,0,0.12,72.03,8.44,0.61,0,0
3586.0,1318,1318,24,0,1294,1294,0,0,5,0,0.12,72.03,8.43,0.61,0,0
3587.0,1318,1318,24,0,1294,1294,0,0,5,0,0.12,72.03,8.43,0.61,0,0
3588.0,1320,1320,26,0,1294,1294,0,0,5,0,0.12,72.03,9.14,0.66,0,1
3589.0,1320,1320,26,0,1294,1294,0,0,5,0,0.12,72.03,9.22,0.66,0,0
3590.0,1320,1320,26,0,1294,1294,0,0,5,0,0.12,72.03,9.31,0.67,0,0
3591.0,1320,1320,25,0,1295,1295,0,0,5,0,0.12,72.06,8.97,0.65,0,0
3592.0,1320,1320,25,0,1295,1295,0,0,5,0,0.12,72.06,8.91,0.64,0,0
3593.0,1320,1320,24,0,1296,1296,0,0,6,0,0.12,72.05,8.66,0.62,0,0
3594.0,1320,1320,24,0,1296,1296,0,0,7,0,0.12,72.05,8.9,0.64,0,0
3595.0,1320,1320,24,0,1296,1296,0,0,7,0,0.12,72.05,9.02,0.65,0,0
3596.0,1320,1320,24,0,1296,1296,0,0,7,0,0.12,72.05,9.07,0.65,0,0
3597.0,1320,1320,24,0,1296,1296,0,0,7,0,0.12,72.05,9.1,0.65,0,0
3598.0,1320,1320,21,0,1299,1299,0,0,7,0,0.12,72.07,8.41,0.60,0,1
3599.0,1320,1320,21,0,1299,1299,0,0,7,0,0.12,72.07,8.41,0.61,0,0
