time,loaded,inserted,running,waiting,ended,arrived,collisions,teleports,halting,stopped,meanWaitingTime,meanTravelTime,meanSpeed,meanSpeedRelative,discarded,duration
0.0,2,1,1,0,0,0,0,0,1,0,0.00,-1.00,0.0,0.00,0,0
1.0,2,1,1,0,0,0,0,0,0,0,0.00,-1.00,2.45,0.29,0,0
2.0,2,1,1,0,0,0,0,0,0,0,0.00,-1.00,4.17,0.50,0,0
3.0,2,1,1,0,0,0,0,0,0,0,0.00,-1.00,6.23,0.75,0,0
4.0,53,2,2,0,0,0,0,0,1,0,0.00,-1.00,4.03,0.48,0,3
5.0,53,2,2,0,0,0,0,0,0,0,0.00,-1.00,5.11,0.58,0,0
6.0,53,2,2,0,0,0,0,0,0,0,0.00,-1.00,6.1,0.65,0,0
7.0,53,2,2,0,0,0,0,0,0,0,0.00,-1.00,7.24,0.72,0,0
8.0,53,3,3,0,0,0,0,0,1,0,0.00,-1.00,5.38,0.52,0,0
9.0,53,3,3,0,0,0,0,0,0,0,0.00,-1.00,6.78,0.62,0,0
10.0,53,3,3,0,0,0,0,0,0,0,0.00,-1.00,8.01,0.72,0,0
11.0,53,3,3,0,0,0,0,0,0,0,0.00,-1.00,9.47,0.82,0,0
12.0,53,4,4,0,0,0,0,0,1,0,0.00,-1.00,7.83,0.67,0,0
13.0,53,4,4,0,0,0,0,0,0,0,0.00,-1.00,8.69,0.74,0,0
14.0,53,4,4,0,0,0,0,0,0,0,0.00,-1.00,8.89,0.75,0,0
15.0,53,4,4,0,0,0,0,0,0,0,0.00,-1.00,8.86,0.75,0,0
16.0,53,5,5,0,0,0,0,0,1,0,0.00,-1.00,7.57,0.63,0,0
17.0,53,5,5,0,0,0,0,0,0,0,0.00,-1.00,8.12,0.66,0,0
18.0,53,5,5,0,0,0,0,0,0,0,0.00,-1.00,9.29,0.76,0,0
19.0,53,5,5,0,0,0,0,0,0,0,0.00,-1.00,10.14,0.81,0,0
20.0,53,6,6,0,0,0,0,0,1,0,0.00,-1.00,9.04,0.72,0,0
21.0,53,6,6,0,0,0,0,0,0,0,0.00,-1.00,10.25,0.81,0,0
22.0,53,6,6,0,0,0,0,0,0,0,0.00,-1.00,11.13,0.87,0,0
23.0,53,6,6,0,0,0,0,0,0,0,0.00,-1.00,11.23,0.88,0,0
24.0,53,7,7,0,0,0,0,0,1,0,0.00,-1.00,8.99,0.71,0,0
25.0,53,7,7,0,0,0,0,0,0,0,0.00,-1.00,7.76,0.64,0,0
26.0,53,7,7,0,0,0,0,0,0,0,0.00,-1.00,7.6,0.64,0,0
27.0,53,7,7,0,0,0,0,0,0,0,0.00,-1.00,7.34,0.68,0,1
28.0,53,8,8,0,0,0,0,0,1,0,0.00,-1.00,6.91,0.65,0,0
29.0,53,8,8,0,0,0,0,0,0,0,0.00,-1.00,7.61,0.70,0,0
30.0,53,8,8,0,0,0,0,0,0,0,0.00,-1.00,7.92,0.73,0,0
31.0,53,8,8,0,0,0,0,0,0,0,0.00,-1.00,7.55,0.69,0,0
32.0,53,9,9,0,0,0,0,0,1,0,0.00,-1.00,7.02,0.64,0,0
33.0,53,9,9,0,0,0,0,0,1,0,0.00,-1.00,7.33,0.64,0,0
34.0,53,9,9,0,0,0,0,0,1,0,0.00,-1.00,7.65,0.66,0,0
35.0,53,9,9,0,0,0,0,0,1,0,0.00,-1.00,8.23,0.71,0,0
36.0,53,10,10,0,0,0,0,0,2,0,0.00,-1.00,7.81,0.67,0,0
37.0,53,10,10,0,0,0,0,0,1,0,0.00,-1.00,8.23,0.71,0,0
38.0,53,10,10,0,0,0,0,0,1,0,0.00,-1.00,7.72,0.67,0,0
39.0,53,10,10,0,0,0,0,0,1,0,0.00,-1.00,7.58,0.66,0,0
40.0,53,11,11,0,0,0,0,0,2,0,0.00,-1.00,7.36,0.65,0,0
41.0,53,11,11,0,0,0,0,0,1,0,0.00,-1.00,7.98,0.71,0,0
42.0,53,11,11,0,0,0,0,0,1,0,0.00,-1.00,8.1,0.73,0,0
43.0,53,11,11,0,0,0,0,0,1,0,0.00,-1.00,8.72,0.77,0,1
44.0,53,12,12,0,0,0,0,0,2,0,0.00,-1.00,8.08,0.68,0,0
45.0,53,12,12,0,0,0,0,0,0,0,0.00,-1.00,8.8,0.73,0,0
46.0,53,12,12,0,0,0,0,0,0,0,0.00,-1.00,9.57,0.79,0,1
47.0,53,12,12,0,0,0,0,0,0,0,0.00,-1.00,9.85,0.81,0,0
48.0,53,13,13,0,0,0,0,0,1,0,0.00,-1.00,9.47,0.77,0,0
49.0,53,13,13,0,0,0,0,0,0,0,0.00,-1.00,9.93,0.80,0,0
50.0,53,13,13,0,0,0,0,0,0,0,0.00,-1.00,10.55,0.87,0,0
51.0,53,13,13,0,0,0,0,0,0,0,0.00,-1.00,10.68,0.88,0,0
52.0,53,14,14,0,0,0,0,0,1,0,0.00,-1.00,9.95,0.82,0,1
53.0,53,14,14,0,0,0,0,0,0,0,0.00,-1.00,9.81,0.81,0,0
54.0,53,14,14,0,0,0,0,0,0,0,0.00,-1.00,9.83,0.82,0,0
55.0,53,14,14,0,0,0,0,0,0,0,0.00,-1.00,9.95,0.83,0,0
56.0,53,15,15,0,0,0,0,0,1,0,0.00,-1.00,9.4,0.77,0,0
57.0,53,15,15,0,0,0,0,0,0,0,0.00,-1.00,9.63,0.79,0,0
58.0,53,15,15,0,0,0,0,0,0,0,0.00,-1.00,9.3,0.77,0,0
59.0,53,15,15,0,0,0,0,0,0,0,0.00,-1.00,9.45,0.78,0,0
60.0,53,16,16,0,0,0,0,0,1,0,0.00,-1.00,8.73,0.72,0,0
61.0,53,16,16,0,0,0,0,0,0,0,0.00,-1.00,8.56,0.71,0,0
62.0,53,16,16,0,0,0,0,0,1,0,0.00,-1.00,8.4,0.70,0,0
63.0,53,16,16,0,0,0,0,0,2,0,0.00,-1.00,7.98,0.67,0,1
64.0,53,17,17,0,0,0,0,0,3,0,0.00,-1.00,7.57,0.64,0,0
65.0,53,17,17,0,0,0,0,0,3,0,0.00,-1.00,7.38,0.63,0,0
66.0,53,17,17,0,0,0,0,0,4,0,0.00,-1.00,7.69,0.66,0,0
67.0,53,17,17,0,0,0,0,0,4,0,0.00,-1.00,7.39,0.63,0,1
68.0,53,18,17,0,1,1,0,0,5,0,0.00,56.00,6.67,0.58,0,0
69.0,53,18,17,0,1,1,0,0,4,0,0.00,56.00,7.32,0.64,0,0
70.0,53,18,17,0,1,1,0,0,4,0,0.00,56.00,7.72,0.66,0,0
71.0,53,18,17,0,1,1,0,0,4,0,0.00,56.00,7.55,0.65,0,1
72.0,53,19,18,0,1,1,0,0,5,0,0.00,56.00,7.0,0.61,0,0
73.0,53,19,18,0,1,1,0,0,4,0,0.00,56.00,6.65,0.58,0,0
74.0,53,19,18,0,1,1,0,0,4,0,0.00,56.00,6.99,0.60,0,0
75.0,53,19,18,0,1,1,0,0,4,0,0.00,56.00,7.37,0.64,0,1
76.0,53,20,19,0,1,1,0,0,5,0,0.00,56.00,7.2,0.62,0,0
77.0,53,20,19,0,1,1,0,0,4,0,0.00,56.00,7.48,0.64,0,0
78.0,53,20,19,0,1,1,0,0,4,0,0.00,56.00,7.39,0.63,0,1
79.0,53,20,19,0,1,1,0,0,4,0,0.00,56.00,7.45,0.64,0,0
80.0,53,21,20,0,1,1,0,0,5,0,0.00,56.00,6.9,0.60,0,0
81.0,53,21,20,0,1,1,0,0,4,0,0.00,56.00,7.02,0.62,0,0
82.0,53,21,20,0,1,1,0,0,5,0,0.00,56.00,7.36,0.65,0,0
83.0,53,21,20,0,1,1,0,0,5,0,0.00,56.00,7.68,0.68,0,1
84.0,53,22,21,0,1,1,0,0,6,0,0.00,56.00,6.91,0.62,0,0
85.0,53,22,21,0,1,1,0,0,5,0,0.00,56.00,6.86,0.62,0,0
86.0,53,22,21,0,1,1,0,0,5,0,0.00,56.00,6.68,0.61,0,0
87.0,53,22,21,0,1,1,0,0,5,0,0.00,56.00,6.42,0.59,0,1
88.0,53,23,22,0,1,1,0,0,7,0,0.00,56.00,6.28,0.59,0,0
89.0,53,23,22,0,1,1,0,0,7,0,0.00,56.00,6.24,0.59,0,0
90.0,53,23,22,0,1,1,0,0,0,0,0.00,56.00,6.49,0.61,0,0
91.0,53,23,22,0,1,1,0,0,0,0,0.00,56.00,6.66,0.62,0,0
92.0,53,24,23,0,1,1,0,0,1,0,0.00,56.00,7.23,0.65,0,1
93.0,53,24,23,0,1,1,0,0,0,0,0.00,56.00,7.82,0.69,0,1
94.0,53,24,23,0,1,1,0,0,1,0,0.00,56.00,8.59,0.75,0,1
95.0,53,24,23,0,1,1,0,0,1,0,0.00,56.00,9.32,0.80,0,1
96.0,53,25,24,0,1,1,0,0,2,0,0.00,56.00,9.44,0.80,0,0
97.0,53,25,24,0,1,1,0,0,1,0,0.00,56.00,9.73,0.83,0,0
98.0,53,25,24,0,1,1,0,0,1,0,0.00,56.00,9.59,0.81,0,0
99.0,53,25,24,0,1,1,0,0,1,0,0.00,56.00,9.54,0.82,0,0
100.0,53,26,25,0,1,1,0,0,2,0,0.00,56.00,8.87,0.75,0,1
101.0,53,26,25,0,1,1,0,0,1,0,0.00,56.00,8.91,0.75,0,0
102.0,53,26,25,0,1,1,0,0,1,0,0.00,56.00,8.93,0.74,0,0
103.0,53,26,25,0,1,1,0,0,1,0,0.00,56.00,9.17,0.75,0,0
104.0,53,27,26,0,1,1,0,0,2,0,0.00,56.00,9.1,0.74,0,1
105.0,53,27,26,0,1,1,0,0,1,0,0.00,56.00,9.72,0.79,0,1
106.0,53,27,26,0,1,1,0,0,1,0,0.00,56.00,9.93,0.80,0,0
107.0,53,27,26,0,1,1,0,0,1,0,0.00,56.00,9.99,0.80,0,0
108.0,53,28,27,0,1,1,0,0,2,0,0.00,56.00,9.77,0.78,0,0
109.0,53,28,27,0,1,1,0,0,1,0,0.00,56.00,9.86,0.80,0,0
110.0,53,28,27,0,1,1,0,0,1,0,0.00,56.00,9.8,0.79,0,0
111.0,53,28,27,0,1,1,0,0,1,0,0.00,56.00,10.01,0.81,0,0
112.0,53,29,28,0,1,1,0,0,2,0,0.00,56.00,9.86,0.80,0,0
113.0,53,29,28,0,1,1,0,0,1,0,0.00,56.00,9.89,0.80,0,1
114.0,53,29,27,0,2,2,0,0,1,0,0.00,67.00,10.24,0.82,0,1
115.0,53,29,27,0,2,2,0,0,1,0,0.00,67.00,10.3,0.82,0,1
116.0,53,30,28,0,2,2,0,0,3,0,0.00,67.00,9.86,0.78,0,1
117.0,53,30,28,0,2,2,0,0,2,0,0.00,67.00,9.84,0.78,0,1
118.0,53,30,28,0,2,2,0,0,2,0,0.00,67.00,9.7,0.77,0,1
119.0,53,30,28,0,2,2,0,0,2,0,0.00,67.00,9.37,0.74,0,1
120.0,53,31,29,0,2,2,0,0,2,0,0.00,67.00,9.35,0.73,0,1
121.0,53,31,29,0,2,2,0,0,1,0,0.00,67.00,9.72,0.76,0,0
122.0,53,31,29,0,2,2,0,0,1,0,0.00,67.00,10.02,0.78,0,0
123.0,53,31,29,0,2,2,0,0,1,0,0.00,67.00,10.2,0.79,0,0
124.0,53,32,30,0,2,2,0,0,2,0,0.00,67.00,10.15,0.79,0,0
125.0,53,32,30,0,2,2,0,0,1,0,0.00,67.00,9.69,0.75,0,0
126.0,53,32,30,0,2,2,0,0,1,0,0.00,67.00,9.69,0.75,0,0
127.0,53,32,30,0,2,2,0,0,1,0,0.00,67.00,9.91,0.76,0,0
128.0,53,33,31,0,2,2,0,0,3,0,0.00,67.00,9.5,0.73,0,0
129.0,53,33,30,0,3,3,0,0,2,0,0.00,77.00,9.69,0.77,0,1
130.0,53,33,30,0,3,3,0,0,2,0,0.00,77.00,9.88,0.79,0,0
131.0,53,33,30,0,3,3,0,0,2,0,0.00,77.00,10.4,0.82,0,1
132.0,53,34,31,0,3,3,0,0,3,0,0.00,77.00,10.15,0.81,0,1
133.0,53,34,31,0,3,3,0,0,2,0,0.00,77.00,10.2,0.82,0,0
134.0,53,34,31,0,3,3,0,0,2,0,0.00,77.00,9.97,0.81,0,0
135.0,53,34,31,0,3,3,0,0,1,0,0.00,77.00,9.59,0.78,0,0
136.0,53,35,32,0,3,3,0,0,2,0,0.00,77.00,8.98,0.73,0,0
137.0,53,35,32,0,3,3,0,0,3,0,0.00,77.00,8.94,0.74,0,0
138.0,53,35,32,0,3,3,0,0,3,0,0.00,77.00,8.63,0.71,0,0
139.0,53,35,32,0,3,3,0,0,4,0,0.00,77.00,8.55,0.71,0,1
140.0,53,36,33,0,3,3,0,0,5,0,0.00,77.00,8.2,0.68,0,1
141.0,53,36,33,0,3,3,0,0,4,0,0.00,77.00,8.1,0.68,0,0
142.0,53,36,33,0,3,3,0,0,4,0,0.00,77.00,8.01,0.68,0,0
143.0,53,36,33,0,3,3,0,0,6,0,0.00,77.00,7.75,0.66,0,0
144.0,53,37,34,0,3,3,0,0,7,0,0.00,77.00,7.48,0.64,0,0
145.0,53,37,34,0,3,3,0,0,8,0,0.00,77.00,7.25,0.63,0,1
146.0,53,37,34,0,3,3,0,0,8,0,0.00,77.00,7.3,0.63,0,0
147.0,53,37,34,0,3,3,0,0,8,0,0.00,77.00,7.18,0.62,0,0
148.0,53,38,35,0,3,3,0,0,9,0,0.00,77.00,6.71,0.59,0,0
149.0,53,38,35,0,3,3,0,0,9,0,0.00,77.00,6.62,0.57,0,0
150.0,53,38,35,0,3,3,0,0,9,0,0.00,77.00,6.66,0.57,0,0
151.0,53,38,35,0,3,3,0,0,9,0,0.00,77.00,6.7,0.58,0,0
152.0,53,39,36,0,3,3,0,0,11,0,0.00,77.00,6.34,0.55,0,0
153.0,53,39,35,0,4,4,0,0,10,0,0.00,89.00,6.29,0.54,0,0
154.0,53,39,35,0,4,4,0,0,10,0,0.00,89.00,6.17,0.53,0,0
155.0,53,39,34,0,5,5,0,0,11,0,0.00,92.60,6.37,0.55,0,0
156.0,53,40,35,0,5,5,0,0,13,0,0.00,92.60,6.23,0.53,0,1
157.0,53,40,35,0,5,5,0,0,12,0,0.00,92.60,6.5,0.56,0,1
158.0,53,40,35,0,5,5,0,0,12,0,0.00,92.60,6.31,0.54,0,1
159.0,53,40,35,0,5,5,0,0,12,0,0.00,92.60,6.49,0.56,0,0
160.0,53,41,36,0,5,5,0,0,13,0,0.00,92.60,6.14,0.53,0,0
161.0,53,41,36,0,5,5,0,0,12,0,0.00,92.60,6.16,0.53,0,0
162.0,53,41,36,0,5,5,0,0,13,0,0.00,92.60,6.06,0.52,0,0
163.0,53,41,35,0,6,6,0,0,13,0,0.00,85.67,6.1,0.53,0,0
164.0,53,42,36,0,6,6,0,0,14,0,0.00,85.67,6.07,0.53,0,1
165.0,53,42,36,0,6,6,0,0,13,0,0.00,85.67,6.23,0.54,0,1
166.0,53,42,36,0,6,6,0,0,13,0,0.00,85.67,6.3,0.54,0,1
167.0,53,42,36,0,6,6,0,0,13,0,0.00,85.67,6.23,0.53,0,1
168.0,53,43,37,0,6,6,0,0,14,0,0.00,85.67,5.85,0.51,0,1
169.0,53,43,37,0,6,6,0,0,13,0,0.00,85.67,5.62,0.49,0,0
170.0,53,43,37,0,6,6,0,0,14,0,0.00,85.67,5.57,0.48,0,0
171.0,53,43,37,0,6,6,0,0,14,0,0.00,85.67,5.37,0.48,0,0
172.0,53,44,38,0,6,6,0,0,15,0,0.00,85.67,4.82,0.44,0,0
173.0,53,44,38,0,6,6,0,0,14,0,0.00,85.67,4.83,0.43,0,0
174.0,53,44,38,0,6,6,0,0,18,0,0.00,85.67,4.88,0.44,0,0
175.0,53,44,38,0,6,6,0,0,18,0,0.00,85.67,4.68,0.42,0,0
176.0,53,45,39,0,6,6,0,0,19,0,0.00,85.67,4.49,0.41,0,0
177.0,53,45,39,0,6,6,0,0,19,0,0.00,85.67,4.12,0.37,0,0
178.0,53,45,39,0,6,6,0,0,19,0,0.00,85.67,4.06,0.36,0,0
179.0,53,45,39,0,6,6,0,0,19,0,0.00,85.67,4.26,0.40,0,1
180.0,53,46,40,0,6,6,0,0,6,0,0.00,85.67,4.9,0.44,0,1
181.0,53,46,40,0,6,6,0,0,3,0,0.00,85.67,5.61,0.50,0,0
182.0,53,46,40,0,6,6,0,0,3,0,0.00,85.67,6.15,0.54,0,0
183.0,53,46,40,0,6,6,0,0,2,0,0.00,85.67,7.01,0.61,0,1
184.0,53,47,41,0,6,6,0,0,4,0,0.00,85.67,7.34,0.63,0,1
185.0,53,47,41,0,6,6,0,0,3,0,0.00,85.67,7.97,0.66,0,1
186.0,53,47,41,0,6,6,0,0,3,0,0.00,85.67,8.65,0.72,0,1
187.0,53,47,41,0,6,6,0,0,2,0,0.00,85.67,8.98,0.74,0,1
188.0,53,48,42,0,6,6,0,0,4,0,0.00,85.67,9.23,0.75,0,0
189.0,53,48,42,0,6,6,0,0,3,0,0.00,85.67,9.64,0.78,0,0
190.0,53,48,42,0,6,6,0,0,3,0,0.00,85.67,9.89,0.80,0,0
191.0,53,48,42,0,6,6,0,0,3,0,0.00,85.67,10.08,0.82,0,1
192.0,53,49,43,0,6,6,0,0,4,0,0.00,85.67,9.91,0.80,0,1
193.0,53,49,43,0,6,6,0,0,3,0,0.00,85.67,10.09,0.82,0,1
194.0,53,49,43,0,6,6,0,0,3,0,0.00,85.67,10.07,0.82,0,1
195.0,53,49,43,0,6,6,0,0,3,0,0.00,85.67,9.79,0.80,0,1
196.0,53,50,43,0,7,7,0,0,4,0,0.00,80.29,9.58,0.77,0,1
197.0,53,50,43,0,7,7,0,0,3,0,0.00,80.29,9.21,0.75,0,1
198.0,53,50,43,0,7,7,0,0,4,0,0.00,80.29,8.72,0.71,0,0
199.0,53,50,43,0,7,7,0,0,4,0,0.00,80.29,7.89,0.66,0,1
200.0,53,51,44,0,7,7,0,0,7,0,0.00,80.29,7.11,0.61,0,1
201.0,53,51,44,0,7,7,0,0,6,0,0.00,80.29,6.83,0.58,0,1
202.0,53,51,43,0,8,8,0,0,6,0,0.00,83.00,6.84,0.57,0,1
203.0,53,51,43,0,8,8,0,0,9,0,0.00,83.00,7.03,0.59,0,1
204.0,53,52,44,0,8,8,0,0,10,0,0.00,83.00,7.05,0.59,0,1
205.0,53,52,44,0,8,8,0,0,10,0,0.00,83.00,7.29,0.61,0,1
206.0,53,52,44,0,8,8,0,0,10,0,0.00,83.00,7.2,0.60,0,1
207.0,53,52,44,0,8,8,0,0,11,0,0.00,83.00,7.06,0.60,0,1
208.0,104,53,45,0,8,8,0,0,12,0,0.00,83.00,6.97,0.58,0,3
209.0,104,53,45,0,8,8,0,0,11,0,0.00,83.00,7.12,0.61,0,0
210.0,104,53,45,0,8,8,0,0,11,0,0.00,83.00,7.25,0.62,0,1
211.0,104,53,45,0,8,8,0,0,10,0,0.00,83.00,7.49,0.64,0,1
212.0,104,54,46,0,8,8,0,0,11,0,0.00,83.00,7.11,0.61,0,1
213.0,104,54,46,0,8,8,0,0,10,0,0.00,83.00,6.93,0.60,0,1
214.0,104,54,46,0,8,8,0,0,11,0,0.00,83.00,6.96,0.60,0,1
215.0,104,54,46,0,8,8,0,0,11,0,0.00,83.00,7.15,0.62,0,1
216.0,104,55,47,0,8,8,0,0,12,0,0.00,83.00,7.14,0.60,0,1
217.0,104,55,45,0,10,10,0,0,11,0,0.00,94.60,7.0,0.60,0,1
218.0,104,55,45,0,10,10,0,0,12,0,0.00,94.60,7.1,0.61,0,1
219.0,104,55,45,0,10,10,0,0,12,0,0.00,94.60,7.27,0.64,0,0
220.0,104,56,46,0,10,10,0,0,13,0,0.00,94.60,7.03,0.61,0,0
221.0,104,56,46,0,10,10,0,0,12,0,0.00,94.60,7.05,0.62,0,0
222.0,104,56,45,0,11,11,0,0,12,0,0.00,95.64,7.21,0.63,0,0
223.0,104,56,45,0,11,11,0,0,12,0,0.00,95.64,7.33,0.64,0,0
224.0,104,57,46,0,11,11,0,0,13,0,0.00,95.64,7.1,0.61,0,0
225.0,104,57,46,0,11,11,0,0,4,0,0.00,95.64,7.57,0.66,0,1
226.0,104,57,46,0,11,11,0,0,2,0,0.00,95.64,7.9,0.68,0,0
227.0,104,57,46,0,11,11,0,0,2,0,0.00,95.64,7.91,0.69,0,0
228.0,104,58,47,0,11,11,0,0,3,0,0.00,95.64,7.62,0.65,0,0
229.0,104,58,47,0,11,11,0,0,3,0,0.00,95.64,7.86,0.67,0,1
230.0,104,58,47,0,11,11,0,0,4,0,0.00,95.64,8.37,0.72,0,0
231.0,104,58,47,0,11,11,0,0,4,0,0.00,95.64,8.43,0.71,0,0
232.0,104,59,48,0,11,11,0,0,5,0,0.00,95.64,8.45,0.71,0,0
233.0,104,59,48,0,11,11,0,0,5,0,0.00,95.64,8.71,0.75,0,1
234.0,104,59,48,0,11,11,0,0,5,0,0.00,95.64,8.79,0.75,0,1
235.0,104,59,48,0,11,11,0,0,6,0,0.00,95.64,8.86,0.76,0,1
236.0,104,60,49,0,11,11,0,0,7,0,0.00,95.64,8.63,0.74,0,1
237.0,104,60,49,0,11,11,0,0,6,0,0.00,95.64,8.62,0.73,0,1
238.0,104,60,48,0,12,12,0,0,6,0,0.00,101.50,8.82,0.74,0,1
239.0,104,60,48,0,12,12,0,0,6,0,0.00,101.50,8.8,0.75,0,1
240.0,104,61,49,0,12,12,0,0,6,0,0.00,101.50,8.86,0.73,0,0
241.0,104,61,48,0,13,13,0,0,5,0,0.00,111.92,8.88,0.72,0,0
242.0,104,61,48,0,13,13,0,0,5,0,0.00,111.92,8.83,0.72,0,0
243.0,104,61,48,0,13,13,0,0,5,0,0.00,111.92,9.14,0.75,0,0
244.0,104,62,48,0,14,14,0,0,6,0,0.00,111.07,8.99,0.73,0,1
245.0,104,62,48,0,14,14,0,0,5,0,0.00,111.07,8.67,0.71,0,1
246.0,104,62,47,0,15,15,0,0,5,0,0.00,116.60,8.39,0.68,0,1
247.0,104,62,47,0,15,15,0,0,7,0,0.00,116.60,8.17,0.67,0,0
248.0,104,63,48,0,15,15,0,0,8,0,0.00,116.60,8.03,0.65,0,1
249.0,104,63,47,0,16,16,0,0,9,0,0.00,123.38,8.03,0.65,0,1
250.0,104,63,47,0,16,16,0,0,10,0,0.00,123.38,8.18,0.66,0,1
251.0,104,63,47,0,16,16,0,0,10,0,0.00,123.38,8.28,0.66,0,1
252.0,104,64,48,0,16,16,0,0,11,0,0.00,123.38,8.02,0.64,0,1
253.0,104,64,48,0,16,16,0,0,10,0,0.00,123.38,7.79,0.62,0,0
254.0,104,64,48,0,16,16,0,0,10,0,0.00,123.38,7.85,0.62,0,1
255.0,104,64,48,0,16,16,0,0,11,0,0.00,123.38,7.91,0.62,0,0
256.0,104,65,49,0,16,16,0,0,13,0,0.00,123.38,7.88,0.63,0,0
257.0,104,65,49,0,16,16,0,0,12,0,0.00,123.38,7.93,0.63,0,1
258.0,104,65,49,0,16,16,0,0,12,0,0.00,123.38,7.87,0.63,0,1
259.0,104,65,49,0,16,16,0,0,12,0,0.00,123.38,7.67,0.62,0,1
260.0,104,66,50,0,16,16,0,0,13,0,0.00,123.38,7.52,0.61,0,1
261.0,104,66,50,0,16,16,0,0,13,0,0.00,123.38,7.48,0.60,0,0
262.0,104,66,50,0,16,16,0,0,13,0,0.00,123.38,7.28,0.58,0,1
263.0,104,66,50,0,16,16,0,0,15,0,0.00,123.38,7.07,0.56,0,0
264.0,104,67,51,0,16,16,0,0,17,0,0.00,123.38,6.87,0.55,0,0
265.0,104,67,51,0,16,16,0,0,17,0,0.00,123.38,6.88,0.55,0,1
266.0,104,67,51,0,16,16,0,0,17,0,0.00,123.38,7.07,0.56,0,1
267.0,104,67,50,0,17,17,0,0,17,0,0.00,130.65,6.94,0.56,0,1
268.0,104,68,51,0,17,17,0,0,19,0,0.00,130.65,6.78,0.55,0,0
269.0,104,68,51,0,17,17,0,0,18,0,0.00,130.65,6.38,0.51,0,0
270.0,104,68,51,0,17,17,0,0,3,0,0.00,130.65,6.93,0.55,0,1
271.0,104,68,51,0,17,17,0,0,3,0,0.00,130.65,7.53,0.59,0,1
272.0,104,69,52,0,17,17,0,0,4,0,0.00,130.65,7.9,0.62,0,1
273.0,104,69,51,0,18,18,0,0,3,0,0.00,131.00,8.21,0.64,0,1
274.0,104,69,51,0,18,18,0,0,3,0,0.00,131.00,8.64,0.67,0,1
275.0,104,69,51,0,18,18,0,0,4,0,0.00,131.00,9.06,0.69,0,1
276.0,104,70,52,0,18,18,0,0,5,0,0.00,131.00,8.98,0.69,0,1
277.0,104,70,52,0,18,18,0,0,4,0,0.00,131.00,9.41,0.73,0,1
278.0,104,70,52,0,18,18,0,0,5,0,0.00,131.00,9.68,0.74,0,0
279.0,104,70,52,0,18,18,0,0,5,0,0.00,131.00,9.9,0.76,0,0
280.0,104,71,53,0,18,18,0,0,6,0,0.00,131.00,9.92,0.76,0,1
281.0,104,71,52,0,19,19,0,0,5,0,0.00,131.53,9.98,0.76,0,1
282.0,104,71,52,0,19,19,0,0,5,0,0.00,131.53,9.88,0.75,0,1
283.0,104,71,52,0,19,19,0,0,5,0,0.00,131.53,9.56,0.73,0,1
284.0,104,72,52,0,20,20,0,0,6,0,0.00,132.95,8.79,0.67,0,1
285.0,104,72,52,0,20,20,0,0,5,0,0.00,132.95,8.54,0.65,0,0
286.0,104,72,52,0,20,20,0,0,7,0,0.00,132.95,8.44,0.64,0,1
287.0,104,72,52,0,20,20,0,0,9,0,0.00,132.95,8.36,0.64,0,1
288.0,104,73,53,0,20,20,0,0,12,0,0.00,132.95,8.12,0.62,0,0
289.0,104,73,52,0,21,21,0,0,11,0,0.00,134.29,8.0,0.61,0,1
290.0,104,73,52,0,21,21,0,0,13,0,0.00,134.29,7.77,0.60,0,1
291.0,104,73,52,0,21,21,0,0,13,0,0.00,134.29,7.85,0.61,0,0
292.0,104,74,53,0,21,21,0,0,15,0,0.00,134.29,7.69,0.60,0,1
293.0,104,74,53,0,21,21,0,0,14,0,0.00,134.29,7.75,0.60,0,1
294.0,104,74,53,0,21,21,0,0,14,0,0.00,134.29,7.75,0.60,0,0
295.0,104,74,53,0,21,21,0,0,14,0,0.00,134.29,7.62,0.59,0,1
296.0,104,75,54,0,21,21,0,0,15,0,0.00,134.29,7.38,0.57,0,1
297.0,104,75,54,0,21,21,0,0,15,0,0.00,134.29,7.5,0.58,0,0
298.0,104,75,54,0,21,21,0,0,15,0,0.00,134.29,7.62,0.59,0,1
299.0,104,75,54,0,21,21,0,0,16,0,0.00,134.29,7.47,0.58,0,1
300.0,104,76,55,0,21,21,0,0,16,0,0.00,134.29,7.24,0.56,0,1
301.0,104,76,55,0,21,21,0,0,14,0,0.00,134.29,7.23,0.56,0,1
302.0,104,76,55,0,21,21,0,0,14,0,0.00,134.29,7.39,0.57,0,1
303.0,104,76,55,0,21,21,0,0,14,0,0.00,134.29,7.63,0.59,0,1
304.0,104,77,56,0,21,21,0,0,16,0,0.00,134.29,7.67,0.59,0,1
305.0,104,77,56,0,21,21,0,0,15,0,0.00,134.29,7.78,0.60,0,1
306.0,104,77,56,0,21,21,0,0,16,0,0.00,134.29,7.74,0.59,0,1
307.0,104,77,56,0,21,21,0,0,16,0,0.00,134.29,7.67,0.59,0,1
308.0,104,78,57,0,21,21,0,0,17,0,0.00,134.29,7.65,0.58,0,0
309.0,104,78,56,0,22,22,0,0,16,0,0.00,141.86,7.55,0.58,0,1
310.0,104,78,56,0,22,22,0,0,16,0,0.00,141.86,7.64,0.59,0,1
311.0,104,78,56,0,22,22,0,0,17,0,0.00,141.86,7.83,0.61,0,1
312.0,104,79,57,0,22,22,0,0,18,0,0.00,141.86,7.59,0.59,0,1
313.0,104,79,57,0,22,22,0,0,17,0,0.00,141.86,7.78,0.60,0,1
314.0,104,79,57,0,22,22,0,0,18,0,0.00,141.86,7.85,0.61,0,1
315.0,104,79,57,0,22,22,0,0,5,0,0.00,141.86,8.34,0.64,0,0
316.0,104,80,58,0,22,22,0,0,3,0,0.00,141.86,8.63,0.66,0,1
317.0,104,80,58,0,22,22,0,0,1,0,0.00,141.86,9.14,0.69,0,0
318.0,104,80,58,0,22,22,0,0,1,0,0.00,141.86,9.42,0.72,0,1
319.0,104,80,58,0,22,22,0,0,1,0,0.00,141.86,9.47,0.73,0,2
320.0,104,81,59,0,22,22,0,0,1,0,0.00,141.86,9.38,0.72,0,1
321.0,104,81,59,0,22,22,0,0,2,0,0.00,141.86,9.45,0.72,0,0
322.0,104,81,59,0,22,22,0,0,4,0,0.00,141.86,9.42,0.72,0,1
323.0,104,81,59,0,22,22,0,0,4,0,0.00,141.86,9.33,0.72,0,1
324.0,104,82,59,0,23,23,0,0,7,0,0.00,147.35,8.88,0.69,0,1
325.0,104,82,59,0,23,23,0,0,7,0,0.00,147.35,9.05,0.70,0,0
326.0,104,82,58,0,24,24,0,0,9,0,0.00,143.46,9.03,0.69,0,1
327.0,104,82,58,0,24,24,0,0,10,0,0.00,143.46,8.95,0.68,0,1
328.0,104,83,59,0,24,24,0,0,11,0,0.00,143.46,8.64,0.66,0,0
329.0,104,83,59,0,24,24,0,0,11,0,0.00,143.46,8.68,0.66,0,0
330.0,104,83,59,0,24,24,0,0,11,0,0.00,143.46,8.57,0.66,0,1
331.0,104,83,59,0,24,24,0,0,12,0,0.00,143.46,8.43,0.64,0,1
332.0,104,84,58,0,26,26,0,0,14,0,0.00,152.27,8.36,0.62,0,1
333.0,104,84,58,0,26,26,0,0,14,0,0.00,152.27,8.3,0.63,0,0
334.0,104,84,58,0,26,26,0,0,15,0,0.00,152.27,8.2,0.62,0,1
335.0,104,84,58,0,26,26,0,0,15,0,0.00,152.27,7.82,0.60,0,1
336.0,104,85,58,0,27,27,0,0,17,0,0.00,150.63,7.25,0.55,0,1
337.0,104,85,58,0,27,27,0,0,19,0,0.00,150.63,6.92,0.53,0,1
338.0,104,85,58,0,27,27,0,0,20,0,0.00,150.63,6.49,0.49,0,0
339.0,104,85,57,0,28,28,0,0,21,0,0.00,149.07,6.17,0.47,0,1
340.0,104,86,58,0,28,28,0,0,24,0,0.00,149.07,5.91,0.46,0,0
341.0,104,86,58,0,28,28,0,0,24,0,0.00,149.07,5.57,0.44,0,0
342.0,104,86,58,0,28,28,0,0,25,0,0.00,149.07,5.42,0.43,0,1
343.0,104,86,58,0,28,28,0,0,25,0,0.00,149.07,5.5,0.43,0,1
344.0,104,87,59,0,28,28,0,0,28,0,0.00,149.07,5.37,0.43,0,1
345.0,104,87,58,0,29,29,0,0,27,0,0.00,148.93,5.27,0.43,0,0
346.0,104,87,58,0,29,29,0,0,27,0,0.00,148.93,5.24,0.43,0,0
347.0,104,87,58,0,29,29,0,0,27,0,0.00,148.93,5.37,0.44,0,0
348.0,104,88,59,0,29,29,0,0,29,0,0.00,148.93,5.44,0.45,0,1
349.0,104,88,59,0,29,29,0,0,28,0,0.00,148.93,5.2,0.43,0,1
350.0,104,88,59,0,29,29,0,0,27,0,0.00,148.93,4.94,0.41,0,1
351.0,104,88,59,0,29,29,0,0,27,0,0.00,148.93,4.97,0.41,0,1
352.0,104,89,60,0,29,29,0,0,31,0,0.00,148.93,4.82,0.39,0,1
353.0,104,89,60,0,29,29,0,0,30,0,0.00,148.93,4.69,0.40,0,0
354.0,104,89,60,0,29,29,0,0,32,0,0.00,148.93,4.64,0.40,0,0
355.0,104,89,60,0,29,29,0,0,32,0,0.00,148.93,4.34,0.37,0,1
356.0,104,90,61,0,29,29,0,0,33,0,0.00,148.93,4.33,0.37,0,1
357.0,104,90,61,0,29,29,0,0,34,0,0.00,148.93,4.23,0.37,0,1
358.0,104,90,61,0,29,29,0,0,34,0,0.00,148.93,3.95,0.35,0,1
359.0,104,90,61,0,29,29,0,0,35,0,0.00,148.93,3.87,0.34,0,1
360.0,104,91,62,0,29,29,0,0,8,0,0.00,148.93,4.63,0.40,0,1
361.0,104,91,61,0,30,30,0,0,3,0,0.00,147.73,5.31,0.44,0,1
362.0,104,91,61,0,30,30,0,0,2,0,0.00,147.73,6.13,0.50,0,1
363.0,104,91,61,0,30,30,0,0,4,0,0.00,147.73,7.02,0.57,0,0
364.0,104,91,61,1,30,30,0,0,5,0,0.00,147.73,7.77,0.63,0,1
365.0,104,91,60,1,31,31,0,0,6,0,0.00,152.68,8.31,0.68,0,0
366.0,104,91,60,1,31,31,0,0,6,0,0.00,152.68,8.68,0.70,0,1
367.0,104,91,60,1,31,31,0,0,5,0,0.00,152.68,9.19,0.74,0,1
368.0,104,92,60,1,32,32,0,0,7,0,0.00,153.78,9.2,0.74,0,0
369.0,104,92,60,1,32,32,0,0,6,0,0.00,153.78,9.48,0.76,0,1
370.0,104,92,59,1,33,33,0,0,6,0,0.00,155.12,9.59,0.76,0,1
371.0,104,92,58,1,34,34,0,0,6,0,0.00,159.00,9.89,0.77,0,1
372.0,104,93,59,1,34,34,0,0,7,0,0.00,159.00,9.87,0.77,0,1
373.0,104,93,59,1,34,34,0,0,7,0,0.00,159.00,10.01,0.78,0,0
374.0,104,93,59,1,34,34,0,0,6,0,0.00,159.00,10.23,0.79,0,1
375.0,104,93,59,1,34,34,0,0,6,0,0.00,159.00,10.12,0.79,0,1
376.0,104,94,60,1,34,34,0,0,7,0,0.00,159.00,9.74,0.76,0,1
377.0,104,94,60,1,34,34,0,0,6,0,0.00,159.00,9.41,0.74,0,1
378.0,104,94,60,1,34,34,0,0,6,0,0.00,159.00,9.08,0.71,0,1
379.0,104,94,60,1,34,34,0,0,7,0,0.00,159.00,8.81,0.69,0,0
380.0,104,95,61,1,34,34,0,0,8,0,0.00,159.00,8.55,0.68,0,1
381.0,104,95,61,1,34,34,0,0,10,0,0.00,159.00,8.41,0.69,0,0
382.0,104,95,60,1,35,35,0,0,11,0,0.00,156.91,8.13,0.65,0,1
383.0,104,95,60,1,35,35,0,0,13,0,0.00,156.91,8.29,0.64,0,0
384.0,104,96,61,1,35,35,0,0,15,0,0.00,156.91,8.09,0.63,0,1
385.0,104,96,61,1,35,35,0,0,15,0,0.00,156.91,8.13,0.63,0,1
386.0,104,96,61,1,35,35,0,0,16,0,0.00,156.91,8.11,0.63,0,0
387.0,104,96,61,1,35,35,0,0,17,0,0.00,156.91,8.13,0.63,0,1
388.0,104,97,62,1,35,35,0,0,19,0,0.00,156.91,8.07,0.63,0,1
389.0,104,97,62,1,35,35,0,0,18,0,0.00,156.91,8.09,0.63,0,1
390.0,104,97,62,1,35,35,0,0,18,0,0.00,156.91,8.14,0.64,0,1
391.0,104,97,62,1,35,35,0,0,18,0,0.00,156.91,8.16,0.65,0,0
392.0,104,98,62,1,36,36,0,0,19,0,0.00,156.33,7.48,0.60,0,1
393.0,104,98,62,1,36,36,0,0,18,0,0.00,156.33,7.18,0.57,0,1
394.0,104,98,62,1,36,36,0,0,18,0,0.00,156.33,6.92,0.56,0,1
395.0,104,98,61,1,37,37,0,0,18,0,0.00,161.70,6.53,0.54,0,1
396.0,104,99,61,1,38,38,0,0,21,0,0.00,165.87,6.31,0.52,0,2
397.0,104,99,61,1,38,38,0,0,20,0,0.00,165.87,6.36,0.53,0,1
398.0,104,99,61,1,38,38,0,0,21,0,0.00,165.87,6.38,0.54,0,1
399.0,104,99,61,1,38,38,0,0,22,0,0.00,165.87,6.49,0.54,0,1
400.0,104,99,61,2,38,38,0,0,23,0,0.00,165.87,6.67,0.56,0,1
401.0,104,99,61,2,38,38,0,0,23,0,0.00,165.87,6.74,0.58,0,1
402.0,104,99,61,2,38,38,0,0,23,0,0.00,165.87,6.61,0.56,0,1
403.0,104,99,61,2,38,38,0,0,23,0,0.00,165.87,6.45,0.55,0,1
404.0,104,100,61,2,39,39,0,0,24,0,0.00,171.56,6.52,0.55,0,1
405.0,104,100,61,2,39,39,0,0,12,0,0.00,171.56,6.83,0.57,0,0
406.0,104,100,61,2,39,39,0,0,7,0,0.00,171.56,7.41,0.60,0,1
407.0,104,100,61,2,39,39,0,0,7,0,0.00,171.56,7.98,0.64,0,0
408.0,104,101,61,2,40,40,0,0,8,0,0.00,170.57,8.23,0.67,0,1
409.0,104,102,62,1,40,40,0,0,8,0,0.44,170.57,8.49,0.69,0,1
410.0,104,103,63,0,40,40,0,0,7,0,0.53,170.57,8.73,0.70,0,1
411.0,104,103,63,0,40,40,0,0,6,0,0.53,170.57,8.97,0.72,0,1
412.0,155,104,64,0,40,40,0,0,7,0,0.53,170.57,8.98,0.72,0,4
413.0,155,104,64,0,40,40,0,0,7,0,0.53,170.57,9.29,0.74,0,0
414.0,155,104,64,0,40,40,0,0,8,0,0.53,170.57,9.52,0.75,0,1
415.0,155,104,64,0,40,40,0,0,8,0,0.53,170.57,9.54,0.76,0,1
416.0,155,105,64,0,41,41,0,0,9,0,0.52,171.20,9.25,0.74,0,0
417.0,155,105,64,0,41,41,0,0,8,0,0.52,171.20,9.04,0.73,0,1
418.0,155,105,63,0,42,42,0,0,8,0,0.52,171.93,8.65,0.70,0,1
419.0,155,105,63,0,42,42,0,0,10,0,0.52,171.93,8.57,0.70,0,0
420.0,155,106,64,0,42,42,0,0,11,0,0.52,171.93,8.32,0.67,0,1
421.0,155,106,64,0,42,42,0,0,11,0,0.52,171.93,8.34,0.66,0,1
422.0,155,106,64,0,42,42,0,0,11,0,0.52,171.93,8.21,0.66,0,1
423.0,155,106,64,0,42,42,0,0,11,0,0.52,171.93,8.24,0.67,0,0
424.0,155,107,65,0,42,42,0,0,13,0,0.51,171.93,8.03,0.66,0,1
425.0,155,107,65,0,42,42,0,0,12,0,0.51,171.93,8.0,0.66,0,1
426.0,155,107,65,0,42,42,0,0,12,0,0.51,171.93,8.22,0.67,0,0
427.0,155,107,64,0,43,43,0,0,12,0,0.51,171.07,8.29,0.67,0,1
428.0,155,108,65,0,43,43,0,0,14,0,0.51,171.07,8.26,0.68,0,0
429.0,155,108,65,0,43,43,0,0,13,0,0.51,171.07,8.24,0.68,0,1
430.0,155,108,65,0,43,43,0,0,13,0,0.51,171.07,8.05,0.66,0,1
431.0,155,108,65,0,43,43,0,0,14,0,0.51,171.07,7.86,0.65,0,1
432.0,155,109,65,0,44,44,0,0,16,0,0.50,170.18,7.45,0.62,0,1
433.0,155,109,65,0,44,44,0,0,16,0,0.50,170.18,7.29,0.61,0,1
434.0,155,109,65,0,44,44,0,0,16,0,0.50,170.18,7.21,0.60,0,0
435.0,155,109,64,0,45,45,0,0,17,0,0.50,171.89,7.24,0.60,0,1
436.0,155,110,65,0,45,45,0,0,18,0,0.50,171.89,7.17,0.59,0,1
437.0,155,110,65,0,45,45,0,0,18,0,0.50,171.89,7.28,0.61,0,0
438.0,155,110,65,0,45,45,0,0,18,0,0.50,171.89,7.18,0.60,0,1
439.0,155,110,63,0,47,47,0,0,19,0,0.50,175.60,7.05,0.59,0,1
440.0,155,111,64,0,47,47,0,0,20,0,0.50,175.60,6.69,0.56,0,1
441.0,155,111,64,0,47,47,0,0,19,0,0.50,175.60,6.63,0.56,0,1
442.0,155,111,64,0,47,47,0,0,20,0,0.50,175.60,6.66,0.56,0,0
443.0,155,111,64,0,47,47,0,0,20,0,0.50,175.60,6.52,0.55,0,0
444.0,155,112,65,0,47,47,0,0,22,0,0.49,175.60,6.28,0.52,0,1
445.0,155,112,65,0,47,47,0,0,22,0,0.49,175.60,6.25,0.53,0,1
446.0,155,112,63,0,49,49,0,0,22,0,0.49,179.37,5.97,0.51,0,1
447.0,155,112,63,0,49,49,0,0,23,0,0.49,179.37,5.85,0.50,0,0
448.0,155,113,64,0,49,49,0,0,25,0,0.49,179.37,5.76,0.49,0,0
449.0,155,113,64,0,49,49,0,0,24,0,0.49,179.37,5.76,0.49,0,0
450.0,155,113,64,0,49,49,0,0,3,0,0.49,179.37,6.7,0.56,0,1
451.0,155,113,64,0,49,49,0,0,0,0,0.49,179.37,7.69,0.63,0,1
452.0,155,114,64,0,50,50,0,0,1,0,0.48,183.06,8.06,0.66,0,1
453.0,155,114,63,0,51,51,0,0,0,0,0.48,181.92,8.44,0.69,0,1
454.0,155,114,63,0,51,51,0,0,1,0,0.48,181.92,8.97,0.72,0,1
455.0,155,114,63,0,51,51,0,0,3,0,0.48,181.92,9.43,0.76,0,0
456.0,155,115,64,0,51,51,0,0,4,0,0.48,181.92,9.81,0.78,0,1
457.0,155,115,64,0,51,51,0,0,3,0,0.48,181.92,10.0,0.80,0,1
458.0,155,115,64,0,51,51,0,0,3,0,0.48,181.92,10.06,0.80,0,1
459.0,155,115,63,0,52,52,0,0,3,0,0.48,183.48,10.17,0.81,0,0
460.0,155,116,64,0,52,52,0,0,4,0,0.47,183.48,10.23,0.81,0,0
461.0,155,116,64,0,52,52,0,0,3,0,0.47,183.48,10.4,0.84,0,0
462.0,155,116,63,0,53,53,0,0,3,0,0.47,180.89,10.43,0.85,0,1
463.0,155,116,63,0,53,53,0,0,4,0,0.47,180.89,10.45,0.84,0,1
464.0,155,117,63,0,54,54,0,0,5,0,0.47,182.28,10.06,0.81,0,1
465.0,155,117,63,0,54,54,0,0,4,0,0.47,182.28,9.89,0.80,0,0
466.0,155,117,62,0,55,55,0,0,4,0,0.47,182.35,9.88,0.81,0,0
467.0,155,117,62,0,55,55,0,0,5,0,0.47,182.35,9.74,0.81,0,0
468.0,155,118,63,0,55,55,0,0,7,0,0.47,182.35,9.27,0.75,0,0
469.0,155,118,63,0,55,55,0,0,6,0,0.47,182.35,8.94,0.72,0,1
470.0,155,118,63,0,55,55,0,0,7,0,0.47,182.35,8.67,0.71,0,1
471.0,155,118,63,0,55,55,0,0,8,0,0.47,182.35,8.19,0.68,0,0
472.0,155,119,62,0,57,57,0,0,10,0,0.46,179.30,7.77,0.66,0,1
473.0,155,119,61,0,58,58,0,0,10,0,0.46,180.16,7.32,0.62,0,1
474.0,155,119,61,0,58,58,0,0,11,0,0.46,180.16,7.38,0.63,0,0
475.0,155,119,61,0,58,58,0,0,13,0,0.46,180.16,7.46,0.64,0,0
476.0,155,120,61,0,59,59,0,0,14,0,0.46,183.54,7.4,0.62,0,0
477.0,155,120,61,0,59,59,0,0,15,0,0.46,183.54,7.51,0.63,0,1
478.0,155,120,61,0,59,59,0,0,15,0,0.46,183.54,7.61,0.65,0,1
479.0,155,120,61,0,59,59,0,0,15,0,0.46,183.54,7.43,0.63,0,0
480.0,155,121,62,0,59,59,0,0,15,0,0.45,183.54,7.29,0.62,0,1
481.0,155,121,62,0,59,59,0,0,14,0,0.45,183.54,7.4,0.63,0,1
482.0,155,121,61,0,60,60,0,0,14,0,0.45,184.12,7.58,0.64,0,0
483.0,155,121,61,0,60,60,0,0,15,0,0.45,184.12,7.53,0.63,0,1
484.0,155,122,62,0,60,60,0,0,16,0,0.45,184.12,7.61,0.65,0,0
485.0,155,122,62,0,60,60,0,0,15,0,0.45,184.12,7.25,0.62,0,0
486.0,155,122,62,0,60,60,0,0,15,0,0.45,184.12,7.32,0.63,0,1
487.0,155,122,62,0,60,60,0,0,15,0,0.45,184.12,7.38,0.64,0,1
488.0,155,123,62,0,61,61,0,0,16,0,0.45,187.13,7.27,0.62,0,1
489.0,155,123,62,0,61,61,0,0,15,0,0.45,187.13,7.21,0.63,0,0
490.0,155,123,62,0,61,61,0,0,15,0,0.45,187.13,7.07,0.62,0,0
491.0,155,123,61,0,62,62,0,0,15,0,0.45,187.97,7.03,0.63,0,1
492.0,155,124,62,0,62,62,0,0,16,0,0.44,187.97,6.91,0.59,0,1
493.0,155,124,62,0,62,62,0,0,16,0,0.44,187.97,6.98,0.61,0,0
494.0,155,124,62,0,62,62,0,0,17,0,0.44,187.97,7.12,0.63,0,0
495.0,155,124,60,0,64,64,0,0,7,0,0.44,186.56,7.13,0.62,0,1
496.0,155,125,61,0,64,64,0,0,6,0,0.44,186.56,7.31,0.64,0,1
497.0,155,125,61,0,64,64,0,0,5,0,0.44,186.56,7.6,0.66,0,0
498.0,155,125,61,0,64,64,0,0,6,0,0.44,186.56,7.77,0.67,0,1
499.0,155,125,61,0,64,64,0,0,6,0,0.44,186.56,7.97,0.69,0,1
500.0,155,126,62,0,64,64,0,0,8,0,0.44,186.56,8.15,0.72,0,1
501.0,155,126,62,0,64,64,0,0,8,0,0.44,186.56,8.54,0.74,0,1
502.0,155,126,62,0,64,64,0,0,8,0,0.44,186.56,8.89,0.77,0,1
503.0,155,126,61,0,65,65,0,0,8,0,0.44,185.15,8.97,0.77,0,1
504.0,155,127,62,0,65,65,0,0,9,0,0.43,185.15,8.64,0.75,0,0
505.0,155,127,62,0,65,65,0,0,8,0,0.43,185.15,8.65,0.76,0,1
506.0,155,127,62,0,65,65,0,0,8,0,0.43,185.15,8.61,0.76,0,1
507.0,155,127,60,0,67,67,0,0,8,0,0.43,187.18,8.61,0.75,0,1
508.0,155,128,61,0,67,67,0,0,9,0,0.43,187.18,8.47,0.74,0,1
509.0,155,128,60,0,68,68,0,0,8,0,0.43,188.38,8.17,0.72,0,0
510.0,155,128,59,0,69,69,0,0,8,0,0.43,188.93,8.34,0.76,0,1
511.0,155,128,59,0,69,69,0,0,9,0,0.43,188.93,8.1,0.74,0,1
512.0,155,129,60,0,69,69,0,0,10,0,0.43,188.93,7.85,0.71,0,0
513.0,155,129,60,0,69,69,0,0,9,0,0.43,188.93,7.6,0.68,0,0
514.0,155,129,60,0,69,69,0,0,10,0,0.43,188.93,7.48,0.67,0,0
515.0,155,129,60,0,69,69,0,0,13,0,0.43,188.93,7.32,0.66,0,0
516.0,155,130,60,0,70,70,0,0,14,0,0.42,191.71,7.16,0.66,0,1
517.0,155,130,60,0,70,70,0,0,13,0,0.42,191.71,7.24,0.67,0,1
518.0,155,130,60,0,70,70,0,0,14,0,0.42,191.71,7.27,0.66,0,1
519.0,155,130,60,0,70,70,0,0,14,0,0.42,191.71,7.2,0.67,0,0
520.0,155,130,60,1,70,70,0,0,14,0,0.42,191.71,7.14,0.67,0,1
521.0,155,130,60,1,70,70,0,0,14,0,0.42,191.71,6.83,0.63,0,1
522.0,155,130,60,1,70,70,0,0,14,0,0.42,191.71,6.74,0.63,0,1
523.0,155,130,60,1,70,70,0,0,14,0,0.42,191.71,6.87,0.64,0,1
524.0,155,131,61,1,70,70,0,0,15,0,0.42,191.71,6.95,0.66,0,0
525.0,155,131,61,1,70,70,0,0,14,0,0.42,191.71,6.93,0.65,0,0
526.0,155,132,62,0,70,70,0,0,17,0,0.46,191.71,6.74,0.63,0,0
527.0,155,132,62,0,70,70,0,0,15,0,0.46,191.71,6.72,0.64,0,1
528.0,155,133,63,0,70,70,0,0,16,0,0.46,191.71,6.55,0.64,0,1
529.0,155,133,63,0,70,70,0,0,15,0,0.46,191.71,6.59,0.63,0,0
530.0,155,133,63,0,70,70,0,0,16,0,0.46,191.71,6.67,0.64,0,1
531.0,155,133,63,0,70,70,0,0,16,0,0.46,191.71,6.63,0.63,0,1
532.0,155,134,64,0,70,70,0,0,17,0,0.46,191.71,6.3,0.61,0,0
533.0,155,134,64,0,70,70,0,0,17,0,0.46,191.71,6.2,0.60,0,1
534.0,155,134,63,0,71,71,0,0,17,0,0.46,196.54,6.14,0.59,0,1
535.0,155,134,63,0,71,71,0,0,19,0,0.46,196.54,5.93,0.57,0,0
536.0,155,135,63,0,72,72,0,0,21,0,0.45,196.08,5.55,0.54,0,1
537.0,155,135,63,0,72,72,0,0,21,0,0.45,196.08,5.46,0.53,0,1
538.0,155,135,63,0,72,72,0,0,22,0,0.45,196.08,5.24,0.51,0,1
539.0,155,135,62,0,73,73,0,0,23,0,0.45,197.22,5.27,0.49,0,1
540.0,155,136,63,0,73,73,0,0,5,0,0.45,197.22,6.02,0.55,0,0
541.0,155,136,62,0,74,74,0,0,3,0,0.45,197.54,6.55,0.59,0,1
542.0,155,136,62,0,74,74,0,0,2,0,0.45,197.54,7.17,0.65,0,1
543.0,155,136,62,0,74,74,0,0,2,0,0.45,197.54,7.37,0.64,0,0
544.0,155,136,62,1,74,74,0,0,6,0,0.45,197.54,7.51,0.65,0,1
545.0,155,137,63,0,74,74,0,0,8,0,0.45,197.54,7.55,0.66,0,1
546.0,155,137,63,0,74,74,0,0,8,0,0.45,197.54,7.73,0.67,0,0
547.0,155,137,61,0,76,76,0,0,8,0,0.45,196.37,7.78,0.67,0,0
548.0,155,138,62,0,76,76,0,0,10,0,0.45,196.37,7.98,0.68,0,1
549.0,155,138,62,0,76,76,0,0,8,0,0.45,196.37,8.33,0.73,0,1
550.0,155,138,62,0,76,76,0,0,8,0,0.45,196.37,8.62,0.76,0,1
551.0,155,138,61,0,77,77,0,0,8,0,0.45,198.69,8.91,0.76,0,1
552.0,155,139,61,0,78,78,0,0,9,0,0.45,197.12,8.62,0.74,0,0
553.0,155,139,60,0,79,79,0,0,8,0,0.45,196.00,8.58,0.74,0,1
554.0,155,139,60,0,79,79,0,0,8,0,0.45,196.00,8.39,0.73,0,1
555.0,155,139,59,0,80,80,0,0,8,0,0.45,196.24,8.3,0.72,0,1
556.0,155,140,60,0,80,80,0,0,9,0,0.44,196.24,7.98,0.70,0,0
557.0,155,140,60,0,80,80,0,0,9,0,0.44,196.24,8.02,0.70,0,0
558.0,155,140,59,0,81,81,0,0,10,0,0.44,196.90,7.95,0.70,0,1
559.0,155,140,57,0,83,83,0,0,10,0,0.44,197.63,7.71,0.69,0,1
560.0,155,141,58,0,83,83,0,0,11,0,0.44,197.63,7.52,0.67,0,0
561.0,155,141,58,0,83,83,0,0,10,0,0.44,197.63,7.51,0.67,0,0
562.0,155,141,58,0,83,83,0,0,10,0,0.44,197.63,7.56,0.67,0,0
563.0,155,141,58,0,83,83,0,0,10,0,0.44,197.63,7.61,0.67,0,1
564.0,155,142,58,0,84,84,0,0,12,0,0.44,196.61,7.63,0.67,0,1
565.0,155,142,58,0,84,84,0,0,12,0,0.44,196.61,7.81,0.68,0,1
566.0,155,142,58,0,84,84,0,0,12,0,0.44,196.61,7.98,0.69,0,0
567.0,155,142,58,0,84,84,0,0,12,0,0.44,196.61,8.03,0.71,0,0
568.0,155,143,59,0,84,84,0,0,13,0,0.43,196.61,7.85,0.68,0,0
569.0,155,143,58,0,85,85,0,0,12,0,0.43,198.21,7.82,0.69,0,1
570.0,155,143,58,0,85,85,0,0,11,0,0.43,198.21,8.07,0.71,0,1
571.0,155,143,58,0,85,85,0,0,10,0,0.43,198.21,8.04,0.71,0,1
572.0,155,144,59,0,85,85,0,0,11,0,0.43,198.21,8.09,0.71,0,1
573.0,155,144,58,0,86,86,0,0,10,0,0.43,196.38,8.07,0.71,0,0
574.0,155,144,58,0,86,86,0,0,10,0,0.43,196.38,8.14,0.73,0,0
575.0,155,144,58,0,86,86,0,0,10,0,0.43,196.38,7.57,0.67,0,0
576.0,155,145,59,0,86,86,0,0,11,0,0.43,196.38,7.03,0.63,0,1
577.0,155,145,59,0,86,86,0,0,10,0,0.43,196.38,6.93,0.63,0,1
578.0,155,145,59,0,86,86,0,0,12,0,0.43,196.38,6.92,0.64,0,1
579.0,155,145,59,0,86,86,0,0,12,0,0.43,196.38,7.08,0.66,0,0
580.0,155,146,60,0,86,86,0,0,14,0,0.42,196.38,7.02,0.66,0,0
581.0,155,146,60,0,86,86,0,0,14,0,0.42,196.38,7.1,0.66,0,0
582.0,155,146,59,0,87,87,0,0,14,0,0.42,196.36,7.0,0.65,0,1
583.0,155,146,58,0,88,88,0,0,14,0,0.42,194.93,6.84,0.65,0,1
584.0,155,146,58,1,88,88,0,0,14,0,0.42,194.93,6.63,0.62,0,1
585.0,155,146,58,1,88,88,0,0,6,0,0.42,194.93,6.84,0.66,0,1
586.0,155,147,59,0,88,88,0,0,6,0,0.44,194.93,6.92,0.65,0,0
587.0,155,147,59,0,88,88,0,0,5,0,0.44,194.93,7.31,0.67,0,0
588.0,155,148,59,0,89,89,0,0,6,0,0.43,196.11,7.2,0.65,0,1
589.0,155,148,59,0,89,89,0,0,5,0,0.43,196.11,7.35,0.68,0,0
590.0,155,148,58,0,90,90,0,0,4,0,0.43,198.62,7.86,0.71,0,0
591.0,155,148,58,0,90,90,0,0,5,0,0.43,198.62,8.17,0.73,0,0
592.0,155,149,58,0,91,91,0,0,9,0,0.43,198.42,8.27,0.74,0,1
593.0,155,149,58,0,91,91,0,0,8,0,0.43,198.42,8.37,0.73,0,0
594.0,155,149,58,0,91,91,0,0,8,0,0.43,198.42,8.53,0.74,0,0
595.0,155,149,58,0,91,91,0,0,8,0,0.43,198.42,8.58,0.74,0,1
596.0,155,150,59,0,91,91,0,0,9,0,0.43,198.42,8.42,0.73,0,1
597.0,155,150,59,0,91,91,0,0,8,0,0.43,198.42,8.48,0.75,0,1
598.0,155,150,59,0,91,91,0,0,9,0,0.43,198.42,8.29,0.74,0,1
599.0,155,150,59,0,91,91,0,0,9,0,0.43,198.42,8.2,0.72,0,1
600.0,155,151,60,0,91,91,0,0,10,0,0.42,198.42,7.94,0.70,0,0
601.0,155,151,60,0,91,91,0,0,9,0,0.42,198.42,7.94,0.71,0,0
602.0,155,151,60,0,91,91,0,0,12,0,0.42,198.42,7.85,0.70,0,1
603.0,155,151,59,0,92,92,0,0,12,0,0.42,198.90,7.72,0.69,0,1
604.0,155,152,60,0,92,92,0,0,13,0,0.42,198.90,7.34,0.66,0,1
605.0,155,152,59,0,93,93,0,0,12,0,0.42,197.12,7.07,0.65,0,0
606.0,155,152,57,0,95,95,0,0,12,0,0.42,197.43,6.6,0.61,0,1
607.0,155,152,57,0,95,95,0,0,14,0,0.42,197.43,6.55,0.61,0,0
608.0,155,153,58,0,95,95,0,0,15,0,0.42,197.43,6.38,0.58,0,1
609.0,155,153,58,0,95,95,0,0,16,0,0.42,197.43,6.52,0.61,0,1
610.0,155,153,58,0,95,95,0,0,16,0,0.42,197.43,6.74,0.62,0,0
611.0,155,153,58,0,95,95,0,0,16,0,0.42,197.43,6.62,0.59,0,0
612.0,155,154,58,0,96,96,0,0,17,0,0.42,199.54,6.49,0.59,0,0
613.0,155,154,58,0,96,96,0,0,17,0,0.42,199.54,6.62,0.59,0,1
614.0,155,154,58,0,96,96,0,0,17,0,0.42,199.54,6.73,0.60,0,0
615.0,155,154,57,0,97,97,0,0,17,0,0.42,202.26,6.77,0.62,0,1
616.0,206,155,58,0,97,97,0,0,18,0,0.41,202.26,6.79,0.62,0,3
617.0,206,155,58,0,97,97,0,0,17,0,0.41,202.26,6.77,0.61,0,1
618.0,206,155,57,0,98,98,0,0,17,0,0.41,204.87,6.7,0.60,0,1
619.0,206,155,57,0,98,98,0,0,17,0,0.41,204.87,6.61,0.59,0,1
620.0,206,156,58,0,98,98,0,0,18,0,0.41,204.87,6.6,0.59,0,0
621.0,206,156,57,0,99,99,0,0,17,0,0.41,204.42,6.46,0.59,0,0
622.0,206,156,56,0,100,100,0,0,18,0,0.41,204.40,6.11,0.56,0,1
623.0,206,156,56,0,100,100,0,0,18,0,0.41,204.40,6.14,0.56,0,1
624.0,206,157,57,0,100,100,0,0,19,0,0.41,204.40,5.96,0.55,0,0
625.0,206,157,57,0,100,100,0,0,18,0,0.41,204.40,5.98,0.57,0,0
626.0,206,157,56,0,101,101,0,0,20,0,0.41,203.58,5.82,0.55,0,0
627.0,206,157,56,0,101,101,0,0,20,0,0.41,203.58,5.71,0.54,0,1
628.0,206,158,57,0,101,101,0,0,22,0,0.41,203.58,5.58,0.53,0,0
629.0,206,158,56,0,102,102,0,0,21,0,0.41,203.99,5.46,0.51,0,1
630.0,206,158,55,0,103,103,0,0,9,0,0.41,205.17,5.85,0.56,0,1
631.0,206,158,55,0,103,103,0,0,5,0,0.41,205.17,6.52,0.61,0,0
632.0,206,159,56,0,103,103,0,0,4,0,0.40,205.17,7.0,0.62,0,1
633.0,206,159,56,0,103,103,0,0,2,0,0.40,205.17,7.31,0.63,0,1
634.0,206,159,56,0,103,103,0,0,3,0,0.40,205.17,7.63,0.67,0,0
635.0,206,159,55,0,104,104,0,0,4,0,0.40,205.88,7.65,0.65,0,0
636.0,206,160,56,0,104,104,0,0,7,0,0.40,205.88,7.87,0.68,0,1
637.0,206,160,56,0,104,104,0,0,6,0,0.40,205.88,8.23,0.71,0,1
638.0,206,160,56,0,104,104,0,0,6,0,0.40,205.88,8.57,0.74,0,1
639.0,206,160,56,0,104,104,0,0,7,0,0.40,205.88,8.59,0.74,0,1
640.0,206,161,57,0,104,104,0,0,8,0,0.40,205.88,8.5,0.74,0,0
641.0,206,161,57,0,104,104,0,0,7,0,0.40,205.88,8.63,0.73,0,0
642.0,206,161,57,0,104,104,0,0,7,0,0.40,205.88,8.63,0.74,0,0
643.0,206,161,57,0,104,104,0,0,7,0,0.40,205.88,8.58,0.73,0,1
644.0,206,162,58,0,104,104,0,0,8,0,0.40,205.88,8.41,0.71,0,1
645.0,206,162,58,0,104,104,0,0,8,0,0.40,205.88,8.55,0.73,0,1
646.0,206,162,58,0,104,104,0,0,8,0,0.40,205.88,8.56,0.73,0,1
647.0,206,162,58,0,104,104,0,0,8,0,0.40,205.88,8.67,0.75,0,1
648.0,206,163,59,0,104,104,0,0,10,0,0.39,205.88,8.33,0.71,0,1
649.0,206,163,58,0,105,105,0,0,9,0,0.39,206.07,8.18,0.69,0,0
650.0,206,163,58,0,105,105,0,0,9,0,0.39,206.07,7.8,0.67,0,1
651.0,206,163,57,0,106,106,0,0,9,0,0.39,204.98,7.31,0.64,0,1
652.0,206,164,58,0,106,106,0,0,10,0,0.39,204.98,7.02,0.60,0,0
653.0,206,164,57,0,107,107,0,0,12,0,0.39,204.79,6.83,0.61,0,0
654.0,206,164,57,0,107,107,0,0,16,0,0.39,204.79,6.74,0.61,0,0
655.0,206,164,57,0,107,107,0,0,16,0,0.39,204.79,6.51,0.61,0,1
656.0,206,165,58,0,107,107,0,0,17,0,0.39,204.79,6.43,0.59,0,1
657.0,206,165,57,0,108,108,0,0,16,0,0.39,204.39,6.37,0.57,0,0
658.0,206,165,56,0,109,109,0,0,16,0,0.39,203.96,6.34,0.58,0,1
659.0,206,165,56,0,109,109,0,0,16,0,0.39,203.96,6.41,0.59,0,1
660.0,206,166,57,0,109,109,0,0,17,0,0.39,203.96,6.43,0.59,0,1
661.0,206,166,57,0,109,109,0,0,15,0,0.39,203.96,6.47,0.59,0,0
662.0,206,166,57,0,109,109,0,0,15,0,0.39,203.96,6.62,0.62,0,0
663.0,206,166,57,0,109,109,0,0,15,0,0.39,203.96,6.62,0.61,0,0
664.0,206,167,57,0,110,110,0,0,16,0,0.38,204.55,6.66,0.59,0,1
665.0,206,167,57,0,110,110,0,0,15,0,0.38,204.55,6.89,0.62,0,1
666.0,206,167,57,0,110,110,0,0,15,0,0.38,204.55,6.97,0.61,0,0
667.0,206,167,57,0,110,110,0,0,15,0,0.38,204.55,7.15,0.64,0,1
668.0,206,168,58,0,110,110,0,0,16,0,0.38,204.55,7.24,0.64,0,1
669.0,206,168,58,0,110,110,0,0,15,0,0.38,204.55,7.31,0.64,0,1
670.0,206,168,58,0,110,110,0,0,15,0,0.38,204.55,7.31,0.64,0,1
671.0,206,168,58,0,110,110,0,0,15,0,0.38,204.55,7.26,0.65,0,1
672.0,206,169,59,0,110,110,0,0,16,0,0.38,204.55,6.87,0.61,0,1
673.0,206,169,59,0,110,110,0,0,15,0,0.38,204.55,6.99,0.62,0,1
674.0,206,169,59,0,110,110,0,0,15,0,0.38,204.55,6.88,0.60,0,1
675.0,206,169,58,0,111,111,0,0,6,0,0.38,205.97,7.24,0.63,0,1
676.0,206,170,59,0,111,111,0,0,4,0,0.38,205.97,7.55,0.65,0,0
677.0,206,170,59,0,111,111,0,0,3,0,0.38,205.97,7.89,0.67,0,1
678.0,206,170,59,0,111,111,0,0,3,0,0.38,205.97,8.29,0.70,0,1
679.0,206,170,59,0,111,111,0,0,4,0,0.38,205.97,8.4,0.70,0,1
680.0,206,171,60,0,111,111,0,0,4,0,0.37,205.97,8.44,0.71,0,0
681.0,206,171,60,0,111,111,0,0,5,0,0.37,205.97,8.53,0.71,0,1
682.0,206,171,60,0,111,111,0,0,7,0,0.37,205.97,8.58,0.70,0,1
683.0,206,171,59,0,112,112,0,0,9,0,0.37,207.09,8.59,0.72,0,1
684.0,206,172,60,0,112,112,0,0,10,0,0.37,207.09,8.51,0.71,0,1
685.0,206,172,60,0,112,112,0,0,9,0,0.37,207.09,8.6,0.72,0,1
686.0,206,172,60,0,112,112,0,0,9,0,0.37,207.09,8.57,0.71,0,1
687.0,206,172,60,0,112,112,0,0,9,0,0.37,207.09,8.29,0.69,0,1
688.0,206,173,61,0,112,112,0,0,10,0,0.37,207.09,8.13,0.68,0,0
689.0,206,173,61,0,112,112,0,0,9,0,0.37,207.09,7.85,0.66,0,1
690.0,206,173,61,0,112,112,0,0,10,0,0.37,207.09,7.8,0.67,0,1
691.0,206,173,61,0,112,112,0,0,11,0,0.37,207.09,7.9,0.67,0,0
692.0,206,174,62,0,112,112,0,0,12,0,0.37,207.09,7.65,0.64,0,1
693.0,206,174,62,0,112,112,0,0,12,0,0.37,207.09,7.73,0.66,0,1
694.0,206,174,62,0,112,112,0,0,12,0,0.37,207.09,7.71,0.65,0,1
695.0,206,174,62,0,112,112,0,0,12,0,0.37,207.09,7.49,0.64,0,0
696.0,206,175,63,0,112,112,0,0,14,0,0.37,207.09,7.25,0.62,0,1
697.0,206,175,62,0,113,113,0,0,14,0,0.37,209.80,7.28,0.61,0,1
698.0,206,175,62,0,113,113,0,0,15,0,0.37,209.80,7.23,0.61,0,0
699.0,206,175,62,0,113,113,0,0,16,0,0.37,209.80,7.1,0.59,0,1
700.0,206,176,62,0,114,114,0,0,18,0,0.36,211.04,6.94,0.58,0,1
701.0,206,176,62,0,114,114,0,0,17,0,0.36,211.04,6.9,0.58,0,1
702.0,206,176,62,0,114,114,0,0,18,0,0.36,211.04,6.98,0.58,0,0
703.0,206,176,62,0,114,114,0,0,18,0,0.36,211.04,7.01,0.60,0,1
704.0,206,177,63,0,114,114,0,0,20,0,0.36,211.04,6.76,0.57,0,1
705.0,206,177,63,0,114,114,0,0,20,0,0.36,211.04,6.8,0.58,0,0
706.0,206,177,61,0,116,116,0,0,20,0,0.36,211.68,6.47,0.56,0,0
707.0,206,177,60,0,117,117,0,0,20,0,0.36,210.89,6.18,0.54,0,1
708.0,206,178,61,0,117,117,0,0,21,0,0.36,210.89,6.13,0.53,0,1
709.0,206,178,61,0,117,117,0,0,21,0,0.36,210.89,6.25,0.54,0,1
710.0,206,178,61,0,117,117,0,0,21,0,0.36,210.89,6.38,0.55,0,0
711.0,206,178,61,0,117,117,0,0,21,0,0.36,210.89,6.41,0.55,0,0
712.0,206,179,62,0,117,117,0,0,22,0,0.36,210.89,6.45,0.55,0,1
713.0,206,179,62,0,117,117,0,0,21,0,0.36,210.89,6.45,0.55,0,1
714.0,206,179,62,0,117,117,0,0,21,0,0.36,210.89,6.31,0.55,0,1
715.0,206,179,62,0,117,117,0,0,22,0,0.36,210.89,6.04,0.53,0,0
716.0,206,180,63,0,117,117,0,0,24,0,0.36,210.89,5.63,0.48,0,0
717.0,206,180,63,0,117,117,0,0,24,0,0.36,210.89,5.47,0.48,0,0
718.0,206,180,63,0,117,117,0,0,24,0,0.36,210.89,5.25,0.46,0,0
719.0,206,180,63,0,117,117,0,0,24,0,0.36,210.89,5.04,0.44,0,1
720.0,206,181,63,0,118,118,0,0,12,0,0.35,214.32,5.64,0.48,0,1
721.0,206,181,63,0,118,118,0,0,7,0,0.35,214.32,6.35,0.53,0,1
722.0,206,181,63,0,118,118,0,0,6,0,0.35,214.32,7.08,0.58,0,1
723.0,206,181,61,0,120,120,0,0,7,0,0.35,214.83,7.52,0.62,0,1
724.0,206,182,62,0,120,120,0,0,10,0,0.35,214.83,7.78,0.64,0,1
725.0,206,182,62,0,120,120,0,0,10,0,0.35,214.83,8.14,0.65,0,1
726.0,206,182,62,0,120,120,0,0,9,0,0.35,214.83,8.63,0.68,0,1
727.0,206,182,61,0,121,121,0,0,8,0,0.35,215.96,8.8,0.68,0,1
728.0,206,183,61,0,122,122,0,0,9,0,0.35,215.07,8.78,0.69,0,1
729.0,206,183,60,0,123,123,0,0,8,0,0.35,214.96,9.01,0.70,0,1
730.0,206,183,60,0,123,123,0,0,8,0,0.35,214.96,9.06,0.70,0,0
731.0,206,183,60,0,123,123,0,0,9,0,0.35,214.96,9.19,0.72,0,1
732.0,206,184,61,0,123,123,0,0,10,0,0.35,214.96,9.02,0.69,0,1
733.0,206,184,60,0,124,124,0,0,9,0,0.35,213.75,9.07,0.70,0,1
734.0,206,184,60,0,124,124,0,0,9,0,0.35,213.75,9.34,0.72,0,1
735.0,206,184,60,0,124,124,0,0,11,0,0.35,213.75,9.17,0.70,0,1
736.0,206,185,61,0,124,124,0,0,11,0,0.35,213.75,8.86,0.67,0,0
737.0,206,185,61,0,124,124,0,0,10,0,0.35,213.75,8.56,0.66,0,0
738.0,206,185,61,0,124,124,0,0,11,0,0.35,213.75,8.39,0.65,0,1
739.0,206,185,61,0,124,124,0,0,14,0,0.35,213.75,8.36,0.65,0,1
740.0,206,186,62,0,124,124,0,0,15,0,0.34,213.75,7.92,0.61,0,1
741.0,206,186,62,0,124,124,0,0,15,0,0.34,213.75,7.76,0.61,0,1
742.0,206,186,61,0,125,125,0,0,15,0,0.34,213.53,7.7,0.60,0,1
743.0,206,186,61,0,125,125,0,0,16,0,0.34,213.53,7.63,0.62,0,1
744.0,206,187,62,0,125,125,0,0,18,0,0.34,213.53,7.43,0.60,0,0
745.0,206,187,62,0,125,125,0,0,18,0,0.34,213.53,7.41,0.59,0,1
746.0,206,187,62,0,125,125,0,0,18,0,0.34,213.53,7.38,0.59,0,1
747.0,206,187,62,0,125,125,0,0,20,0,0.34,213.53,7.31,0.59,0,1
748.0,206,188,63,0,125,125,0,0,21,0,0.34,213.53,7.2,0.58,0,1
749.0,206,188,63,0,125,125,0,0,20,0,0.34,213.53,7.15,0.58,0,1
750.0,206,188,63,0,125,125,0,0,18,0,0.34,213.53,7.29,0.58,0,0
751.0,206,188,63,0,125,125,0,0,17,0,0.34,213.53,7.45,0.60,0,1
752.0,206,189,64,0,125,125,0,0,17,0,0.34,213.53,7.46,0.60,0,1
753.0,206,189,64,0,125,125,0,0,15,0,0.34,213.53,7.76,0.62,0,0
754.0,206,189,64,0,125,125,0,0,15,0,0.34,213.53,7.79,0.63,0,1
755.0,206,189,64,0,125,125,0,0,16,0,0.34,213.53,7.8,0.63,0,1
756.0,206,190,65,0,125,125,0,0,15,0,0.34,213.53,7.78,0.63,0,1
757.0,206,190,65,0,125,125,0,0,13,0,0.34,213.53,7.78,0.63,0,1
758.0,206,190,65,0,125,125,0,0,13,0,0.34,213.53,7.98,0.64,0,1
759.0,206,190,65,0,125,125,0,0,13,0,0.34,213.53,8.0,0.65,0,0
760.0,206,191,66,0,125,125,0,0,14,0,0.34,213.53,7.94,0.64,0,1
761.0,206,191,65,0,126,126,0,0,13,0,0.34,212.63,8.11,0.66,0,1
762.0,206,191,65,0,126,126,0,0,14,0,0.34,212.63,8.17,0.67,0,0
763.0,206,191,65,0,126,126,0,0,15,0,0.34,212.63,8.05,0.66,0,0
764.0,206,192,65,0,127,127,0,0,17,0,0.33,212.28,7.58,0.62,0,1
765.0,206,192,64,0,128,128,0,0,10,0,0.33,213.40,7.74,0.64,0,1
766.0,206,192,64,0,128,128,0,0,6,0,0.33,213.40,7.85,0.64,0,1
767.0,206,192,64,0,128,128,0,0,5,0,0.33,213.40,8.09,0.65,0,0
768.0,206,193,64,0,129,129,0,0,6,0,0.33,214.75,8.25,0.67,0,1
769.0,206,193,64,0,129,129,0,0,5,0,0.33,214.75,8.63,0.70,0,1
770.0,206,193,63,0,130,130,0,0,3,0,0.33,214.28,8.74,0.71,0,1
771.0,206,193,63,0,130,130,0,0,4,0,0.33,214.28,8.94,0.73,0,0
772.0,206,194,63,0,131,131,0,0,6,0,0.33,214.15,8.71,0.70,0,1
773.0,206,194,62,0,132,132,0,0,7,0,0.33,214.20,8.64,0.69,0,1
774.0,206,194,62,0,132,132,0,0,9,0,0.33,214.20,8.54,0.68,0,0
775.0,206,194,62,0,132,132,0,0,9,0,0.33,214.20,8.35,0.67,0,1
776.0,206,195,62,0,133,133,0,0,12,0,0.33,215.05,8.21,0.65,0,1
777.0,206,195,62,0,133,133,0,0,15,0,0.33,215.05,7.9,0.63,0,1
778.0,206,195,62,0,133,133,0,0,15,0,0.33,215.05,7.75,0.63,0,1
779.0,206,195,61,0,134,134,0,0,15,0,0.33,216.84,7.54,0.61,0,0
780.0,206,196,62,0,134,134,0,0,17,0,0.33,216.84,7.19,0.58,0,1
781.0,206,196,62,0,134,134,0,0,17,0,0.33,216.84,7.16,0.60,0,1
782.0,206,196,62,0,134,134,0,0,17,0,0.33,216.84,6.91,0.58,0,0
783.0,206,196,62,0,134,134,0,0,18,0,0.33,216.84,6.78,0.57,0,0
784.0,206,197,63,0,134,134,0,0,21,0,0.32,216.84,6.57,0.55,0,1
785.0,206,197,62,0,135,135,0,0,21,0,0.32,217.01,6.46,0.55,0,0
786.0,206,197,62,0,135,135,0,0,20,0,0.32,217.01,6.47,0.55,0,1
787.0,206,197,62,0,135,135,0,0,22,0,0.32,217.01,6.55,0.56,0,0
788.0,206,198,63,0,135,135,0,0,24,0,0.32,217.01,6.32,0.53,0,1
789.0,206,198,63,0,135,135,0,0,23,0,0.32,217.01,6.33,0.54,0,0
790.0,206,198,63,0,135,135,0,0,23,0,0.32,217.01,6.2,0.54,0,1
791.0,206,198,63,0,135,135,0,0,23,0,0.32,217.01,6.23,0.54,0,1
792.0,206,199,64,0,135,135,0,0,24,0,0.32,217.01,6.06,0.52,0,1
793.0,206,199,64,0,135,135,0,0,23,0,0.32,217.01,6.3,0.55,0,1
794.0,206,199,64,0,135,135,0,0,23,0,0.32,217.01,6.29,0.54,0,0
795.0,206,199,64,0,135,135,0,0,23,0,0.32,217.01,6.29,0.54,0,0
796.0,206,200,65,0,135,135,0,0,25,0,0.32,217.01,6.28,0.54,0,1
797.0,206,200,64,0,136,136,0,0,24,0,0.32,218.31,6.16,0.54,0,0
798.0,206,200,64,0,136,136,0,0,24,0,0.32,218.31,6.01,0.52,0,1
799.0,206,200,63,0,137,137,0,0,24,0,0.32,218.14,5.93,0.52,0,1
800.0,206,201,64,0,137,137,0,0,25,0,0.32,218.14,5.82,0.51,0,0
801.0,206,201,64,0,137,137,0,0,25,0,0.32,218.14,5.77,0.50,0,1
802.0,206,201,64,0,137,137,0,0,25,0,0.32,218.14,5.68,0.50,0,1
803.0,206,201,64,0,137,137,0,0,26,0,0.32,218.14,5.65,0.49,0,0
804.0,206,202,65,0,137,137,0,0,27,0,0.32,218.14,5.36,0.48,0,1
805.0,206,202,65,0,137,137,0,0,26,0,0.32,218.14,5.34,0.47,0,1
806.0,206,202,65,0,137,137,0,0,27,0,0.32,218.14,5.37,0.48,0,1
807.0,206,202,65,0,137,137,0,0,27,0,0.32,218.14,5.3,0.48,0,0
808.0,206,203,65,0,138,138,0,0,29,0,0.32,220.47,5.18,0.46,0,0
809.0,206,203,65,0,138,138,0,0,28,0,0.32,220.47,5.04,0.45,0,1
810.0,206,203,65,0,138,138,0,0,9,0,0.32,220.47,5.8,0.50,0,1
811.0,206,203,65,0,138,138,0,0,4,0,0.32,220.47,6.54,0.56,0,1
812.0,206,204,66,0,138,138,0,0,5,0,0.31,220.47,7.12,0.59,0,0
813.0,206,204,66,0,138,138,0,0,4,0,0.31,220.47,7.58,0.64,0,1
814.0,206,204,66,0,138,138,0,0,4,0,0.31,220.47,8.09,0.66,0,1
815.0,206,204,66,0,138,138,0,0,4,0,0.31,220.47,8.65,0.70,0,1
816.0,206,204,66,1,138,138,0,0,3,0,0.31,220.47,8.92,0.72,0,1
817.0,206,204,66,1,138,138,0,0,5,0,0.31,220.47,9.23,0.74,0,1
818.0,206,205,67,0,138,138,0,0,7,0,0.32,220.47,9.27,0.74,0,1
819.0,206,205,67,0,138,138,0,0,7,0,0.32,220.47,9.46,0.77,0,1
820.0,257,206,67,0,139,139,0,0,9,0,0.32,220.24,9.29,0.75,0,4
821.0,257,206,67,0,139,139,0,0,8,0,0.32,220.24,9.14,0.74,0,1
822.0,257,206,66,0,140,140,0,0,8,0,0.32,221.08,8.92,0.73,0,1
823.0,257,206,66,0,140,140,0,0,8,0,0.32,221.08,8.8,0.72,0,1
824.0,257,207,67,0,140,140,0,0,10,0,0.32,221.08,8.66,0.72,0,1
825.0,257,207,66,0,141,141,0,0,11,0,0.32,221.25,8.41,0.70,0,1
826.0,257,207,66,0,141,141,0,0,12,0,0.32,221.25,8.28,0.69,0,1
827.0,257,207,66,0,141,141,0,0,12,0,0.32,221.25,8.34,0.69,0,1
828.0,257,208,67,0,141,141,0,0,13,0,0.32,221.25,8.14,0.67,0,1
829.0,257,208,67,0,141,141,0,0,12,0,0.32,221.25,8.02,0.66,0,1
830.0,257,208,67,0,141,141,0,0,13,0,0.32,221.25,7.99,0.66,0,1
831.0,257,208,67,0,141,141,0,0,13,0,0.32,221.25,7.84,0.65,0,1
832.0,257,209,68,0,141,141,0,0,16,0,0.32,221.25,7.59,0.63,0,1
833.0,257,209,68,0,141,141,0,0,14,0,0.32,221.25,7.6,0.63,0,1
834.0,257,209,68,0,141,141,0,0,16,0,0.32,221.25,7.57,0.63,0,1
835.0,257,209,68,0,141,141,0,0,17,0,0.32,221.25,7.57,0.63,0,1
836.0,257,209,68,1,141,141,0,0,17,0,0.32,221.25,7.48,0.61,0,0
837.0,257,209,67,1,142,142,0,0,18,0,0.32,220.71,7.53,0.63,0,1
838.0,257,209,67,1,142,142,0,0,19,0,0.32,220.71,7.51,0.63,0,0
839.0,257,209,67,1,142,142,0,0,19,0,0.32,220.71,7.54,0.64,0,1
840.0,257,210,68,1,142,142,0,0,19,0,0.31,220.71,7.33,0.62,0,1
841.0,257,210,68,1,142,142,0,0,19,0,0.31,220.71,7.18,0.61,0,0
842.0,257,210,68,1,142,142,0,0,19,0,0.31,220.71,7.23,0.62,0,1
843.0,257,210,68,1,142,142,0,0,19,0,0.31,220.71,7.12,0.62,0,1
844.0,257,211,69,1,142,142,0,0,20,0,0.31,220.71,6.79,0.58,0,1
845.0,257,211,68,1,143,143,0,0,19,0,0.31,220.27,6.6,0.57,0,0
846.0,257,211,68,1,143,143,0,0,19,0,0.31,220.27,6.64,0.58,0,1
847.0,257,211,68,1,143,143,0,0,20,0,0.31,220.27,6.57,0.58,0,1
848.0,257,212,69,1,143,143,0,0,21,0,0.31,220.27,6.43,0.56,0,1
849.0,257,212,69,1,143,143,0,0,22,0,0.31,220.27,6.42,0.56,0,1
850.0,257,212,68,1,144,144,0,0,23,0,0.31,221.11,6.55,0.57,0,1
851.0,257,212,68,1,144,144,0,0,23,0,0.31,221.11,6.52,0.57,0,1
852.0,257,213,69,1,144,144,0,0,24,0,0.31,221.11,6.44,0.56,0,1
853.0,257,213,69,1,144,144,0,0,23,0,0.31,221.11,6.44,0.57,0,1
854.0,257,213,69,1,144,144,0,0,23,0,0.31,221.11,6.45,0.57,0,1
855.0,257,213,68,1,145,145,0,0,9,0,0.31,220.49,6.75,0.60,0,1
856.0,257,214,69,1,145,145,0,0,6,0,0.31,220.49,7.17,0.62,0,1
857.0,257,214,69,1,145,145,0,0,5,0,0.31,220.49,7.61,0.66,0,1
858.0,257,214,67,1,147,147,0,0,4,0,0.31,220.92,8.02,0.69,0,1
859.0,257,214,66,1,148,148,0,0,4,0,0.31,220.74,8.17,0.69,0,1
860.0,257,215,66,1,149,149,0,0,6,0,0.31,221.73,8.32,0.71,0,1
861.0,257,216,67,0,149,149,0,0,7,0,0.42,221.73,8.41,0.71,0,1
862.0,257,216,67,0,149,149,0,0,6,0,0.42,221.73,8.53,0.72,0,1
863.0,257,216,67,0,149,149,0,0,8,0,0.42,221.73,8.65,0.72,0,1
864.0,257,217,68,0,149,149,0,0,10,0,0.42,221.73,8.62,0.72,0,1
865.0,257,217,66,0,151,151,0,0,10,0,0.42,221.48,8.42,0.70,0,1
866.0,257,217,66,0,151,151,0,0,11,0,0.42,221.48,8.61,0.71,0,1
867.0,257,217,66,0,151,151,0,0,11,0,0.42,221.48,8.71,0.73,0,0
868.0,257,218,67,0,151,151,0,0,13,0,0.42,221.48,8.62,0.72,0,1
869.0,257,218,66,0,152,152,0,0,12,0,0.42,221.53,8.26,0.70,0,1
870.0,257,218,65,0,153,153,0,0,12,0,0.42,221.56,8.03,0.67,0,0
871.0,257,218,65,0,153,153,0,0,13,0,0.42,221.56,7.89,0.67,0,1
872.0,257,219,66,0,153,153,0,0,14,0,0.42,221.56,7.42,0.64,0,1
873.0,257,219,66,0,153,153,0,0,15,0,0.42,221.56,7.02,0.61,0,1
874.0,257,219,66,0,153,153,0,0,17,0,0.42,221.56,6.84,0.61,0,0
875.0,257,219,65,0,154,154,0,0,17,0,0.42,222.45,6.65,0.59,0,0
876.0,257,220,66,0,154,154,0,0,21,0,0.41,222.45,6.53,0.57,0,1
877.0,257,220,66,0,154,154,0,0,22,0,0.41,222.45,6.51,0.58,0,1
878.0,257,220,66,0,154,154,0,0,22,0,0.41,222.45,6.35,0.57,0,1
879.0,257,220,66,0,154,154,0,0,23,0,0.41,222.45,6.32,0.56,0,1
880.0,257,221,67,0,154,154,0,0,24,0,0.41,222.45,6.18,0.55,0,0
881.0,257,221,67,0,154,154,0,0,24,0,0.41,222.45,6.03,0.54,0,0
882.0,257,221,65,0,156,156,0,0,24,0,0.41,225.04,5.81,0.52,0,1
883.0,257,221,65,0,156,156,0,0,24,0,0.41,225.04,5.92,0.53,0,1
884.0,257,222,66,0,156,156,0,0,25,0,0.41,225.04,5.71,0.51,0,0
885.0,257,222,66,0,156,156,0,0,26,0,0.41,225.04,5.63,0.51,0,1
886.0,257,222,65,0,157,157,0,0,26,0,0.41,223.97,5.58,0.50,0,0
887.0,257,222,65,0,157,157,0,0,26,0,0.41,223.97,5.61,0.51,0,1
888.0,257,223,66,0,157,157,0,0,27,0,0.41,223.97,5.32,0.49,0,1
889.0,257,223,66,0,157,157,0,0,26,0,0.41,223.97,5.21,0.49,0,1
890.0,257,223,66,0,157,157,0,0,26,0,0.41,223.97,5.01,0.46,0,0
891.0,257,223,66,0,157,157,0,0,26,0,0.41,223.97,4.87,0.45,0,1
892.0,257,224,67,0,157,157,0,0,27,0,0.41,223.97,4.92,0.45,0,1
893.0,257,224,67,0,157,157,0,0,26,0,0.41,223.97,4.94,0.45,0,1
894.0,257,224,67,0,157,157,0,0,28,0,0.41,223.97,4.99,0.46,0,0
895.0,257,224,67,0,157,157,0,0,28,0,0.41,223.97,5.11,0.47,0,1
896.0,257,225,68,0,157,157,0,0,30,0,0.40,223.97,5.0,0.46,0,1
897.0,257,225,68,0,157,157,0,0,30,0,0.40,223.97,4.84,0.44,0,0
898.0,257,225,68,0,157,157,0,0,30,0,0.40,223.97,4.72,0.44,0,0
899.0,257,225,68,0,157,157,0,0,31,0,0.40,223.97,4.5,0.43,0,1
900.0,257,226,69,0,157,157,0,0,8,0,0.40,223.97,5.22,0.48,0,2
901.0,257,226,69,0,157,157,0,0,5,0,0.40,223.97,5.93,0.53,0,0
902.0,257,226,69,0,157,157,0,0,4,0,0.40,223.97,6.55,0.59,0,1
903.0,257,226,69,0,157,157,0,0,5,0,0.40,223.97,6.94,0.61,0,1
904.0,257,227,70,0,157,157,0,0,7,0,0.40,223.97,7.28,0.63,0,1
905.0,257,227,70,0,157,157,0,0,6,0,0.40,223.97,7.77,0.68,0,1
906.0,257,227,69,0,158,158,0,0,6,0,0.40,224.49,8.11,0.71,0,1
907.0,257,227,69,0,158,158,0,0,8,0,0.40,224.49,8.43,0.74,0,1
908.0,257,228,70,0,158,158,0,0,9,0,0.40,224.49,8.39,0.73,0,0
909.0,257,228,68,0,160,160,0,0,9,0,0.40,223.45,8.21,0.71,0,1
910.0,257,228,68,0,160,160,0,0,10,0,0.40,223.45,8.15,0.71,0,1
911.0,257,228,68,0,160,160,0,0,10,0,0.40,223.45,8.03,0.70,0,0
912.0,257,229,69,0,160,160,0,0,12,0,0.40,223.45,7.88,0.69,0,1
913.0,257,229,68,0,161,161,0,0,11,0,0.40,224.23,7.75,0.68,0,1
914.0,257,229,68,0,161,161,0,0,11,0,0.40,224.23,7.7,0.67,0,1
915.0,257,229,68,0,161,161,0,0,12,0,0.40,224.23,7.67,0.66,0,1
916.0,257,230,69,0,161,161,0,0,13,0,0.40,224.23,7.56,0.67,0,1
917.0,257,230,69,0,161,161,0,0,13,0,0.40,224.23,7.49,0.66,0,0
918.0,257,230,69,0,161,161,0,0,14,0,0.40,224.23,7.41,0.65,0,1
919.0,257,230,69,0,161,161,0,0,15,0,0.40,224.23,7.39,0.65,0,1
920.0,257,231,70,0,161,161,0,0,17,0,0.39,224.23,7.29,0.64,0,0
921.0,257,231,69,0,162,162,0,0,16,0,0.39,224.16,7.08,0.62,0,1
922.0,257,231,69,0,162,162,0,0,16,0,0.39,224.16,7.07,0.63,0,1
923.0,257,231,69,0,162,162,0,0,17,0,0.39,224.16,6.95,0.62,0,0
924.0,257,232,70,0,162,162,0,0,20,0,0.39,224.16,6.86,0.59,0,0
925.0,257,232,70,0,162,162,0,0,21,0,0.39,224.16,6.85,0.60,0,0
926.0,257,232,70,0,162,162,0,0,21,0,0.39,224.16,6.74,0.59,0,1
927.0,257,232,69,0,163,163,0,0,21,0,0.39,224.62,6.76,0.59,0,0
928.0,257,233,70,0,163,163,0,0,22,0,0.39,224.62,6.66,0.58,0,0
929.0,257,233,70,0,163,163,0,0,22,0,0.39,224.62,6.7,0.58,0,1
930.0,257,233,70,0,163,163,0,0,21,0,0.39,224.62,6.71,0.59,0,1
931.0,257,233,70,0,163,163,0,0,22,0,0.39,224.62,6.57,0.58,0,1
932.0,257,234,71,0,163,163,0,0,23,0,0.39,224.62,6.59,0.57,0,1
933.0,257,234,71,0,163,163,0,0,22,0,0.39,224.62,6.75,0.59,0,1
934.0,257,234,71,0,163,163,0,0,22,0,0.39,224.62,6.8,0.59,0,1
935.0,257,234,71,0,163,163,0,0,22,0,0.39,224.62,6.83,0.59,0,1
936.0,257,235,71,0,164,164,0,0,23,0,0.39,226.57,6.78,0.58,0,1
937.0,257,235,71,0,164,164,0,0,22,0,0.39,226.57,6.72,0.57,0,0
938.0,257,235,71,0,164,164,0,0,22,0,0.39,226.57,6.76,0.57,0,1
939.0,257,235,71,0,164,164,0,0,22,0,0.39,226.57,6.73,0.56,0,1
940.0,257,236,72,0,164,164,0,0,23,0,0.39,226.57,6.65,0.56,0,1
941.0,257,236,72,0,164,164,0,0,22,0,0.39,226.57,6.61,0.56,0,1
942.0,257,236,72,0,164,164,0,0,22,0,0.39,226.57,6.67,0.57,0,0
943.0,257,236,72,0,164,164,0,0,22,0,0.39,226.57,6.59,0.57,0,1
944.0,257,237,73,0,164,164,0,0,24,0,0.38,226.57,6.67,0.58,0,1
945.0,257,237,73,0,164,164,0,0,10,0,0.38,226.57,7.08,0.60,0,1
946.0,257,237,73,0,164,164,0,0,8,0,0.38,226.57,7.61,0.64,0,1
947.0,257,237,73,0,164,164,0,0,8,0,0.38,226.57,8.03,0.68,0,1
948.0,257,238,74,0,164,164,0,0,8,0,0.38,226.57,8.29,0.68,0,1
949.0,257,238,74,0,164,164,0,0,6,0,0.38,226.57,8.59,0.71,0,1
950.0,257,238,74,0,164,164,0,0,4,0,0.38,226.57,8.95,0.74,0,1
951.0,257,238,73,0,165,165,0,0,4,0,0.38,227.03,9.19,0.74,0,1
952.0,257,239,72,0,167,167,0,0,7,0,0.38,227.74,9.18,0.73,0,1
953.0,257,239,72,0,167,167,0,0,7,0,0.38,227.74,8.94,0.72,0,1
954.0,257,239,71,0,168,168,0,0,9,0,0.38,227.73,8.9,0.71,0,1
955.0,257,239,71,0,168,168,0,0,10,0,0.38,227.73,8.94,0.72,0,0
956.0,257,240,72,0,168,168,0,0,12,0,0.38,227.73,8.86,0.71,0,1
957.0,257,240,72,0,168,168,0,0,13,0,0.38,227.73,8.78,0.70,0,1
958.0,257,240,72,0,168,168,0,0,14,0,0.38,227.73,8.58,0.69,0,1
959.0,257,240,72,0,168,168,0,0,14,0,0.38,227.73,8.36,0.68,0,1
960.0,257,241,72,0,169,169,0,0,17,0,0.38,228.37,7.92,0.65,0,1
961.0,257,241,72,0,169,169,0,0,17,0,0.38,228.37,7.82,0.64,0,1
962.0,257,241,72,0,169,169,0,0,18,0,0.38,228.37,7.74,0.63,0,1
963.0,257,241,72,0,169,169,0,0,20,0,0.38,228.37,7.7,0.63,0,0
964.0,257,242,73,0,169,169,0,0,21,0,0.38,228.37,7.37,0.60,0,1
965.0,257,242,73,0,169,169,0,0,21,0,0.38,228.37,7.24,0.59,0,0
966.0,257,242,73,0,169,169,0,0,22,0,0.38,228.37,6.96,0.57,0,1
967.0,257,242,73,0,169,169,0,0,22,0,0.38,228.37,6.76,0.56,0,1
968.0,257,243,73,0,170,170,0,0,23,0,0.37,229.85,6.69,0.55,0,0
969.0,257,243,73,0,170,170,0,0,24,0,0.37,229.85,6.68,0.54,0,1
970.0,257,243,73,0,170,170,0,0,24,0,0.37,229.85,6.74,0.55,0,1
971.0,257,243,73,0,170,170,0,0,25,0,0.37,229.85,6.74,0.55,0,1
972.0,257,244,74,0,170,170,0,0,26,0,0.37,229.85,6.67,0.54,0,0
973.0,257,244,73,0,171,171,0,0,25,0,0.37,230.12,6.8,0.55,0,1
974.0,257,244,73,0,171,171,0,0,26,0,0.37,230.12,6.94,0.56,0,0
975.0,257,244,71,0,173,173,0,0,26,0,0.37,230.06,6.68,0.54,0,1
976.0,257,245,72,0,173,173,0,0,27,0,0.37,230.06,6.45,0.52,0,0
977.0,257,245,72,0,173,173,0,0,26,0,0.37,230.06,6.31,0.52,0,1
978.0,257,245,72,0,173,173,0,0,27,0,0.37,230.06,6.19,0.50,0,1
979.0,257,245,72,0,173,173,0,0,28,0,0.37,230.06,6.1,0.49,0,1
980.0,257,246,72,0,174,174,0,0,29,0,0.37,230.14,5.84,0.48,0,10
981.0,257,246,72,0,174,174,0,0,28,0,0.37,230.14,5.76,0.47,0,1
982.0,257,246,72,0,174,174,0,0,30,0,0.37,230.14,5.46,0.46,0,1
983.0,257,246,72,0,174,174,0,0,30,0,0.37,230.14,5.37,0.46,0,0
984.0,257,247,72,0,175,175,0,0,33,0,0.37,230.70,4.73,0.41,0,1
985.0,257,247,72,0,175,175,0,0,33,0,0.37,230.70,4.36,0.38,0,1
986.0,257,247,72,0,175,175,0,0,34,0,0.37,230.70,4.32,0.38,0,0
987.0,257,247,72,0,175,175,0,0,36,0,0.37,230.70,4.37,0.39,0,0
988.0,257,248,73,0,175,175,0,0,39,0,0.37,230.70,4.38,0.39,0,1
989.0,257,248,73,0,175,175,0,0,39,0,0.37,230.70,4.37,0.39,0,1
990.0,257,248,73,0,175,175,0,0,11,0,0.37,230.70,5.07,0.44,0,1
991.0,257,248,73,0,175,175,0,0,6,0,0.37,230.70,5.84,0.50,0,1
992.0,257,249,74,0,175,175,0,0,7,0,0.37,230.70,6.44,0.54,0,1
993.0,257,249,74,0,175,175,0,0,5,0,0.37,230.70,6.89,0.58,0,1
994.0,257,249,74,0,175,175,0,0,5,0,0.37,230.70,7.49,0.63,0,1
995.0,257,249,74,0,175,175,0,0,6,0,0.37,230.70,8.06,0.66,0,1
996.0,257,250,75,0,175,175,0,0,6,0,0.36,230.70,8.26,0.68,0,1
997.0,257,250,75,0,175,175,0,0,4,0,0.36,230.70,8.63,0.70,0,1
998.0,257,250,75,0,175,175,0,0,5,0,0.36,230.70,8.7,0.70,0,1
999.0,257,250,75,0,175,175,0,0,5,0,0.36,230.70,8.93,0.73,0,1
1000.0,257,251,76,0,175,175,0,0,9,0,0.36,230.70,8.82,0.73,0,1
1001.0,257,251,76,0,175,175,0,0,9,0,0.36,230.70,9.06,0.73,0,1
1002.0,257,251,76,0,175,175,0,0,9,0,0.36,230.70,9.26,0.76,0,0
1003.0,257,251,75,0,176,176,0,0,10,0,0.36,230.55,9.35,0.77,0,1
1004.0,257,252,76,0,176,176,0,0,12,0,0.36,230.55,9.13,0.74,0,1
1005.0,257,252,75,0,177,177,0,0,11,0,0.36,229.93,9.07,0.73,0,1
1006.0,257,252,75,0,177,177,0,0,12,0,0.36,229.93,8.82,0.72,0,1
1007.0,257,252,75,0,177,177,0,0,12,0,0.36,229.93,8.33,0.68,0,1
1008.0,257,253,76,0,177,177,0,0,14,0,0.36,229.93,8.02,0.66,0,1
1009.0,257,253,76,0,177,177,0,0,13,0,0.36,229.93,7.87,0.64,0,1
1010.0,257,253,75,0,178,178,0,0,13,0,0.36,231.12,7.89,0.65,0,1
1011.0,257,253,74,0,179,179,0,0,17,0,0.36,232.20,7.69,0.64,0,1
1012.0,257,254,75,0,179,179,0,0,19,0,0.36,232.20,7.62,0.63,0,0
1013.0,257,254,75,0,179,179,0,0,18,0,0.36,232.20,7.59,0.63,0,1
1014.0,257,254,75,0,179,179,0,0,19,0,0.36,232.20,7.6,0.63,0,1
1015.0,257,254,75,0,179,179,0,0,20,0,0.36,232.20,7.69,0.63,0,1
1016.0,257,255,75,0,180,180,0,0,21,0,0.36,231.84,7.5,0.62,0,0
1017.0,257,255,75,0,180,180,0,0,20,0,0.36,231.84,7.38,0.61,0,1
1018.0,257,255,74,0,181,181,0,0,21,0,0.36,232.06,7.24,0.61,0,0
1019.0,257,255,74,0,181,181,0,0,21,0,0.36,232.06,7.02,0.58,0,1
1020.0,257,256,75,0,181,181,0,0,23,0,0.36,232.06,7.01,0.58,0,1
1021.0,257,256,75,0,181,181,0,0,22,0,0.36,232.06,7.02,0.59,0,1
1022.0,257,256,75,0,181,181,0,0,22,0,0.36,232.06,7.13,0.60,0,1
1023.0,257,256,75,0,181,181,0,0,22,0,0.36,232.06,7.11,0.61,0,1
1024.0,308,257,76,0,181,181,0,0,23,0,0.35,232.06,6.92,0.59,0,3
1025.0,308,257,76,0,181,181,0,0,22,0,0.35,232.06,6.81,0.59,0,1
1026.0,308,257,75,0,182,182,0,0,23,0,0.35,231.36,6.83,0.59,0,0
1027.0,308,257,75,0,182,182,0,0,23,0,0.35,231.36,6.92,0.61,0,1
1028.0,308,258,75,0,183,183,0,0,25,0,0.35,230.58,6.76,0.58,0,1
1029.0,308,258,75,0,183,183,0,0,24,0,0.35,230.58,6.77,0.58,0,1
1030.0,308,258,74,0,184,184,0,0,24,0,0.35,230.88,6.66,0.58,0,1
1031.0,308,258,73,0,185,185,0,0,24,0,0.35,231.42,6.69,0.58,0,1
1032.0,308,259,74,0,185,185,0,0,25,0,0.35,231.42,6.56,0.57,0,1
1033.0,308,259,73,0,186,186,0,0,24,0,0.35,230.66,6.58,0.56,0,1
1034.0,308,259,73,0,186,186,0,0,25,0,0.35,230.66,6.57,0.56,0,0
1035.0,308,259,72,0,187,187,0,0,9,0,0.35,230.14,6.98,0.58,0,1
1036.0,308,260,73,0,187,187,0,0,5,0,0.35,230.14,7.48,0.61,0,1
1037.0,308,260,72,0,188,188,0,0,4,0,0.35,230.50,7.99,0.65,0,1
1038.0,308,260,71,0,189,189,0,0,3,0,0.35,229.97,8.52,0.69,0,1
1039.0,308,260,71,0,189,189,0,0,3,0,0.35,229.97,8.99,0.73,0,1
1040.0,308,261,72,0,189,189,0,0,4,0,0.35,229.97,9.25,0.75,0,1
1041.0,308,261,72,0,189,189,0,0,5,0,0.35,229.97,9.37,0.76,0,0
1042.0,308,261,72,0,189,189,0,0,6,0,0.35,229.97,9.17,0.75,0,1
1043.0,308,261,72,0,189,189,0,0,6,0,0.35,229.97,9.06,0.74,0,1
1044.0,308,262,73,0,189,189,0,0,9,0,0.35,229.97,8.82,0.72,0,1
1045.0,308,262,72,0,190,190,0,0,10,0,0.35,232.01,8.76,0.71,0,1
1046.0,308,262,72,0,190,190,0,0,11,0,0.35,232.01,8.72,0.70,0,1
1047.0,308,262,72,0,190,190,0,0,12,0,0.35,232.01,8.72,0.70,0,0
1048.0,308,263,73,0,190,190,0,0,14,0,0.35,232.01,8.41,0.68,0,1
1049.0,308,263,72,0,191,191,0,0,13,0,0.35,232.70,8.07,0.65,0,0
1050.0,308,263,72,0,191,191,0,0,13,0,0.35,232.70,7.77,0.64,0,1
1051.0,308,263,72,0,191,191,0,0,14,0,0.35,232.70,7.66,0.63,0,1
1052.0,308,264,72,0,192,192,0,0,15,0,0.34,232.26,7.34,0.60,0,0
1053.0,308,264,72,0,192,192,0,0,16,0,0.34,232.26,7.49,0.62,0,1
1054.0,308,264,72,0,192,192,0,0,16,0,0.34,232.26,7.65,0.62,0,1
1055.0,308,264,72,0,192,192,0,0,17,0,0.34,232.26,7.93,0.65,0,1
1056.0,308,265,73,0,192,192,0,0,18,0,0.34,232.26,7.93,0.65,0,1
1057.0,308,265,73,0,192,192,0,0,17,0,0.34,232.26,7.89,0.64,0,1
1058.0,308,265,73,0,192,192,0,0,17,0,0.34,232.26,7.81,0.64,0,0
1059.0,308,265,73,0,192,192,0,0,18,0,0.34,232.26,7.59,0.62,0,1
1060.0,308,266,74,0,192,192,0,0,20,0,0.34,232.26,7.24,0.60,0,1
1061.0,308,266,74,0,192,192,0,0,19,0,0.34,232.26,7.2,0.60,0,1
1062.0,308,266,72,0,194,194,0,0,22,0,0.34,230.79,6.97,0.58,0,1
1063.0,308,266,72,0,194,194,0,0,22,0,0.34,230.79,6.87,0.57,0,1
1064.0,308,267,73,0,194,194,0,0,25,0,0.34,230.79,6.68,0.56,0,1
1065.0,308,267,72,0,195,195,0,0,24,0,0.34,230.70,6.43,0.55,0,1
1066.0,308,267,72,0,195,195,0,0,24,0,0.34,230.70,6.21,0.54,0,1
1067.0,308,267,72,0,195,195,0,0,25,0,0.34,230.70,6.02,0.53,0,1
1068.0,308,268,72,0,196,196,0,0,26,0,0.34,231.34,5.7,0.50,0,1
1069.0,308,268,71,0,197,197,0,0,25,0,0.34,231.19,5.68,0.50,0,0
1070.0,308,268,71,0,197,197,0,0,26,0,0.34,231.19,5.79,0.51,0,0
1071.0,308,268,71,0,197,197,0,0,26,0,0.34,231.19,5.75,0.51,0,1
1072.0,308,269,72,0,197,197,0,0,27,0,0.34,231.19,5.53,0.49,0,0
1073.0,308,269,72,0,197,197,0,0,26,0,0.34,231.19,5.4,0.49,0,1
1074.0,308,269,72,0,197,197,0,0,28,0,0.34,231.19,5.19,0.48,0,1
1075.0,308,269,72,0,197,197,0,0,29,0,0.34,231.19,4.91,0.45,0,0
1076.0,308,270,72,0,198,198,0,0,30,0,0.34,231.39,4.44,0.42,0,1
1077.0,308,270,72,0,198,198,0,0,30,0,0.34,231.39,4.26,0.40,0,0
1078.0,308,270,72,0,198,198,0,0,31,0,0.34,231.39,4.23,0.40,0,1
1079.0,308,270,72,0,198,198,0,0,33,0,0.34,231.39,4.15,0.40,0,1
1080.0,308,271,73,0,198,198,0,0,10,0,0.34,231.39,4.91,0.46,0,1
1081.0,308,271,72,0,199,199,0,0,8,0,0.34,230.84,5.59,0.50,0,1
1082.0,308,271,71,0,200,200,0,0,7,0,0.34,230.06,6.21,0.55,0,0
1083.0,308,271,71,0,200,200,0,0,6,0,0.34,230.06,6.58,0.56,0,1
1084.0,308,272,71,0,201,201,0,0,6,0,0.33,230.96,7.03,0.60,0,1
1085.0,308,272,71,0,201,201,0,0,6,0,0.33,230.96,7.56,0.64,0,0
1086.0,308,272,70,0,202,202,0,0,8,0,0.33,230.46,7.93,0.67,0,1
1087.0,308,272,70,0,202,202,0,0,9,0,0.33,230.46,8.42,0.71,0,1
1088.0,308,273,71,0,202,202,0,0,10,0,0.33,230.46,8.6,0.72,0,1
1089.0,308,273,70,0,203,203,0,0,10,0,0.33,230.85,8.73,0.72,0,1
1090.0,308,273,70,0,203,203,0,0,10,0,0.33,230.85,8.69,0.72,0,1
1091.0,308,273,70,0,203,203,0,0,10,0,0.33,230.85,8.65,0.71,0,1
1092.0,308,274,71,0,203,203,0,0,11,0,0.33,230.85,8.43,0.69,0,1
1093.0,308,274,71,0,203,203,0,0,11,0,0.33,230.85,8.29,0.69,0,1
1094.0,308,274,71,0,203,203,0,0,12,0,0.33,230.85,8.11,0.69,0,0
1095.0,308,274,70,0,204,204,0,0,12,0,0.33,231.50,7.95,0.68,0,1
1096.0,308,275,71,0,204,204,0,0,14,0,0.33,231.50,7.81,0.67,0,1
1097.0,308,275,71,0,204,204,0,0,13,0,0.33,231.50,7.68,0.66,0,1
1098.0,308,275,70,0,205,205,0,0,14,0,0.33,232.54,7.58,0.64,0,1
1099.0,308,275,70,0,205,205,0,0,14,0,0.33,232.54,7.54,0.64,0,1
1100.0,308,276,71,0,205,205,0,0,17,0,0.33,232.54,7.16,0.61,0,1
1101.0,308,276,71,0,205,205,0,0,17,0,0.33,232.54,6.89,0.58,0,0
1102.0,308,276,71,0,205,205,0,0,18,0,0.33,232.54,6.86,0.59,0,1
1103.0,308,276,71,0,205,205,0,0,19,0,0.33,232.54,6.75,0.58,0,1
1104.0,308,277,72,0,205,205,0,0,20,0,0.33,232.54,6.72,0.57,0,1
1105.0,308,277,71,0,206,206,0,0,21,0,0.33,232.29,6.51,0.57,0,1
1106.0,308,277,71,0,206,206,0,0,22,0,0.33,232.29,6.26,0.55,0,1
1107.0,308,277,70,0,207,207,0,0,22,0,0.33,231.82,6.13,0.55,0,0
1108.0,308,278,71,0,207,207,0,0,23,0,0.33,231.82,6.01,0.53,0,1
1109.0,308,278,71,0,207,207,0,0,22,0,0.33,231.82,6.03,0.54,0,1
1110.0,308,278,71,0,207,207,0,0,21,0,0.33,231.82,6.17,0.55,0,1
1111.0,308,278,69,0,209,209,0,0,20,0,0.33,231.03,6.29,0.56,0,0
1112.0,308,279,70,0,209,209,0,0,20,0,0.33,231.03,6.44,0.56,0,1
1113.0,308,279,70,0,209,209,0,0,21,0,0.33,231.03,6.6,0.58,0,1
1114.0,308,279,70,0,209,209,0,0,21,0,0.33,231.03,6.59,0.59,0,0
1115.0,308,279,70,0,209,209,0,0,21,0,0.33,231.03,6.63,0.59,0,0
1116.0,308,280,70,0,210,210,0,0,22,0,0.33,231.45,6.49,0.57,0,1
1117.0,308,280,70,0,210,210,0,0,21,0,0.33,231.45,6.51,0.57,0,1
1118.0,308,280,69,0,211,211,0,0,21,0,0.33,231.22,6.4,0.56,0,0
1119.0,308,280,69,0,211,211,0,0,21,0,0.33,231.22,6.29,0.56,0,1
1120.0,308,281,70,0,211,211,0,0,22,0,0.32,231.22,6.06,0.54,0,1
1121.0,308,281,70,0,211,211,0,0,21,0,0.32,231.22,6.04,0.54,0,1
1122.0,308,281,70,0,211,211,0,0,22,0,0.32,231.22,5.88,0.55,0,1
1123.0,308,281,70,0,211,211,0,0,22,0,0.32,231.22,5.76,0.53,0,0
1124.0,308,282,70,0,212,212,0,0,24,0,0.32,231.77,5.4,0.50,0,1
1125.0,308,282,70,0,212,212,0,0,6,0,0.32,231.77,5.94,0.54,0,1
1126.0,308,282,70,0,212,212,0,0,3,0,0.32,231.77,6.51,0.58,0,1
1127.0,308,282,70,0,212,212,0,0,4,0,0.32,231.77,6.99,0.62,0,0
1128.0,308,283,70,0,213,213,0,0,5,0,0.32,232.60,7.17,0.63,0,1
1129.0,308,283,69,0,214,214,0,0,4,0,0.32,231.89,7.37,0.64,0,1
1130.0,308,283,69,0,214,214,0,0,3,0,0.32,231.89,7.78,0.67,0,1
1131.0,308,283,69,0,214,214,0,0,5,0,0.32,231.89,8.29,0.72,0,1
1132.0,308,284,70,0,214,214,0,0,7,0,0.32,231.89,8.09,0.69,0,1
1133.0,308,284,70,0,214,214,0,0,7,0,0.32,231.89,8.08,0.70,0,1
1134.0,308,284,70,0,214,214,0,0,9,0,0.32,231.89,8.0,0.70,0,1
1135.0,308,284,70,0,214,214,0,0,10,0,0.32,231.89,8.08,0.70,0,1
1136.0,308,285,71,0,214,214,0,0,12,0,0.32,231.89,8.2,0.72,0,1
1137.0,308,285,70,0,215,215,0,0,11,0,0.32,232.19,8.4,0.74,0,1
1138.0,308,285,70,0,215,215,0,0,11,0,0.32,232.19,8.27,0.72,0,1
1139.0,308,285,70,0,215,215,0,0,11,0,0.32,232.19,8.28,0.72,0,0
1140.0,308,286,71,0,215,215,0,0,12,0,0.32,232.19,8.07,0.70,0,0
1141.0,308,286,71,0,215,215,0,0,11,0,0.32,232.19,8.03,0.70,0,1
1142.0,308,286,71,0,215,215,0,0,12,0,0.32,232.19,7.83,0.68,0,1
1143.0,308,286,71,0,215,215,0,0,12,0,0.32,232.19,7.64,0.67,0,1
1144.0,308,287,72,0,215,215,0,0,14,0,0.32,232.19,7.36,0.65,0,1
1145.0,308,287,72,0,215,215,0,0,16,0,0.32,232.19,7.2,0.64,0,1
1146.0,308,287,71,0,216,216,0,0,17,0,0.32,232.44,7.03,0.63,0,0
1147.0,308,287,71,0,216,216,0,0,17,0,0.32,232.44,6.92,0.62,0,1
1148.0,308,288,72,0,216,216,0,0,18,0,0.32,232.44,6.78,0.61,0,1
1149.0,308,288,72,0,216,216,0,0,18,0,0.32,232.44,6.79,0.62,0,1
1150.0,308,288,72,0,216,216,0,0,18,0,0.32,232.44,6.79,0.63,0,0
1151.0,308,288,71,0,217,217,0,0,20,0,0.32,232.83,6.4,0.60,0,1
1152.0,308,289,72,0,217,217,0,0,21,0,0.31,232.83,6.34,0.59,0,1
1153.0,308,289,69,0,220,220,0,0,21,0,0.31,233.82,5.87,0.56,0,0
1154.0,308,289,68,0,221,221,0,0,22,0,0.31,235.30,5.74,0.56,0,1
1155.0,308,289,67,0,222,222,0,0,22,0,0.31,236.02,5.59,0.55,0,1
1156.0,308,290,67,0,223,223,0,0,24,0,0.31,236.48,5.22,0.52,0,1
1157.0,308,290,67,0,223,223,0,0,24,0,0.31,236.48,5.17,0.52,0,1
1158.0,308,290,66,0,224,224,0,0,25,0,0.31,236.97,5.28,0.53,0,1
1159.0,308,290,64,0,226,226,0,0,25,0,0.31,238.88,5.13,0.50,0,1
1160.0,308,291,65,0,226,226,0,0,26,0,0.31,238.88,5.14,0.51,0,1
1161.0,308,291,65,0,226,226,0,0,25,0,0.31,238.88,5.09,0.50,0,0
1162.0,308,291,65,0,226,226,0,0,25,0,0.31,238.88,4.73,0.47,0,0
1163.0,308,291,65,0,226,226,0,0,27,0,0.31,238.88,4.45,0.46,0,0
1164.0,308,292,65,0,227,227,0,0,29,0,0.31,239.24,4.19,0.43,0,1
1165.0,308,292,65,0,227,227,0,0,29,0,0.31,239.24,4.1,0.43,0,1
1166.0,308,292,65,0,227,227,0,0,30,0,0.31,239.24,4.04,0.43,0,0
1167.0,308,292,65,0,227,227,0,0,31,0,0.31,239.24,3.96,0.41,0,0
1168.0,308,293,66,0,227,227,0,0,32,0,0.31,239.24,4.09,0.43,0,1
1169.0,308,293,66,0,227,227,0,0,32,0,0.31,239.24,4.23,0.45,0,1
1170.0,308,293,66,0,227,227,0,0,6,0,0.31,239.24,4.92,0.49,0,0
1171.0,308,293,66,0,227,227,0,0,4,0,0.31,239.24,5.71,0.55,0,1
1172.0,308,294,67,0,227,227,0,0,4,0,0.31,239.24,6.15,0.58,0,1
1173.0,308,294,67,0,227,227,0,0,4,0,0.31,239.24,6.71,0.62,0,1
1174.0,308,294,67,0,227,227,0,0,5,0,0.31,239.24,7.3,0.67,0,0
1175.0,308,294,66,0,228,228,0,0,6,0,0.31,239.89,7.73,0.70,0,1
1176.0,308,295,67,0,228,228,0,0,8,0,0.31,239.89,7.98,0.71,0,0
1177.0,308,295,66,0,229,229,0,0,6,0,0.31,241.31,8.32,0.74,0,1
1178.0,308,295,66,0,229,229,0,0,7,0,0.31,241.31,8.5,0.76,0,1
1179.0,308,295,66,0,229,229,0,0,7,0,0.31,241.31,8.56,0.76,0,0
1180.0,308,296,67,0,229,229,0,0,8,0,0.31,241.31,8.39,0.75,0,1
1181.0,308,296,67,0,229,229,0,0,6,0,0.31,241.31,8.3,0.74,0,1
1182.0,308,296,67,0,229,229,0,0,6,0,0.31,241.31,8.41,0.75,0,1
1183.0,308,296,67,0,229,229,0,0,7,0,0.31,241.31,8.23,0.72,0,1
1184.0,308,297,68,0,229,229,0,0,8,0,0.31,241.31,8.16,0.72,0,1
1185.0,308,297,67,0,230,230,0,0,7,0,0.31,241.04,8.26,0.75,0,0
1186.0,308,297,67,0,230,230,0,0,8,0,0.31,241.04,7.96,0.70,0,1
1187.0,308,297,67,0,230,230,0,0,10,0,0.31,241.04,7.8,0.69,0,0
1188.0,308,298,68,0,230,230,0,0,10,0,0.31,241.04,7.48,0.67,0,1
1189.0,308,298,68,0,230,230,0,0,11,0,0.31,241.04,7.11,0.64,0,1
1190.0,308,298,68,0,230,230,0,0,12,0,0.31,241.04,7.01,0.62,0,1
1191.0,308,298,68,0,230,230,0,0,13,0,0.31,241.04,7.09,0.64,0,1
1192.0,308,299,69,0,230,230,0,0,14,0,0.30,241.04,7.05,0.63,0,0
1193.0,308,299,69,0,230,230,0,0,14,0,0.30,241.04,7.04,0.64,0,1
1194.0,308,299,68,0,231,231,0,0,13,0,0.30,240.77,7.03,0.64,0,1
1195.0,308,299,68,0,231,231,0,0,14,0,0.30,240.77,7.0,0.63,0,0
1196.0,308,300,69,0,231,231,0,0,15,0,0.30,240.77,7.13,0.65,0,1
1197.0,308,300,68,0,232,232,0,0,14,0,0.30,240.94,7.18,0.65,0,1
1198.0,308,300,68,0,232,232,0,0,14,0,0.30,240.94,7.06,0.64,0,0
1199.0,308,300,67,0,233,233,0,0,14,0,0.30,240.40,7.1,0.63,0,1
1200.0,308,301,68,0,233,233,0,0,14,0,0.30,240.40,7.23,0.65,0,1
1201.0,308,301,68,0,233,233,0,0,13,0,0.30,240.40,7.34,0.65,0,1
1202.0,308,301,68,0,233,233,0,0,13,0,0.30,240.40,7.3,0.64,0,1
1203.0,308,301,68,0,233,233,0,0,13,0,0.30,240.40,7.24,0.64,0,1
1204.0,308,302,69,0,233,233,0,0,15,0,0.30,240.40,7.05,0.62,0,0
1205.0,308,302,69,0,233,233,0,0,14,0,0.30,240.40,7.09,0.62,0,1
1206.0,308,302,68,0,234,234,0,0,15,0,0.30,239.98,7.07,0.62,0,0
1207.0,308,302,68,0,234,234,0,0,15,0,0.30,239.98,7.31,0.65,0,1
1208.0,308,303,68,0,235,235,0,0,16,0,0.30,240.60,7.31,0.65,0,1
1209.0,308,303,66,0,237,237,0,0,15,0,0.30,240.09,7.34,0.66,0,1
1210.0,308,303,65,0,238,238,0,0,15,0,0.30,241.96,7.44,0.65,0,1
1211.0,308,303,65,0,238,238,0,0,15,0,0.30,241.96,7.46,0.65,0,0
1212.0,308,304,64,0,240,240,0,0,17,0,0.30,240.61,7.17,0.63,0,1
1213.0,308,304,64,0,240,240,0,0,16,0,0.30,240.61,7.07,0.62,0,1
1214.0,308,304,64,0,240,240,0,0,15,0,0.30,240.61,7.18,0.63,0,0
1215.0,308,304,64,0,240,240,0,0,3,0,0.30,240.61,7.47,0.64,0,1
1216.0,308,305,65,0,240,240,0,0,2,0,0.30,240.61,7.58,0.65,0,1
1217.0,308,305,64,0,241,241,0,0,1,0,0.30,241.54,8.09,0.69,0,0
1218.0,308,305,63,0,242,242,0,0,1,0,0.30,241.89,8.45,0.71,0,1
1219.0,308,305,63,0,242,242,0,0,1,0,0.30,241.89,8.71,0.73,0,1
1220.0,308,306,64,0,242,242,0,0,3,0,0.30,241.89,8.77,0.74,0,1
1221.0,308,306,64,0,242,242,0,0,3,0,0.30,241.89,9.05,0.77,0,1
1222.0,308,306,64,0,242,242,0,0,4,0,0.30,241.89,8.97,0.76,0,0
1223.0,308,306,64,0,242,242,0,0,6,0,0.30,241.89,8.85,0.74,0,1
1224.0,308,307,65,0,242,242,0,0,8,0,0.30,241.89,8.74,0.74,0,1
1225.0,308,307,65,0,242,242,0,0,10,0,0.30,241.89,8.55,0.72,0,1
1226.0,308,307,65,0,242,242,0,0,10,0,0.30,241.89,8.43,0.71,0,1
1227.0,308,307,64,0,243,243,0,0,10,0,0.30,242.40,8.34,0.71,0,0
1228.0,359,308,65,0,243,243,0,0,11,0,0.30,242.40,8.09,0.68,0,3
1229.0,359,308,64,0,244,244,0,0,11,0,0.30,242.87,7.79,0.66,0,1
1230.0,359,308,64,0,244,244,0,0,11,0,0.30,242.87,7.57,0.65,0,0
1231.0,359,308,64,0,244,244,0,0,12,0,0.30,242.87,7.58,0.65,0,1
1232.0,359,309,65,0,244,244,0,0,14,0,0.29,242.87,7.3,0.63,0,1
1233.0,359,309,65,0,244,244,0,0,15,0,0.29,242.87,7.32,0.63,0,1
1234.0,359,309,65,0,244,244,0,0,15,0,0.29,242.87,7.21,0.62,0,1
1235.0,359,309,64,0,245,245,0,0,15,0,0.29,241.94,6.81,0.59,0,0
1236.0,359,310,65,0,245,245,0,0,18,0,0.29,241.94,6.6,0.58,0,1
1237.0,359,310,65,0,245,245,0,0,18,0,0.29,241.94,6.37,0.56,0,1
1238.0,359,310,65,0,245,245,0,0,19,0,0.29,241.94,6.36,0.57,0,1
1239.0,359,310,65,0,245,245,0,0,21,0,0.29,241.94,6.28,0.57,0,0
1240.0,359,311,65,0,246,246,0,0,22,0,0.29,241.51,6.0,0.53,0,1
1241.0,359,311,65,0,246,246,0,0,22,0,0.29,241.51,6.03,0.54,0,0
1242.0,359,311,65,0,246,246,0,0,23,0,0.29,241.51,5.85,0.54,0,0
1243.0,359,311,65,0,246,246,0,0,23,0,0.29,241.51,5.57,0.51,0,1
1244.0,359,312,66,0,246,246,0,0,24,0,0.29,241.51,5.58,0.51,0,1
1245.0,359,312,66,0,246,246,0,0,23,0,0.29,241.51,5.61,0.52,0,1
1246.0,359,312,66,0,246,246,0,0,25,0,0.29,241.51,5.57,0.51,0,0
1247.0,359,312,66,0,246,246,0,0,26,0,0.29,241.51,5.79,0.53,0,0
1248.0,359,312,65,1,247,247,0,0,26,0,0.29,242.53,5.9,0.51,0,1
1249.0,359,313,66,0,247,247,0,0,27,0,0.29,242.53,5.96,0.53,0,1
1250.0,359,313,66,0,247,247,0,0,26,0,0.29,242.53,5.95,0.52,0,1
1251.0,359,313,65,0,248,248,0,0,26,0,0.29,242.75,6.01,0.53,0,1
1252.0,359,314,65,0,249,249,0,0,27,0,0.29,242.84,5.73,0.50,0,0
1253.0,359,314,63,0,251,251,0,0,27,0,0.29,242.30,5.6,0.49,0,0
1254.0,359,314,62,0,252,252,0,0,27,0,0.29,243.27,5.44,0.48,0,0
1255.0,359,314,62,0,252,252,0,0,27,0,0.29,243.27,5.29,0.47,0,1
1256.0,359,315,63,0,252,252,0,0,29,0,0.29,243.27,5.08,0.45,0,1
1257.0,359,315,62,0,253,253,0,0,29,0,0.29,243.76,4.86,0.43,0,0
1258.0,359,315,62,0,253,253,0,0,29,0,0.29,243.76,4.66,0.42,0,0
1259.0,359,315,62,0,253,253,0,0,29,0,0.29,243.76,4.46,0.40,0,0
1260.0,359,316,63,0,253,253,0,0,9,0,0.29,243.76,5.07,0.44,0,1
1261.0,359,316,63,0,253,253,0,0,3,0,0.29,243.76,5.86,0.51,0,1
1262.0,359,316,63,0,253,253,0,0,4,0,0.29,243.76,6.47,0.54,0,0
1263.0,359,316,63,0,253,253,0,0,5,0,0.29,243.76,6.98,0.57,0,1
1264.0,359,317,63,0,254,254,0,0,8,0,0.29,243.20,7.19,0.59,0,1
1265.0,359,317,62,0,255,255,0,0,7,0,0.29,242.69,7.85,0.64,0,0
1266.0,359,317,62,0,255,255,0,0,6,0,0.29,242.69,8.33,0.68,0,1
1267.0,359,317,62,0,255,255,0,0,5,0,0.29,242.69,8.68,0.71,0,1
1268.0,359,318,63,0,255,255,0,0,6,0,0.29,242.69,8.92,0.73,0,1
1269.0,359,318,62,0,256,256,0,0,5,0,0.29,242.43,9.35,0.76,0,0
1270.0,359,318,62,0,256,256,0,0,5,0,0.29,242.43,9.47,0.77,0,0
1271.0,359,318,62,0,256,256,0,0,5,0,0.29,242.43,9.64,0.79,0,1
1272.0,359,319,63,0,256,256,0,0,6,0,0.29,242.43,9.42,0.75,0,1
1273.0,359,319,62,0,257,257,0,0,5,0,0.29,243.02,9.29,0.74,0,0
1274.0,359,319,60,0,259,259,0,0,5,0,0.29,242.75,9.24,0.74,0,1
1275.0,359,319,60,0,259,259,0,0,6,0,0.29,242.75,9.16,0.73,0,0
1276.0,359,320,61,0,259,259,0,0,7,0,0.29,242.75,9.08,0.73,0,0
1277.0,359,320,61,0,259,259,0,0,6,0,0.29,242.75,8.88,0.72,0,1
1278.0,359,320,60,0,260,260,0,0,6,0,0.29,243.36,8.83,0.71,0,1
1279.0,359,320,60,0,260,260,0,0,9,0,0.29,243.36,8.78,0.71,0,1
1280.0,359,321,61,0,260,260,0,0,10,0,0.29,243.36,8.59,0.69,0,0
1281.0,359,321,61,0,260,260,0,0,9,0,0.29,243.36,8.32,0.67,0,0
1282.0,359,321,61,0,260,260,0,0,9,0,0.29,243.36,8.06,0.65,0,1
1283.0,359,321,61,0,260,260,0,0,10,0,0.29,243.36,7.87,0.66,0,1
1284.0,359,322,62,0,260,260,0,0,11,0,0.29,243.36,7.53,0.62,0,1
1285.0,359,322,61,0,261,261,0,0,13,0,0.29,242.70,7.06,0.59,0,1
1286.0,359,322,60,0,262,262,0,0,16,0,0.29,242.15,6.63,0.56,0,0
1287.0,359,322,60,0,262,262,0,0,16,0,0.29,242.15,6.57,0.56,0,1
1288.0,359,323,61,0,262,262,0,0,18,0,0.28,242.15,6.59,0.56,0,1
1289.0,359,323,61,0,262,262,0,0,17,0,0.28,242.15,6.7,0.57,0,0
1290.0,359,323,60,0,263,263,0,0,17,0,0.28,241.56,6.88,0.57,0,0
1291.0,359,323,60,0,263,263,0,0,16,0,0.28,241.56,6.91,0.58,0,1
1292.0,359,324,61,0,263,263,0,0,17,0,0.28,241.56,6.77,0.57,0,1
1293.0,359,324,61,0,263,263,0,0,17,0,0.28,241.56,6.65,0.56,0,0
1294.0,359,324,61,0,263,263,0,0,18,0,0.28,241.56,6.33,0.54,0,1
1295.0,359,324,61,0,263,263,0,0,19,0,0.28,241.56,6.23,0.53,0,1
1296.0,359,325,62,0,263,263,0,0,20,0,0.28,241.56,5.96,0.51,0,0
1297.0,359,325,62,0,263,263,0,0,19,0,0.28,241.56,6.02,0.52,0,1
1298.0,359,325,62,0,263,263,0,0,19,0,0.28,241.56,6.07,0.53,0,0
1299.0,359,325,62,0,263,263,0,0,19,0,0.28,241.56,6.37,0.56,0,1
1300.0,359,326,63,0,263,263,0,0,20,0,0.28,241.56,6.34,0.54,0,1
1301.0,359,326,63,0,263,263,0,0,19,0,0.28,241.56,6.5,0.56,0,1
1302.0,359,326,63,0,263,263,0,0,19,0,0.28,241.56,6.61,0.58,0,1
1303.0,359,326,63,0,263,263,0,0,19,0,0.28,241.56,6.55,0.57,0,0
1304.0,359,327,64,0,263,263,0,0,20,0,0.28,241.56,6.36,0.55,0,1
1305.0,359,327,64,0,263,263,0,0,8,0,0.28,241.56,6.72,0.58,0,0
1306.0,359,327,64,0,263,263,0,0,4,0,0.28,241.56,7.23,0.62,0,1
1307.0,359,327,64,0,263,263,0,0,4,0,0.28,241.56,7.68,0.65,0,1
1308.0,359,328,65,0,263,263,0,0,5,0,0.28,241.56,7.81,0.66,0,1
1309.0,359,328,65,0,263,263,0,0,4,0,0.28,241.56,8.0,0.67,0,1
1310.0,359,328,65,0,263,263,0,0,5,0,0.28,241.56,8.21,0.69,0,1
1311.0,359,328,65,0,263,263,0,0,4,0,0.28,241.56,8.41,0.70,0,1
1312.0,359,329,66,0,263,263,0,0,6,0,0.28,241.56,8.42,0.70,0,0
1313.0,359,329,66,0,263,263,0,0,5,0,0.28,241.56,8.33,0.68,0,1
1314.0,359,329,65,0,264,264,0,0,6,0,0.28,241.53,8.38,0.69,0,1
1315.0,359,329,64,0,265,265,0,0,8,0,0.28,242.00,8.54,0.70,0,1
1316.0,359,330,65,0,265,265,0,0,9,0,0.28,242.00,8.61,0.70,0,0
1317.0,359,330,65,0,265,265,0,0,9,0,0.28,242.00,8.83,0.73,0,1
1318.0,359,330,65,0,265,265,0,0,9,0,0.28,242.00,8.9,0.73,0,1
1319.0,359,330,65,0,265,265,0,0,10,0,0.28,242.00,8.73,0.71,0,1
1320.0,359,331,66,0,265,265,0,0,10,0,0.28,242.00,8.63,0.71,0,0
1321.0,359,331,66,0,265,265,0,0,9,0,0.28,242.00,8.51,0.70,0,0
1322.0,359,331,66,0,265,265,0,0,10,0,0.28,242.00,8.36,0.69,0,1
1323.0,359,331,66,0,265,265,0,0,10,0,0.28,242.00,8.35,0.70,0,0
1324.0,359,332,66,0,266,266,0,0,11,0,0.28,242.10,8.19,0.69,0,0
1325.0,359,332,66,0,266,266,0,0,10,0,0.28,242.10,7.85,0.66,0,1
1326.0,359,332,65,0,267,267,0,0,10,0,0.28,241.56,7.71,0.66,0,1
1327.0,359,332,65,0,267,267,0,0,12,0,0.28,241.56,7.77,0.66,0,0
1328.0,359,333,66,0,267,267,0,0,13,0,0.28,241.56,7.81,0.67,0,1
1329.0,359,333,64,0,269,269,0,0,12,0,0.28,242.12,7.7,0.66,0,1
1330.0,359,333,64,0,269,269,0,0,12,0,0.28,242.12,7.77,0.67,0,1
1331.0,359,333,64,0,269,269,0,0,12,0,0.28,242.12,7.61,0.66,0,0
1332.0,359,334,65,0,269,269,0,0,15,0,0.28,242.12,7.3,0.63,0,1
1333.0,359,334,65,0,269,269,0,0,14,0,0.28,242.12,7.22,0.62,0,1
1334.0,359,334,64,0,270,270,0,0,15,0,0.28,242.20,7.15,0.61,0,0
1335.0,359,334,64,0,270,270,0,0,16,0,0.28,242.20,7.14,0.62,0,1
1336.0,359,335,65,0,270,270,0,0,18,0,0.27,242.20,6.97,0.60,0,1
1337.0,359,335,65,0,270,270,0,0,17,0,0.27,242.20,6.73,0.59,0,1
1338.0,359,335,64,0,271,271,0,0,17,0,0.27,241.84,6.49,0.58,0,0
1339.0,359,335,64,0,271,271,0,0,18,0,0.27,241.84,6.4,0.57,0,1
1340.0,359,336,64,0,272,272,0,0,20,0,0.27,241.47,6.12,0.55,0,1
1341.0,359,336,64,0,272,272,0,0,19,0,0.27,241.47,5.94,0.54,0,1
1342.0,359,336,64,0,272,272,0,0,19,0,0.27,241.47,5.91,0.54,0,1
1343.0,359,336,64,0,272,272,0,0,21,0,0.27,241.47,5.57,0.51,0,1
1344.0,359,337,65,0,272,272,0,0,22,0,0.27,241.47,5.42,0.49,0,1
1345.0,359,337,65,0,272,272,0,0,23,0,0.27,241.47,5.4,0.49,0,0
1346.0,359,337,65,0,272,272,0,0,24,0,0.27,241.47,5.28,0.49,0,0
1347.0,359,337,64,0,273,273,0,0,25,0,0.27,241.66,5.06,0.47,0,1
1348.0,359,338,65,0,273,273,0,0,27,0,0.27,241.66,4.88,0.47,0,0
1349.0,359,338,65,0,273,273,0,0,26,0,0.27,241.66,4.99,0.48,0,1
1350.0,359,338,65,0,273,273,0,0,6,0,0.27,241.66,5.71,0.51,0,1
1351.0,359,338,65,0,273,273,0,0,1,0,0.27,241.66,6.38,0.56,0,0
1352.0,359,339,66,0,273,273,0,0,3,0,0.27,241.66,6.88,0.59,0,1
1353.0,359,339,66,0,273,273,0,0,3,0,0.27,241.66,7.21,0.63,0,1
1354.0,359,339,65,0,274,274,0,0,2,0,0.27,241.11,7.47,0.64,0,1
1355.0,359,339,65,0,274,274,0,0,1,0,0.27,241.11,8.03,0.70,0,0
1356.0,359,340,66,0,274,274,0,0,2,0,0.27,241.11,8.39,0.72,0,1
1357.0,359,340,63,0,277,277,0,0,3,0,0.27,241.12,8.75,0.74,0,1
1358.0,359,340,63,0,277,277,0,0,4,0,0.27,241.12,9.14,0.78,0,1
1359.0,359,340,61,0,279,279,0,0,5,0,0.27,240.86,9.17,0.77,0,1
1360.0,359,341,61,0,280,280,0,0,6,0,0.27,241.19,9.04,0.76,0,1
1361.0,359,341,61,0,280,280,0,0,5,0,0.27,241.19,8.9,0.75,0,0
1362.0,359,341,61,0,280,280,0,0,6,0,0.27,241.19,9.17,0.77,0,0
1363.0,359,341,61,0,280,280,0,0,6,0,0.27,241.19,9.01,0.76,0,1
1364.0,359,342,62,0,280,280,0,0,7,0,0.27,241.19,8.69,0.74,0,1
1365.0,359,342,61,0,281,281,0,0,6,0,0.27,241.52,8.55,0.73,0,1
1366.0,359,342,60,0,282,282,0,0,6,0,0.27,241.33,8.1,0.71,0,1
1367.0,359,342,59,0,283,283,0,0,7,0,0.27,241.30,7.69,0.68,0,1
1368.0,359,343,59,0,284,284,0,0,10,0,0.27,241.76,7.35,0.64,0,1
1369.0,359,343,59,0,284,284,0,0,11,0,0.27,241.76,7.09,0.62,0,1
1370.0,359,343,58,0,285,285,0,0,13,0,0.27,242.05,6.92,0.62,0,0
1371.0,359,343,58,0,285,285,0,0,12,0,0.27,242.05,6.7,0.60,0,1
1372.0,359,344,59,0,285,285,0,0,12,0,0.27,242.05,6.74,0.60,0,0
1373.0,359,344,59,0,285,285,0,0,12,0,0.27,242.05,6.9,0.63,0,1
1374.0,359,344,59,0,285,285,0,0,13,0,0.27,242.05,7.12,0.65,0,1
1375.0,359,344,59,0,285,285,0,0,13,0,0.27,242.05,7.4,0.67,0,0
1376.0,359,345,59,0,286,286,0,0,14,0,0.27,242.45,7.44,0.66,0,1
1377.0,359,345,59,0,286,286,0,0,13,0,0.27,242.45,7.31,0.65,0,1
1378.0,359,345,59,0,286,286,0,0,13,0,0.27,242.45,7.34,0.65,0,0
1379.0,359,345,59,0,286,286,0,0,13,0,0.27,242.45,7.35,0.66,0,1
1380.0,359,346,60,0,286,286,0,0,13,0,0.27,242.45,7.12,0.64,0,1
1381.0,359,346,60,0,286,286,0,0,12,0,0.27,242.45,7.08,0.63,0,0
1382.0,359,346,60,0,286,286,0,0,12,0,0.27,242.45,7.31,0.65,0,1
1383.0,359,346,60,0,286,286,0,0,12,0,0.27,242.45,7.35,0.65,0,0
1384.0,359,347,61,0,286,286,0,0,14,0,0.27,242.45,7.26,0.64,0,1
1385.0,359,347,61,0,286,286,0,0,13,0,0.27,242.45,7.37,0.64,0,1
1386.0,359,347,61,0,286,286,0,0,13,0,0.27,242.45,7.43,0.65,0,0
1387.0,359,347,61,0,286,286,0,0,13,0,0.27,242.45,7.47,0.66,0,1
1388.0,359,348,62,0,286,286,0,0,14,0,0.26,242.45,7.23,0.65,0,1
1389.0,359,348,62,0,286,286,0,0,13,0,0.26,242.45,7.21,0.64,0,1
1390.0,359,348,62,0,286,286,0,0,14,0,0.26,242.45,7.07,0.63,0,0
1391.0,359,348,62,0,286,286,0,0,14,0,0.26,242.45,7.04,0.63,0,1
1392.0,359,349,63,0,286,286,0,0,16,0,0.26,242.45,6.7,0.60,0,1
1393.0,359,349,63,0,286,286,0,0,16,0,0.26,242.45,6.43,0.58,0,1
1394.0,359,349,63,0,286,286,0,0,18,0,0.26,242.45,6.22,0.57,0,0
1395.0,359,349,63,0,286,286,0,0,4,0,0.26,242.45,6.63,0.60,0,1
1396.0,359,350,64,0,286,286,0,0,4,0,0.26,242.45,7.02,0.62,0,1
1397.0,359,350,64,0,286,286,0,0,3,0,0.26,242.45,7.55,0.66,0,1
1398.0,359,350,64,0,286,286,0,0,3,0,0.26,242.45,8.13,0.71,0,1
1399.0,359,350,64,0,286,286,0,0,3,0,0.26,242.45,8.42,0.71,0,1
1400.0,359,351,65,0,286,286,0,0,4,0,0.26,242.45,8.89,0.75,0,1
1401.0,359,351,65,0,286,286,0,0,3,0,0.26,242.45,9.23,0.77,0,1
1402.0,359,351,65,0,286,286,0,0,3,0,0.26,242.45,9.25,0.77,0,0
1403.0,359,351,64,0,287,287,0,0,3,0,0.26,243.51,9.48,0.77,0,1
1404.0,359,352,65,0,287,287,0,0,4,0,0.26,243.51,9.47,0.78,0,1
1405.0,359,352,65,0,287,287,0,0,3,0,0.26,243.51,9.59,0.78,0,0
1406.0,359,352,65,0,287,287,0,0,3,0,0.26,243.51,9.7,0.79,0,0
1407.0,359,352,65,0,287,287,0,0,3,0,0.26,243.51,9.93,0.81,0,1
1408.0,359,353,66,0,287,287,0,0,4,0,0.26,243.51,9.69,0.79,0,1
1409.0,359,353,66,0,287,287,0,0,3,0,0.26,243.51,9.68,0.79,0,1
1410.0,359,353,66,0,287,287,0,0,3,0,0.26,243.51,9.65,0.79,0,0
1411.0,359,353,66,0,287,287,0,0,3,0,0.26,243.51,9.33,0.76,0,1
1412.0,359,354,66,0,288,288,0,0,5,0,0.26,243.79,9.01,0.74,0,1
1413.0,359,354,66,0,288,288,0,0,5,0,0.26,243.79,9.17,0.75,0,1
1414.0,359,354,66,0,288,288,0,0,6,0,0.26,243.79,9.1,0.75,0,1
1415.0,359,354,65,0,289,289,0,0,6,0,0.26,243.51,9.15,0.74,0,1
1416.0,359,355,65,0,290,290,0,0,7,0,0.26,244.85,8.87,0.72,0,0
1417.0,359,355,65,0,290,290,0,0,7,0,0.26,244.85,8.7,0.71,0,1
1418.0,359,355,65,0,290,290,0,0,7,0,0.26,244.85,8.5,0.69,0,0
1419.0,359,355,65,0,290,290,0,0,7,0,0.26,244.85,8.43,0.69,0,1
1420.0,359,356,66,0,290,290,0,0,9,0,0.26,244.85,8.37,0.68,0,1
1421.0,359,356,65,0,291,291,0,0,9,0,0.26,244.16,8.3,0.68,0,0
1422.0,359,356,65,0,291,291,0,0,10,0,0.26,244.16,8.23,0.67,0,1
1423.0,359,356,64,0,292,292,0,0,11,0,0.26,244.16,8.14,0.66,0,1
1424.0,359,357,65,0,292,292,0,0,14,0,0.26,244.16,7.99,0.65,0,0
1425.0,359,357,64,0,293,293,0,0,15,0,0.26,243.78,7.92,0.64,0,1
1426.0,359,357,64,0,293,293,0,0,15,0,0.26,243.78,7.93,0.63,0,1
1427.0,359,357,64,0,293,293,0,0,15,0,0.26,243.78,7.94,0.64,0,0
1428.0,359,358,64,0,294,294,0,0,17,0,0.26,243.74,7.72,0.62,0,0
1429.0,359,358,63,0,295,295,0,0,16,0,0.26,243.18,7.28,0.58,0,1
1430.0,359,358,63,0,295,295,0,0,16,0,0.26,243.18,7.13,0.58,0,1
1431.0,359,358,63,0,295,295,0,0,17,0,0.26,243.18,6.89,0.56,0,1
1432.0,410,359,64,0,295,295,0,0,19,0,0.26,243.18,6.45,0.52,0,3
1433.0,410,359,64,0,295,295,0,0,19,0,0.26,243.18,6.12,0.50,0,1
1434.0,410,359,64,0,295,295,0,0,20,0,0.26,243.18,6.01,0.49,0,1
1435.0,410,359,64,0,295,295,0,0,20,0,0.26,243.18,6.08,0.50,0,1
1436.0,410,360,65,0,295,295,0,0,23,0,0.26,243.18,5.99,0.49,0,0
1437.0,410,360,65,0,295,295,0,0,22,0,0.26,243.18,5.92,0.48,0,0
1438.0,410,360,65,0,295,295,0,0,25,0,0.26,243.18,5.91,0.48,0,1
1439.0,410,360,65,0,295,295,0,0,28,0,0.26,243.18,5.82,0.47,0,1
1440.0,410,361,64,0,297,297,0,0,8,0,0.25,243.84,6.13,0.49,0,1
1441.0,410,361,64,0,297,297,0,0,5,0,0.25,243.84,6.62,0.54,0,1
1442.0,410,361,64,0,297,297,0,0,5,0,0.25,243.84,7.08,0.57,0,0
1443.0,410,361,63,0,298,298,0,0,6,0,0.25,244.43,7.59,0.61,0,1
1444.0,410,362,63,0,299,299,0,0,7,0,0.25,244.72,8.08,0.64,0,0
1445.0,410,362,63,0,299,299,0,0,6,0,0.25,244.72,8.61,0.68,0,1
1446.0,410,362,63,0,299,299,0,0,6,0,0.25,244.72,9.19,0.72,0,1
1447.0,410,362,63,0,299,299,0,0,6,0,0.25,244.72,9.58,0.75,0,0
1448.0,410,363,64,0,299,299,0,0,7,0,0.25,244.72,9.51,0.75,0,1
1449.0,410,363,64,0,299,299,0,0,6,0,0.25,244.72,9.44,0.74,0,1
1450.0,410,363,64,0,299,299,0,0,7,0,0.25,244.72,9.43,0.74,0,1
1451.0,410,363,64,0,299,299,0,0,7,0,0.25,244.72,9.36,0.74,0,1
1452.0,410,364,64,0,300,300,0,0,8,0,0.25,245.08,9.22,0.73,0,1
1453.0,410,364,64,0,300,300,0,0,7,0,0.25,245.08,9.29,0.73,0,0
1454.0,410,364,64,0,300,300,0,0,7,0,0.25,245.08,9.31,0.74,0,1
1455.0,410,364,64,0,300,300,0,0,7,0,0.25,245.08,9.21,0.74,0,1
1456.0,410,365,64,0,301,301,0,0,9,0,0.25,244.49,9.01,0.73,0,0
1457.0,410,365,64,0,301,301,0,0,8,0,0.25,244.49,8.97,0.73,0,1
1458.0,410,365,64,0,301,301,0,0,9,0,0.25,244.49,9.04,0.72,0,1
1459.0,410,365,63,0,302,302,0,0,10,0,0.25,245.00,9.12,0.72,0,1
1460.0,410,366,64,0,302,302,0,0,11,0,0.25,245.00,8.89,0.71,0,0
1461.0,410,366,63,0,303,303,0,0,10,0,0.25,244.61,8.9,0.72,0,1
1462.0,410,366,63,0,303,303,0,0,10,0,0.25,244.61,8.7,0.71,0,1
1463.0,410,366,61,0,305,305,0,0,10,0,0.25,244.35,8.22,0.67,0,0
1464.0,410,367,62,0,305,305,0,0,11,0,0.25,244.35,7.88,0.65,0,1
1465.0,410,367,62,0,305,305,0,0,10,0,0.25,244.35,7.9,0.66,0,1
1466.0,410,367,61,0,306,306,0,0,12,0,0.25,244.26,7.87,0.65,0,1
1467.0,410,367,61,0,306,306,0,0,12,0,0.25,244.26,8.12,0.66,0,0
1468.0,410,368,62,0,306,306,0,0,13,0,0.25,244.26,8.11,0.66,0,1
1469.0,410,368,62,0,306,306,0,0,12,0,0.25,244.26,8.26,0.67,0,1
1470.0,410,368,62,0,306,306,0,0,11,0,0.25,244.26,8.32,0.67,0,1
1471.0,410,368,62,0,306,306,0,0,10,0,0.25,244.26,8.53,0.70,0,0
1472.0,410,369,63,0,306,306,0,0,10,0,0.25,244.26,8.36,0.68,0,0
1473.0,410,369,63,0,306,306,0,0,8,0,0.25,244.26,8.38,0.69,0,1
1474.0,410,369,62,0,307,307,0,0,8,0,0.25,243.98,8.23,0.67,0,1
1475.0,410,369,58,0,311,311,0,0,8,0,0.25,247.08,8.29,0.67,0,1
1476.0,410,370,59,0,311,311,0,0,8,0,0.25,247.08,8.22,0.66,0,1
1477.0,410,370,59,0,311,311,0,0,7,0,0.25,247.08,8.32,0.67,0,1
1478.0,410,370,59,0,311,311,0,0,7,0,0.25,247.08,8.45,0.67,0,0
1479.0,410,370,59,0,311,311,0,0,8,0,0.25,247.08,8.71,0.70,0,0
1480.0,410,371,60,0,311,311,0,0,9,0,0.25,247.08,8.75,0.70,0,1
1481.0,410,371,59,0,312,312,0,0,8,0,0.25,246.71,8.9,0.71,0,1
1482.0,410,371,59,0,312,312,0,0,8,0,0.25,246.71,9.11,0.72,0,1
1483.0,410,371,59,0,312,312,0,0,8,0,0.25,246.71,9.1,0.72,0,0
1484.0,410,372,60,0,312,312,0,0,9,0,0.25,246.71,9.06,0.72,0,1
1485.0,410,372,60,0,312,312,0,0,3,0,0.25,246.71,9.44,0.75,0,1
1486.0,410,372,60,0,312,312,0,0,2,0,0.25,246.71,9.62,0.75,0,0
1487.0,410,372,60,0,312,312,0,0,2,0,0.25,246.71,9.75,0.77,0,1
1488.0,410,373,60,0,313,313,0,0,3,0,0.25,246.23,9.44,0.75,0,1
1489.0,410,373,60,0,313,313,0,0,2,0,0.25,246.23,9.28,0.75,0,1
1490.0,410,373,60,0,313,313,0,0,2,0,0.25,246.23,9.08,0.73,0,0
1491.0,410,373,60,0,313,313,0,0,2,0,0.25,246.23,9.0,0.75,0,0
1492.0,410,374,61,0,313,313,0,0,4,0,0.25,246.23,9.04,0.75,0,0
1493.0,410,374,61,0,313,313,0,0,3,0,0.25,246.23,9.04,0.75,0,1
1494.0,410,374,61,0,313,313,0,0,4,0,0.25,246.23,9.01,0.76,0,1
1495.0,410,374,61,0,313,313,0,0,5,0,0.25,246.23,9.02,0.76,0,1
1496.0,410,375,62,0,313,313,0,0,7,0,0.25,246.23,8.93,0.74,0,1
1497.0,410,375,62,0,313,313,0,0,6,0,0.25,246.23,8.86,0.74,0,0
1498.0,410,375,62,0,313,313,0,0,8,0,0.25,246.23,8.92,0.75,0,0
1499.0,410,375,62,0,313,313,0,0,8,0,0.25,246.23,8.82,0.73,0,0
1500.0,410,376,63,0,313,313,0,0,9,0,0.24,246.23,8.64,0.72,0,1
1501.0,410,376,63,0,313,313,0,0,9,0,0.24,246.23,8.63,0.73,0,0
1502.0,410,376,63,0,313,313,0,0,9,0,0.24,246.23,8.36,0.71,0,1
1503.0,410,376,63,0,313,313,0,0,10,0,0.24,246.23,8.18,0.69,0,1
1504.0,410,377,63,0,314,314,0,0,12,0,0.24,245.73,7.81,0.67,0,1
1505.0,410,377,62,0,315,315,0,0,13,0,0.24,245.65,7.8,0.66,0,1
1506.0,410,377,62,0,315,315,0,0,13,0,0.24,245.65,7.53,0.65,0,0
1507.0,410,377,62,0,315,315,0,0,14,0,0.24,245.65,7.29,0.63,0,0
1508.0,410,378,63,0,315,315,0,0,15,0,0.24,245.65,7.07,0.61,0,1
1509.0,410,378,63,0,315,315,0,0,14,0,0.24,245.65,6.93,0.61,0,1
1510.0,410,378,63,0,315,315,0,0,16,0,0.24,245.65,6.53,0.58,0,0
1511.0,410,378,63,0,315,315,0,0,16,0,0.24,245.65,6.28,0.56,0,0
1512.0,410,379,64,0,315,315,0,0,20,0,0.24,245.65,6.07,0.55,0,1
1513.0,410,379,63,0,316,316,0,0,20,0,0.24,245.76,5.82,0.53,0,1
1514.0,410,379,63,0,316,316,0,0,21,0,0.24,245.76,5.79,0.52,0,0
1515.0,410,379,63,0,316,316,0,0,21,0,0.24,245.76,5.85,0.53,0,1
1516.0,410,380,64,0,316,316,0,0,23,0,0.24,245.76,5.8,0.53,0,1
1517.0,410,380,64,0,316,316,0,0,23,0,0.24,245.76,5.69,0.52,0,1
1518.0,410,380,64,0,316,316,0,0,23,0,0.24,245.76,5.65,0.52,0,1
1519.0,410,380,63,0,317,317,0,0,23,0,0.24,245.42,5.49,0.51,0,1
1520.0,410,381,62,0,319,319,0,0,24,0,0.24,245.99,5.28,0.49,0,0
1521.0,410,381,62,0,319,319,0,0,25,0,0.24,245.99,5.15,0.47,0,0
1522.0,410,381,62,0,319,319,0,0,25,0,0.24,245.99,5.11,0.48,0,0
1523.0,410,381,62,0,319,319,0,0,25,0,0.24,245.99,4.98,0.46,0,1
1524.0,410,382,61,0,321,321,0,0,29,0,0.24,246.41,4.79,0.43,0,1
1525.0,410,382,61,0,321,321,0,0,28,0,0.24,246.41,4.74,0.43,0,1
1526.0,410,382,61,0,321,321,0,0,28,0,0.24,246.41,4.65,0.42,0,1
1527.0,410,382,60,0,322,322,0,0,28,0,0.24,246.43,4.39,0.41,0,1
1528.0,410,383,61,0,322,322,0,0,29,0,0.24,246.43,4.2,0.39,0,1
1529.0,410,383,61,0,322,322,0,0,30,0,0.24,246.43,4.14,0.39,0,0
1530.0,410,383,60,0,323,323,0,0,8,0,0.24,246.50,4.91,0.46,0,1
1531.0,410,383,60,0,323,323,0,0,3,0,0.24,246.50,5.52,0.50,0,0
1532.0,410,384,61,0,323,323,0,0,3,0,0.24,246.50,6.2,0.56,0,0
1533.0,410,384,61,0,323,323,0,0,3,0,0.24,246.50,6.94,0.59,0,1
1534.0,410,384,61,0,323,323,0,0,6,0,0.24,246.50,7.34,0.62,0,1
1535.0,410,384,61,0,323,323,0,0,6,0,0.24,246.50,8.05,0.67,0,0
1536.0,410,385,61,0,324,324,0,0,6,0,0.24,246.47,8.47,0.70,0,1
1537.0,410,385,61,0,324,324,0,0,5,0,0.24,246.47,9.02,0.75,0,0
1538.0,410,385,61,0,324,324,0,0,5,0,0.24,246.47,9.25,0.76,0,1
1539.0,410,385,60,0,325,325,0,0,5,0,0.24,246.13,9.56,0.78,0,1
1540.0,410,386,61,0,325,325,0,0,6,0,0.24,246.13,9.53,0.78,0,0
1541.0,410,386,61,0,325,325,0,0,5,0,0.24,246.13,9.62,0.79,0,1
1542.0,410,386,61,0,325,325,0,0,5,0,0.24,246.13,9.66,0.79,0,1
1543.0,410,386,61,0,325,325,0,0,5,0,0.24,246.13,9.79,0.80,0,1
1544.0,410,387,62,0,325,325,0,0,6,0,0.24,246.13,9.54,0.78,0,0
1545.0,410,387,62,0,325,325,0,0,6,0,0.24,246.13,9.5,0.78,0,1
1546.0,410,387,62,0,325,325,0,0,6,0,0.24,246.13,9.12,0.75,0,1
1547.0,410,387,62,0,325,325,0,0,7,0,0.24,246.13,8.82,0.73,0,0
1548.0,410,388,63,0,325,325,0,0,10,0,0.24,246.13,8.22,0.68,0,1
1549.0,410,388,63,0,325,325,0,0,10,0,0.24,246.13,7.91,0.67,0,1
1550.0,410,388,62,0,326,326,0,0,10,0,0.24,245.83,7.23,0.61,0,1
1551.0,410,388,62,0,326,326,0,0,11,0,0.24,245.83,6.81,0.59,0,1
1552.0,410,389,63,0,326,326,0,0,14,0,0.24,245.83,6.69,0.58,0,0
1553.0,410,389,63,0,326,326,0,0,14,0,0.24,245.83,6.69,0.58,0,1
1554.0,410,389,63,0,326,326,0,0,14,0,0.24,245.83,6.66,0.59,0,1
1555.0,410,389,62,0,327,327,0,0,17,0,0.24,245.90,6.56,0.58,0,1
1556.0,410,390,63,0,327,327,0,0,18,0,0.24,245.90,6.38,0.56,0,1
1557.0,410,390,62,0,328,328,0,0,17,0,0.24,245.54,6.54,0.57,0,0
1558.0,410,390,62,0,328,328,0,0,18,0,0.24,245.54,6.57,0.57,0,1
1559.0,410,390,62,0,328,328,0,0,19,0,0.24,245.54,6.78,0.59,0,1
1560.0,410,391,63,0,328,328,0,0,19,0,0.24,245.54,6.89,0.60,0,0
1561.0,410,391,63,0,328,328,0,0,17,0,0.24,245.54,7.07,0.60,0,1
1562.0,410,391,63,0,328,328,0,0,16,0,0.24,245.54,7.01,0.61,0,1
1563.0,410,391,63,0,328,328,0,0,16,0,0.24,245.54,7.08,0.61,0,0
1564.0,410,392,64,0,328,328,0,0,17,0,0.23,245.54,7.0,0.60,0,1
1565.0,410,392,64,0,328,328,0,0,16,0,0.23,245.54,7.23,0.63,0,1
1566.0,410,392,63,0,329,329,0,0,16,0,0.23,245.43,7.29,0.63,0,0
1567.0,410,392,63,0,329,329,0,0,16,0,0.23,245.43,7.28,0.63,0,1
1568.0,410,393,64,0,329,329,0,0,17,0,0.23,245.43,7.1,0.61,0,1
1569.0,410,393,64,0,329,329,0,0,16,0,0.23,245.43,7.08,0.61,0,0
1570.0,410,393,63,0,330,330,0,0,16,0,0.23,246.05,7.2,0.61,0,1
1571.0,410,393,62,0,331,331,0,0,17,0,0.23,246.63,7.35,0.62,0,1
1572.0,410,394,63,0,331,331,0,0,18,0,0.23,246.63,7.26,0.61,0,0
1573.0,410,394,62,0,332,332,0,0,17,0,0.23,246.63,7.32,0.62,0,1
1574.0,410,394,62,0,332,332,0,0,18,0,0.23,246.63,7.22,0.60,0,1
1575.0,410,394,62,0,332,332,0,0,6,0,0.23,246.63,7.66,0.64,0,0
1576.0,410,395,63,0,332,332,0,0,4,0,0.23,246.63,8.05,0.67,0,1
1577.0,410,395,63,0,332,332,0,0,3,0,0.23,246.63,8.43,0.69,0,1
1578.0,410,395,62,0,333,333,0,0,3,0,0.23,246.12,8.78,0.72,0,1
1579.0,410,395,62,0,333,333,0,0,3,0,0.23,246.12,8.99,0.73,0,1
1580.0,410,396,63,0,333,333,0,0,4,0,0.23,246.12,9.04,0.74,0,1
1581.0,410,396,63,0,333,333,0,0,3,0,0.23,246.12,9.34,0.76,0,1
1582.0,410,396,63,0,333,333,0,0,3,0,0.23,246.12,9.68,0.79,0,1
1583.0,410,396,63,0,333,333,0,0,3,0,0.23,246.12,9.86,0.80,0,0
1584.0,410,397,63,0,334,334,0,0,4,0,0.23,245.76,9.96,0.81,0,0
1585.0,410,397,63,0,334,334,0,0,3,0,0.23,245.76,10.01,0.82,0,1
1586.0,410,397,62,0,335,335,0,0,3,0,0.23,245.70,9.92,0.82,0,1
1587.0,410,397,61,0,336,336,0,0,3,0,0.23,246.05,9.99,0.82,0,1
1588.0,410,398,62,0,336,336,0,0,4,0,0.23,246.05,9.83,0.82,0,1
1589.0,410,398,62,0,336,336,0,0,3,0,0.23,246.05,9.63,0.81,0,0
1590.0,410,398,61,0,337,337,0,0,2,0,0.23,246.12,9.42,0.78,0,1
1591.0,410,398,61,0,337,337,0,0,3,0,0.23,246.12,9.4,0.78,0,1
1592.0,410,399,62,0,337,337,0,0,5,0,0.23,246.12,9.18,0.76,0,0
1593.0,410,399,62,0,337,337,0,0,6,0,0.23,246.12,9.23,0.77,0,1
1594.0,410,399,62,0,337,337,0,0,6,0,0.23,246.12,9.2,0.77,0,1
1595.0,410,399,61,0,338,338,0,0,6,0,0.23,246.81,9.08,0.76,0,1
1596.0,410,400,62,0,338,338,0,0,8,0,0.23,246.81,8.89,0.74,0,1
1597.0,410,400,62,0,338,338,0,0,8,0,0.23,246.81,8.78,0.73,0,0
1598.0,410,400,62,0,338,338,0,0,8,0,0.23,246.81,8.5,0.71,0,1
1599.0,410,400,62,0,338,338,0,0,10,0,0.23,246.81,8.26,0.70,0,1
1600.0,410,401,63,0,338,338,0,0,10,0,0.23,246.81,7.91,0.68,0,0
1601.0,410,401,59,0,342,342,0,0,9,0,0.23,246.69,7.34,0.62,0,1
1602.0,410,401,59,0,342,342,0,0,10,0,0.23,246.69,7.27,0.62,0,1
1603.0,410,401,59,0,342,342,0,0,11,0,0.23,246.69,7.39,0.63,0,1
1604.0,410,402,59,0,343,343,0,0,14,0,0.23,246.09,7.09,0.60,0,1
1605.0,410,402,59,0,343,343,0,0,14,0,0.23,246.09,6.97,0.61,0,0
1606.0,410,402,59,0,343,343,0,0,14,0,0.23,246.09,6.79,0.59,0,1
1607.0,410,402,59,0,343,343,0,0,17,0,0.23,246.09,6.88,0.58,0,1
1608.0,410,403,60,0,343,343,0,0,18,0,0.23,246.09,6.87,0.58,0,0
1609.0,410,403,58,0,345,345,0,0,17,0,0.23,245.24,6.65,0.57,0,0
1610.0,410,403,58,0,345,345,0,0,17,0,0.23,245.24,6.63,0.56,0,1
1611.0,410,403,57,0,346,346,0,0,19,0,0.23,244.72,6.51,0.56,0,1
1612.0,410,404,57,0,347,347,0,0,21,0,0.23,244.72,6.17,0.53,0,1
1613.0,410,404,57,0,347,347,0,0,21,0,0.23,244.72,6.0,0.52,0,0
1614.0,410,404,57,0,347,347,0,0,21,0,0.23,244.72,6.0,0.53,0,0
1615.0,410,404,57,0,347,347,0,0,22,0,0.23,244.72,5.79,0.50,0,1
1616.0,410,405,58,0,347,347,0,0,23,0,0.23,244.72,5.38,0.47,0,1
1617.0,410,405,58,0,347,347,0,0,23,0,0.23,244.72,5.24,0.47,0,1
1618.0,410,405,57,0,348,348,0,0,24,0,0.23,244.66,5.08,0.45,0,0
1619.0,410,405,57,0,348,348,0,0,24,0,0.23,244.66,4.93,0.44,0,0
1620.0,410,406,58,0,348,348,0,0,5,0,0.23,244.66,5.85,0.52,0,1
1621.0,410,406,58,0,348,348,0,0,2,0,0.23,244.66,6.79,0.58,0,1
1622.0,410,406,58,0,348,348,0,0,2,0,0.23,244.66,7.48,0.64,0,0
1623.0,410,406,56,0,350,350,0,0,2,0,0.23,244.62,7.48,0.63,0,1
1624.0,410,407,55,0,352,352,0,0,5,0,0.23,243.82,7.69,0.64,0,1
1625.0,410,407,55,0,352,352,0,0,4,0,0.23,243.82,8.08,0.68,0,0
1626.0,410,407,55,0,352,352,0,0,6,0,0.23,243.82,8.24,0.69,0,1
1627.0,410,407,55,0,352,352,0,0,8,0,0.23,243.82,8.51,0.69,0,1
1628.0,410,408,56,0,352,352,0,0,10,0,0.23,243.82,8.6,0.71,0,1
1629.0,410,408,56,0,352,352,0,0,9,0,0.23,243.82,8.82,0.72,0,1
1630.0,410,408,56,0,352,352,0,0,9,0,0.23,243.82,8.9,0.73,0,0
1631.0,410,408,56,0,352,352,0,0,9,0,0.23,243.82,8.87,0.72,0,0
1632.0,410,409,57,0,352,352,0,0,10,0,0.22,243.82,8.85,0.71,0,1
1633.0,410,409,57,0,352,352,0,0,9,0,0.22,243.82,8.85,0.72,0,1
1634.0,410,409,57,0,352,352,0,0,9,0,0.22,243.82,8.56,0.70,0,1
1635.0,410,409,57,0,352,352,0,0,9,0,0.22,243.82,8.4,0.68,0,0
1636.0,450,410,58,0,352,352,0,0,11,0,0.22,243.82,8.0,0.65,0,2
1637.0,450,410,58,0,352,352,0,0,11,0,0.22,243.82,7.84,0.64,0,1
1638.0,450,410,58,0,352,352,0,0,11,0,0.22,243.82,7.89,0.64,0,1
1639.0,450,410,58,0,352,352,0,0,13,0,0.22,243.82,7.98,0.65,0,0
1640.0,450,411,59,0,352,352,0,0,14,0,0.22,243.82,7.86,0.63,0,1
1641.0,450,411,59,0,352,352,0,0,15,0,0.22,243.82,7.81,0.63,0,1
1642.0,450,411,59,0,352,352,0,0,15,0,0.22,243.82,7.86,0.63,0,0
1643.0,450,411,59,0,352,352,0,0,15,0,0.22,243.82,7.92,0.65,0,1
1644.0,450,412,60,0,352,352,0,0,17,0,0.22,243.82,7.69,0.63,0,1
1645.0,450,412,59,0,353,353,0,0,16,0,0.22,243.52,7.52,0.61,0,1
1646.0,450,412,59,0,353,353,0,0,16,0,0.22,243.52,7.22,0.59,0,0
1647.0,450,412,59,0,353,353,0,0,16,0,0.22,243.52,7.05,0.58,0,1
1648.0,450,413,60,0,353,353,0,0,17,0,0.22,243.52,6.99,0.58,0,1
1649.0,450,413,60,0,353,353,0,0,16,0,0.22,243.52,6.95,0.58,0,1
1650.0,450,413,59,0,354,354,0,0,15,0,0.22,243.42,7.12,0.60,0,1
1651.0,450,413,59,0,354,354,0,0,15,0,0.22,243.42,7.28,0.61,0,0
1652.0,450,414,60,0,354,354,0,0,17,0,0.22,243.42,7.23,0.62,0,0
1653.0,450,414,60,0,354,354,0,0,16,0,0.22,243.42,7.15,0.60,0,0
1654.0,450,414,60,0,354,354,0,0,16,0,0.22,243.42,7.04,0.57,0,1
1655.0,450,414,60,0,354,354,0,0,17,0,0.22,243.42,6.91,0.57,0,1
1656.0,450,415,60,0,355,355,0,0,20,0,0.22,243.74,6.61,0.55,0,0
1657.0,450,415,60,0,355,355,0,0,18,0,0.22,243.74,6.55,0.54,0,1
1658.0,450,415,59,0,356,356,0,0,18,0,0.22,244.30,6.26,0.52,0,1
1659.0,450,415,59,0,356,356,0,0,18,0,0.22,244.30,6.35,0.54,0,1
1660.0,450,416,59,0,357,357,0,0,19,0,0.22,244.42,6.3,0.53,0,1
1661.0,450,416,59,0,357,357,0,0,19,0,0.22,244.42,6.54,0.54,0,0
1662.0,450,416,59,0,357,357,0,0,19,0,0.22,244.42,6.72,0.56,0,0
1663.0,450,416,59,0,357,357,0,0,19,0,0.22,244.42,6.86,0.57,0,1
1664.0,450,417,60,0,357,357,0,0,20,0,0.22,244.42,6.48,0.53,0,1
1665.0,450,417,60,0,357,357,0,0,9,0,0.22,244.42,6.79,0.55,0,1
1666.0,450,417,60,0,357,357,0,0,7,0,0.22,244.42,7.08,0.59,0,1
1667.0,450,417,60,0,357,357,0,0,7,0,0.22,244.42,7.57,0.63,0,1
1668.0,450,418,61,0,357,357,0,0,9,0,0.22,244.42,7.92,0.66,0,1
1669.0,450,418,61,0,357,357,0,0,8,0,0.22,244.42,8.33,0.69,0,0
1670.0,450,418,61,0,357,357,0,0,6,0,0.22,244.42,8.74,0.71,0,1
1671.0,450,418,61,0,357,357,0,0,7,0,0.22,244.42,8.93,0.73,0,1
1672.0,450,419,62,0,357,357,0,0,8,0,0.22,244.42,8.91,0.73,0,0
1673.0,450,419,62,0,357,357,0,0,7,0,0.22,244.42,9.03,0.75,0,1
1674.0,450,419,62,0,357,357,0,0,8,0,0.22,244.42,8.98,0.74,0,1
1675.0,450,419,62,0,357,357,0,0,8,0,0.22,244.42,8.93,0.74,0,1
1676.0,450,420,63,0,357,357,0,0,10,0,0.22,244.42,8.74,0.72,0,1
1677.0,450,420,63,0,357,357,0,0,9,0,0.22,244.42,8.61,0.72,0,1
1678.0,450,420,62,0,358,358,0,0,9,0,0.22,244.48,8.41,0.70,0,0
1679.0,450,420,61,0,359,359,0,0,10,0,0.22,244.45,8.19,0.69,0,1
1680.0,450,421,61,0,360,360,0,0,11,0,0.22,244.90,7.62,0.64,0,1
1681.0,450,421,61,0,360,360,0,0,10,0,0.22,244.90,7.4,0.66,0,1
1682.0,450,421,61,0,360,360,0,0,10,0,0.22,244.90,7.28,0.65,0,0
1683.0,450,421,60,0,361,361,0,0,11,0,0.22,244.85,7.22,0.65,0,0
1684.0,450,422,61,0,361,361,0,0,13,0,0.22,244.85,7.37,0.65,0,0
1685.0,450,422,61,0,361,361,0,0,13,0,0.22,244.85,7.39,0.66,0,1
1686.0,450,422,61,0,361,361,0,0,13,0,0.22,244.85,7.3,0.64,0,1
1687.0,450,422,61,0,361,361,0,0,13,0,0.22,244.85,7.4,0.65,0,0
1688.0,450,423,62,0,361,361,0,0,15,0,0.22,244.85,7.21,0.63,0,1
1689.0,450,423,61,0,362,362,0,0,14,0,0.22,244.38,7.25,0.64,0,1
1690.0,450,423,60,0,363,363,0,0,15,0,0.22,244.03,7.3,0.64,0,0
1691.0,450,423,60,0,363,363,0,0,15,0,0.22,244.03,7.39,0.65,0,1
1692.0,450,424,61,0,363,363,0,0,16,0,0.22,244.03,7.44,0.66,0,1
1693.0,450,424,61,0,363,363,0,0,15,0,0.22,244.03,7.4,0.65,0,0
1694.0,450,424,61,0,363,363,0,0,15,0,0.22,244.03,7.35,0.64,0,1
1695.0,450,424,61,0,363,363,0,0,15,0,0.22,244.03,7.38,0.65,0,1
1696.0,450,425,62,0,363,363,0,0,16,0,0.22,244.03,7.22,0.64,0,1
1697.0,450,425,62,0,363,363,0,0,15,0,0.22,244.03,7.12,0.63,0,0
1698.0,450,425,61,0,364,364,0,0,15,0,0.22,244.22,6.92,0.61,0,1
1699.0,450,425,61,0,364,364,0,0,16,0,0.22,244.22,6.84,0.61,0,1
1700.0,450,426,62,0,364,364,0,0,17,0,0.22,244.22,6.62,0.58,0,1
1701.0,450,426,62,0,364,364,0,0,18,0,0.22,244.22,6.43,0.57,0,0
1702.0,450,426,61,0,365,365,0,0,19,0,0.22,244.24,6.0,0.55,0,1
1703.0,450,426,60,0,366,366,0,0,21,0,0.22,244.64,5.85,0.54,0,0
1704.0,450,427,61,0,366,366,0,0,22,0,0.22,244.64,5.76,0.53,0,1
1705.0,450,427,61,0,366,366,0,0,22,0,0.22,244.64,5.87,0.54,0,1
1706.0,450,427,61,0,366,366,0,0,23,0,0.22,244.64,5.84,0.53,0,1
1707.0,450,427,61,0,366,366,0,0,23,0,0.22,244.64,5.94,0.55,0,1
1708.0,450,428,61,0,367,367,0,0,24,0,0.21,244.23,5.79,0.54,0,0
1709.0,450,428,61,0,367,367,0,0,23,0,0.21,244.23,5.75,0.53,0,0
1710.0,450,428,61,0,367,367,0,0,8,0,0.21,244.23,6.21,0.56,0,1
1711.0,450,428,60,0,368,368,0,0,9,0,0.21,244.24,6.43,0.57,0,1
1712.0,450,429,61,0,368,368,0,0,10,0,0.21,244.24,6.65,0.58,0,0
1713.0,450,429,61,0,368,368,0,0,9,0,0.21,244.24,6.87,0.61,0,1
1714.0,450,429,61,0,368,368,0,0,9,0,0.21,244.24,7.08,0.63,0,1
1715.0,450,429,61,0,368,368,0,0,9,0,0.21,244.24,7.3,0.64,0,1
1716.0,450,430,62,0,368,368,0,0,10,0,0.21,244.24,7.32,0.64,0,0
1717.0,450,430,62,0,368,368,0,0,11,0,0.21,244.24,7.41,0.63,0,1
1718.0,450,430,62,0,368,368,0,0,12,0,0.21,244.24,7.71,0.68,0,1
1719.0,450,430,62,0,368,368,0,0,12,0,0.21,244.24,7.92,0.71,0,0
1720.0,450,431,63,0,368,368,0,0,13,0,0.21,244.24,7.99,0.72,0,1
1721.0,450,431,63,0,368,368,0,0,12,0,0.21,244.24,7.94,0.69,0,1
1722.0,450,431,63,0,368,368,0,0,12,0,0.21,244.24,8.16,0.71,0,0
1723.0,450,431,63,0,368,368,0,0,12,0,0.21,244.24,8.22,0.72,0,1
1724.0,450,432,64,0,368,368,0,0,13,0,0.21,244.24,8.11,0.71,0,1
1725.0,450,432,64,0,368,368,0,0,12,0,0.21,244.24,8.0,0.70,0,1
1726.0,450,432,63,0,369,369,0,0,12,0,0.21,244.21,7.73,0.68,0,1
1727.0,450,432,62,0,370,370,0,0,13,0,0.21,244.24,7.61,0.67,0,1
1728.0,450,433,63,0,370,370,0,0,14,0,0.21,244.24,7.42,0.66,0,1
1729.0,450,433,63,0,370,370,0,0,14,0,0.21,244.24,7.41,0.67,0,0
1730.0,450,433,63,0,370,370,0,0,14,0,0.21,244.24,7.21,0.66,0,0
1731.0,450,433,63,0,370,370,0,0,14,0,0.21,244.24,7.0,0.63,0,1
1732.0,450,434,64,0,370,370,0,0,15,0,0.21,244.24,6.86,0.63,0,1
1733.0,450,434,64,0,370,370,0,0,14,0,0.21,244.24,6.77,0.62,0,1
1734.0,450,434,64,0,370,370,0,0,14,0,0.21,244.24,6.71,0.61,0,1
1735.0,450,434,63,0,371,371,0,0,15,0,0.21,244.58,6.99,0.62,0,1
1736.0,450,435,64,0,371,371,0,0,16,0,0.21,244.58,6.9,0.63,0,0
1737.0,450,435,63,0,372,372,0,0,16,0,0.21,245.25,6.94,0.64,0,1
1738.0,450,435,63,0,372,372,0,0,16,0,0.21,245.25,6.92,0.62,0,0
1739.0,450,435,63,0,372,372,0,0,16,0,0.21,245.25,6.95,0.64,0,1
1740.0,450,436,64,0,372,372,0,0,16,0,0.21,245.25,6.72,0.61,0,1
1741.0,450,436,64,0,372,372,0,0,14,0,0.21,245.25,6.68,0.61,0,1
1742.0,450,436,64,0,372,372,0,0,14,0,0.21,245.25,6.74,0.61,0,1
1743.0,450,436,63,0,373,373,0,0,14,0,0.21,245.03,6.77,0.61,0,1
1744.0,450,437,64,0,373,373,0,0,15,0,0.21,245.03,6.74,0.61,0,0
1745.0,450,437,64,0,373,373,0,0,14,0,0.21,245.03,6.92,0.64,0,1
1746.0,450,437,64,0,373,373,0,0,15,0,0.21,245.03,7.03,0.64,0,1
1747.0,450,437,64,0,373,373,0,0,15,0,0.21,245.03,7.07,0.65,0,0
1748.0,450,438,65,0,373,373,0,0,15,0,0.21,245.03,6.95,0.64,0,1
1749.0,450,438,65,0,373,373,0,0,14,0,0.21,245.03,6.96,0.64,0,0
1750.0,450,438,65,0,373,373,0,0,14,0,0.21,245.03,7.18,0.65,0,1
1751.0,450,438,65,0,373,373,0,0,14,0,0.21,245.03,7.19,0.65,0,1
1752.0,450,439,66,0,373,373,0,0,17,0,0.21,245.03,6.83,0.63,0,1
1753.0,450,439,66,0,373,373,0,0,16,0,0.21,245.03,6.8,0.64,0,0
1754.0,450,439,65,0,374,374,0,0,16,0,0.21,244.90,6.65,0.63,0,1
1755.0,450,439,65,0,374,374,0,0,10,0,0.21,244.90,6.95,0.65,0,0
1756.0,450,440,66,0,374,374,0,0,10,0,0.21,244.90,7.08,0.66,0,1
1757.0,450,440,66,0,374,374,0,0,9,0,0.21,244.90,7.29,0.68,0,1
1758.0,450,440,66,0,374,374,0,0,9,0,0.21,244.90,7.28,0.68,0,1
1759.0,450,440,66,0,374,374,0,0,10,0,0.21,244.90,7.32,0.68,0,0
1760.0,450,441,67,0,374,374,0,0,10,0,0.21,244.90,7.27,0.68,0,1
1761.0,450,441,67,0,374,374,0,0,11,0,0.21,244.90,7.36,0.68,0,1
1762.0,450,441,67,0,374,374,0,0,12,0,0.21,244.90,7.57,0.68,0,1
1763.0,450,441,67,0,374,374,0,0,13,0,0.21,244.90,7.53,0.69,0,1
1764.0,450,442,68,0,374,374,0,0,14,0,0.21,244.90,7.19,0.66,0,0
1765.0,450,442,67,0,375,375,0,0,14,0,0.21,244.53,6.72,0.64,0,1
1766.0,450,442,67,0,375,375,0,0,15,0,0.21,244.53,6.38,0.62,0,1
1767.0,450,442,67,0,375,375,0,0,16,0,0.21,244.53,6.33,0.62,0,1
1768.0,450,443,67,0,376,376,0,0,20,0,0.21,244.64,6.36,0.62,0,0
1769.0,450,443,67,0,376,376,0,0,19,0,0.21,244.64,6.42,0.61,0,1
1770.0,450,443,66,0,377,377,0,0,20,0,0.21,244.65,6.43,0.61,0,1
1771.0,450,443,65,0,378,378,0,0,20,0,0.21,244.04,6.37,0.61,0,0
1772.0,450,444,66,0,378,378,0,0,21,0,0.21,244.04,6.35,0.60,0,0
1773.0,450,444,66,0,378,378,0,0,20,0,0.21,244.04,6.38,0.60,0,0
1774.0,450,444,66,0,378,378,0,0,20,0,0.21,244.04,6.37,0.60,0,1
1775.0,450,444,66,0,378,378,0,0,20,0,0.21,244.04,6.3,0.60,0,1
1776.0,450,445,67,0,378,378,0,0,22,0,0.21,244.04,6.11,0.57,0,1
1777.0,450,445,67,0,378,378,0,0,21,0,0.21,244.04,6.19,0.59,0,0
1778.0,450,445,67,0,378,378,0,0,21,0,0.21,244.04,6.22,0.61,0,0
1779.0,450,445,67,0,378,378,0,0,21,0,0.21,244.04,6.15,0.58,0,0
1780.0,450,446,67,0,379,379,0,0,22,0,0.21,244.20,5.87,0.56,0,1
1781.0,450,446,67,0,379,379,0,0,21,0,0.21,244.20,5.75,0.55,0,1
1782.0,450,446,67,0,379,379,0,0,23,0,0.21,244.20,5.54,0.54,0,0
1783.0,450,446,67,0,379,379,0,0,24,0,0.21,244.20,5.46,0.53,0,0
1784.0,450,447,68,0,379,379,0,0,26,0,0.21,244.20,5.28,0.52,0,1
1785.0,450,447,67,0,380,380,0,0,25,0,0.21,244.08,5.1,0.49,0,1
1786.0,450,447,67,0,380,380,0,0,26,0,0.21,244.08,5.2,0.51,0,1
1787.0,450,447,66,0,381,381,0,0,27,0,0.21,243.91,5.16,0.50,0,0
1788.0,450,448,66,0,382,382,0,0,28,0,0.21,243.69,5.1,0.50,0,1
1789.0,450,448,66,0,382,382,0,0,27,0,0.21,243.69,5.06,0.49,0,1
1790.0,450,448,66,0,382,382,0,0,27,0,0.21,243.69,5.06,0.49,0,1
1791.0,450,448,65,0,383,383,0,0,27,0,0.21,244.23,5.07,0.49,0,1
1792.0,450,449,66,0,383,383,0,0,28,0,0.20,244.23,4.93,0.48,0,0
1793.0,450,449,66,0,383,383,0,0,28,0,0.20,244.23,4.67,0.46,0,1
1794.0,450,449,66,0,383,383,0,0,29,0,0.20,244.23,4.27,0.43,0,1
1795.0,450,449,66,0,383,383,0,0,30,0,0.20,244.23,4.02,0.42,0,0
1796.0,450,450,67,0,383,383,0,0,32,0,0.20,244.23,3.76,0.40,0,0
1797.0,450,450,67,0,383,383,0,0,31,0,0.20,244.23,3.64,0.40,0,1
1798.0,450,450,67,0,383,383,0,0,34,0,0.20,244.23,3.61,0.39,0,0
1799.0,450,450,66,0,384,384,0,0,35,0,0.20,244.12,3.51,0.37,0,0
